team,tla,coach,number,position,player,date_of_birth,caps,goals,club
Czech Republic,CZE,Miroslav Koubek,,1GK,Matěj Kovář,"(2000-05-17)May 17, 2000 (aged 26)",19,0,PSV Eindhoven
Czech Republic,CZE,Miroslav Koubek,,1GK,Jindřich Staněk,"(1996-04-27)April 27, 1996 (aged 30)",14,0,Slavia Prague
Czech Republic,CZE,Miroslav Koubek,,1GK,Lukáš Horníček,"(2002-07-13)July 13, 2002 (aged 23)",0,0,Braga
Czech Republic,CZE,Miroslav Koubek,,2DF,Vladimír Coufal,"(1992-08-22)August 22, 1992 (aged 33)",61,2,TSG Hoffenheim
Czech Republic,CZE,Miroslav Koubek,,2DF,Tomáš Holeš,"(1993-03-31)March 31, 1993 (aged 33)",39,2,Slavia Prague
Czech Republic,CZE,Miroslav Koubek,,2DF,Ladislav Krejčí(captain),"(1999-04-20)April 20, 1999 (aged 27)",25,5,Wolverhampton Wanderers
Czech Republic,CZE,Miroslav Koubek,,2DF,David Zima,"(2000-11-08)November 8, 2000 (aged 25)",24,1,Slavia Prague
Czech Republic,CZE,Miroslav Koubek,,2DF,Jaroslav Zelený,"(1992-08-20)August 20, 1992 (aged 33)",21,0,Sparta Prague
Czech Republic,CZE,Miroslav Koubek,,2DF,David Jurásek,"(2000-08-07)August 7, 2000 (aged 25)",16,1,Slavia Prague
Czech Republic,CZE,Miroslav Koubek,,2DF,David Douděra,"(1998-05-31)May 31, 1998 (aged 28)",15,2,Slavia Prague
Czech Republic,CZE,Miroslav Koubek,,2DF,Robin Hranáč,"(2000-01-29)January 29, 2000 (aged 26)",12,1,TSG Hoffenheim
Czech Republic,CZE,Miroslav Koubek,,2DF,Štěpán Chaloupek,"(2003-03-08)March 8, 2003 (aged 23)",3,0,Slavia Prague
Czech Republic,CZE,Miroslav Koubek,,3MF,Tomáš Souček,"(1995-02-27)February 27, 1995 (aged 31)",89,17,West Ham United
Czech Republic,CZE,Miroslav Koubek,,3MF,Vladimír Darida,"(1990-08-08)August 8, 1990 (aged 35)",78,8,Hradec Králové
Czech Republic,CZE,Miroslav Koubek,,3MF,Lukáš Provod,"(1996-10-23)October 23, 1996 (aged 29)",37,3,Slavia Prague
Czech Republic,CZE,Miroslav Koubek,,3MF,Michal Sadílek,"(1999-05-31)May 31, 1999 (aged 27)",33,1,Slavia Prague
Czech Republic,CZE,Miroslav Koubek,,3MF,Pavel Šulc,"(2000-12-29)December 29, 2000 (aged 25)",20,5,Lyon
Czech Republic,CZE,Miroslav Koubek,,3MF,Lukáš Červ,"(2001-04-10)April 10, 2001 (aged 25)",15,2,Viktoria Plzeň
Czech Republic,CZE,Miroslav Koubek,,3MF,Tomáš Ladra,"(1997-05-24)May 24, 1997 (aged 29)",1,0,Viktoria Plzeň
Czech Republic,CZE,Miroslav Koubek,,3MF,Pavel Bucha,"(1998-03-11)March 11, 1998 (aged 28)",0,0,FC Cincinnati
Czech Republic,CZE,Miroslav Koubek,,3MF,Hugo Sochůrek,"(2008-06-07)June 7, 2008 (aged 18)",0,0,Sparta Prague
Czech Republic,CZE,Miroslav Koubek,,3MF,Alexandr Sojka,"(2003-04-02)April 2, 2003 (aged 23)",0,0,Viktoria Plzeň
Czech Republic,CZE,Miroslav Koubek,,3MF,Denis Višinský,"(2003-03-21)March 21, 2003 (aged 23)",0,0,Viktoria Plzeň
Czech Republic,CZE,Miroslav Koubek,,4FW,Patrik Schick,"(1996-01-24)January 24, 1996 (aged 30)",52,25,Bayer Leverkusen
Czech Republic,CZE,Miroslav Koubek,,4FW,Adam Hložek,"(2002-07-25)July 25, 2002 (aged 23)",41,4,TSG Hoffenheim
Czech Republic,CZE,Miroslav Koubek,,4FW,Jan Kuchta,"(1997-01-08)January 8, 1997 (aged 29)",30,3,Sparta Prague
Czech Republic,CZE,Miroslav Koubek,,4FW,Tomáš Chorý,"(1995-01-26)January 26, 1995 (aged 31)",21,6,Slavia Prague
Czech Republic,CZE,Miroslav Koubek,,4FW,Mojmír Chytil,"(1999-04-29)April 29, 1999 (aged 27)",21,6,Slavia Prague
Czech Republic,CZE,Miroslav Koubek,,4FW,Christophe Kabongo,"(2003-08-27)August 27, 2003 (aged 22)",0,0,Mladá Boleslav
Mexico,MEX,Javier Aguirre,,1GK,Guillermo Ochoa,"(1985-07-13)July 13, 1985 (aged 40)",151,0,AEL Limassol
Mexico,MEX,Javier Aguirre,,1GK,Raúl Rangel,"(2000-02-25)February 25, 2000 (aged 26)",12,0,Guadalajara
Mexico,MEX,Javier Aguirre,,1GK,Carlos Acevedo,"(1996-04-19)April 19, 1996 (aged 30)",7,0,Santos Laguna
Mexico,MEX,Javier Aguirre,,1GK,José Antonio Rodríguez,"(1992-07-04)July 4, 1992 (aged 33)",2,0,Tijuana
Mexico,MEX,Javier Aguirre,,1GK,Carlos Moreno,"(1998-01-29)January 29, 1998 (aged 28)",0,0,Pachuca
Mexico,MEX,Javier Aguirre,,1GK,Alex Padilla,"(2003-09-01)September 1, 2003 (aged 22)",0,0,Athletic Bilbao
Mexico,MEX,Javier Aguirre,,2DF,Jesús Gallardo,"(1994-08-15)August 15, 1994 (aged 31)",119,3,Toluca
Mexico,MEX,Javier Aguirre,,2DF,César Montes,"(1997-02-24)February 24, 1997 (aged 29)",65,4,Lokomotiv Moscow
Mexico,MEX,Javier Aguirre,,2DF,Jorge Sánchez,"(1997-12-10)December 10, 1997 (aged 28)",57,3,PAOK
Mexico,MEX,Javier Aguirre,,2DF,Johan Vásquez,"(1998-10-22)October 22, 1998 (aged 27)",44,1,Genoa
Mexico,MEX,Javier Aguirre,,2DF,Israel Reyes,"(2000-05-23)May 23, 2000 (aged 26)",32,2,América
Mexico,MEX,Javier Aguirre,,2DF,Jesús Alberto Angulo,"(1998-01-30)January 30, 1998 (aged 28)",19,0,UANL
Mexico,MEX,Javier Aguirre,,2DF,Julián Araujo,"(2001-08-13)August 13, 2001 (aged 24)",16,0,Celtic
Mexico,MEX,Javier Aguirre,,2DF,Mateo Chávez,"(2004-05-11)May 11, 2004 (aged 22)",8,0,AZ
Mexico,MEX,Javier Aguirre,,2DF,Víctor Guzmán,"(2002-03-07)March 7, 2002 (aged 24)",6,0,Monterrey
Mexico,MEX,Javier Aguirre,,2DF,Richard Ledezma,"(2000-09-06)September 6, 2000 (aged 25)",3,1,Guadalajara
Mexico,MEX,Javier Aguirre,,2DF,Everardo López,"(2005-03-23)March 23, 2005 (aged 21)",3,0,Toluca
Mexico,MEX,Javier Aguirre,,2DF,Alejandro Gómez,"(2002-01-31)January 31, 2002 (aged 24)",2,0,Tijuana
Mexico,MEX,Javier Aguirre,,2DF,Bryan González,"(2003-04-10)April 10, 2003 (aged 23)",2,0,Guadalajara
Mexico,MEX,Javier Aguirre,,2DF,Ramón Juárez,"(2001-05-03)May 3, 2001 (aged 25)",2,0,América
Mexico,MEX,Javier Aguirre,,3MF,Edson Álvarez(captain),"(1997-10-24)October 24, 1997 (aged 28)",96,7,Fenerbahçe
Mexico,MEX,Javier Aguirre,,3MF,Orbelín Pineda,"(1996-03-24)March 24, 1996 (aged 30)",90,12,AEK Athens
Mexico,MEX,Javier Aguirre,,3MF,Carlos Rodríguez,"(1997-01-03)January 3, 1997 (aged 29)",67,0,Cruz Azul
Mexico,MEX,Javier Aguirre,,3MF,Roberto Alvarado,"(1998-09-07)September 7, 1998 (aged 27)",66,5,Guadalajara
Mexico,MEX,Javier Aguirre,,3MF,Luis Romo,"(1995-06-05)June 5, 1995 (aged 31)",61,4,Guadalajara
Mexico,MEX,Javier Aguirre,,3MF,Luis Chávez,"(1996-01-15)January 15, 1996 (aged 30)",43,4,Dynamo Moscow
Mexico,MEX,Javier Aguirre,,3MF,Érick Sánchez,"(1999-09-27)September 27, 1999 (aged 26)",38,3,América
Mexico,MEX,Javier Aguirre,,3MF,Diego Lainez,"(2000-06-09)June 9, 2000 (aged 26)",33,3,UANL
Mexico,MEX,Javier Aguirre,,3MF,Érik Lira,"(2000-05-08)May 8, 2000 (aged 26)",23,0,Cruz Azul
Mexico,MEX,Javier Aguirre,,3MF,Marcel Ruiz,"(2000-10-26)October 26, 2000 (aged 25)",17,0,Toluca
Mexico,MEX,Javier Aguirre,,3MF,Efraín Álvarez,"(2002-06-19)June 19, 2002 (aged 23)",7,1,Guadalajara
Mexico,MEX,Javier Aguirre,,3MF,Brian Gutiérrez,"(2003-06-17)June 17, 2003 (aged 22)",6,2,Guadalajara
Mexico,MEX,Javier Aguirre,,3MF,Gilberto Mora,"(2008-10-14)October 14, 2008 (aged 17)",6,0,Tijuana
Mexico,MEX,Javier Aguirre,,3MF,Alexis Gutiérrez,"(2001-02-26)February 26, 2001 (aged 25)",5,0,América
Mexico,MEX,Javier Aguirre,,3MF,Obed Vargas,"(2005-08-05)August 5, 2005 (aged 20)",5,0,Atlético Madrid
Mexico,MEX,Javier Aguirre,,3MF,Jesús Ricardo Angulo,"(1997-02-20)February 20, 1997 (aged 29)",3,1,Toluca
Mexico,MEX,Javier Aguirre,,3MF,Kevin Castañeda,"(1999-10-28)October 28, 1999 (aged 26)",3,0,Tijuana
Mexico,MEX,Javier Aguirre,,3MF,Jordán Carrillo,"(2001-11-30)November 30, 2001 (aged 24)",2,0,UNAM
Mexico,MEX,Javier Aguirre,,3MF,Álvaro Fidalgo,"(1997-04-09)April 9, 1997 (aged 29)",2,0,Real Betis
Mexico,MEX,Javier Aguirre,,3MF,Jorge Ruvalcaba,"(2001-07-23)July 23, 2001 (aged 24)",1,0,New York Red Bulls
Mexico,MEX,Javier Aguirre,,3MF,Alexéi Domínguez,"(2005-01-03)January 3, 2005 (aged 21)",0,0,Pachuca
Mexico,MEX,Javier Aguirre,,3MF,Jeremy Márquez,"(2000-06-21)June 21, 2000 (aged 25)",0,0,Cruz Azul
Mexico,MEX,Javier Aguirre,,3MF,Elías Montiel,"(2005-10-07)October 7, 2005 (aged 20)",0,0,Pachuca
Mexico,MEX,Javier Aguirre,,4FW,Raúl Jiménez,"(1991-05-05)May 5, 1991 (aged 35)",123,44,Fulham
Mexico,MEX,Javier Aguirre,,4FW,Alexis Vega,"(1997-11-25)November 25, 1997 (aged 28)",50,7,Toluca
Mexico,MEX,Javier Aguirre,,4FW,Santiago Giménez,"(2001-04-18)April 18, 2001 (aged 25)",46,6,Milan
Mexico,MEX,Javier Aguirre,,4FW,César Huerta,"(2000-12-03)December 3, 2000 (aged 25)",25,3,Anderlecht
Mexico,MEX,Javier Aguirre,,4FW,Julián Quiñones,"(1997-03-24)March 24, 1997 (aged 29)",20,2,Al-Qadsiah
Mexico,MEX,Javier Aguirre,,4FW,Guillermo Martínez,"(1995-03-15)March 15, 1995 (aged 31)",10,3,UNAM
Mexico,MEX,Javier Aguirre,,4FW,Germán Berterame,"(1998-11-13)November 13, 1998 (aged 27)",9,2,Inter Miami CF
Mexico,MEX,Javier Aguirre,,4FW,Armando González,"(2003-04-20)April 20, 2003 (aged 23)",7,1,Guadalajara
South Africa,RSA,Hugo Broos,,1GK,Ronwen Williams(captain),"(1992-01-21)January 21, 1992 (aged 34)",62,0,Mamelodi Sundowns
South Africa,RSA,Hugo Broos,,1GK,Ricardo Goss,"(1994-04-02)April 2, 1994 (aged 32)",4,0,Siwelele
South Africa,RSA,Hugo Broos,,1GK,Sipho Chaine,"(1996-12-14)December 14, 1996 (aged 29)",3,0,Orlando Pirates
South Africa,RSA,Hugo Broos,,1GK,Brandon Peterson,"(1994-09-22)September 22, 1994 (aged 31)",0,0,Kaizer Chiefs
South Africa,RSA,Hugo Broos,,2DF,Aubrey Modiba,"(1995-07-22)July 22, 1995 (aged 30)",44,3,Mamelodi Sundowns
South Africa,RSA,Hugo Broos,,2DF,Khuliso Mudau,"(1995-04-26)April 26, 1995 (aged 31)",32,1,Mamelodi Sundowns
South Africa,RSA,Hugo Broos,,2DF,Nkosinathi Sibisi,"(1995-09-22)September 22, 1995 (aged 30)",19,0,Orlando Pirates
South Africa,RSA,Hugo Broos,,2DF,Mbekezeli Mbokazi,"(2005-09-19)September 19, 2005 (aged 20)",10,1,Chicago Fire
South Africa,RSA,Hugo Broos,,2DF,Ime Okon,"(2004-02-20)February 20, 2004 (aged 22)",7,1,Hannover 96
South Africa,RSA,Hugo Broos,,2DF,Samukele Kabini,"(2004-03-15)March 15, 2004 (aged 22)",5,0,Molde
South Africa,RSA,Hugo Broos,,2DF,Khulumani Ndamane,"(2004-02-05)February 5, 2004 (aged 22)",5,0,Mamelodi Sundowns
South Africa,RSA,Hugo Broos,,2DF,Thabang Matuludi,"(1999-01-14)January 14, 1999 (aged 27)",2,0,Polokwane City
South Africa,RSA,Hugo Broos,,2DF,Thabiso Monyane,"(2000-04-30)April 30, 2000 (aged 26)",2,0,Kaizer Chiefs
South Africa,RSA,Hugo Broos,,2DF,Bradley Cross,"(2001-01-30)January 30, 2001 (aged 25)",0,0,Kaizer Chiefs
South Africa,RSA,Hugo Broos,,2DF,Olwethu Makhanya,"(2004-04-30)April 30, 2004 (aged 22)",0,0,Philadelphia Union
South Africa,RSA,Hugo Broos,,3MF,Teboho Mokoena,"(1997-01-24)January 24, 1997 (aged 29)",51,9,Mamelodi Sundowns
South Africa,RSA,Hugo Broos,,3MF,Sphephelo Sithole,"(1999-03-03)March 3, 1999 (aged 27)",27,1,Tondela
South Africa,RSA,Hugo Broos,,3MF,Lebohang Maboe,"(1994-09-17)September 17, 1994 (aged 31)",17,3,Kaizer Chiefs
South Africa,RSA,Hugo Broos,,3MF,Thalente Mbatha,"(2000-03-06)March 6, 2000 (aged 26)",14,3,Orlando Pirates
South Africa,RSA,Hugo Broos,,3MF,Jayden Adams,"(2001-05-05)May 5, 2001 (aged 25)",4,0,Mamelodi Sundowns
South Africa,RSA,Hugo Broos,,3MF,Brooklyn Poggenpoel,"(1999-10-03)October 3, 1999 (aged 26)",0,0,Durban City
South Africa,RSA,Hugo Broos,,4FW,Themba Zwane,"(1989-08-03)August 3, 1989 (aged 36)",53,12,Mamelodi Sundowns
South Africa,RSA,Hugo Broos,,4FW,Thapelo Morena,"(1993-08-06)August 6, 1993 (aged 32)",33,3,Mamelodi Sundowns
South Africa,RSA,Hugo Broos,,4FW,Lyle Foster,"(2000-05-09)May 9, 2000 (aged 26)",26,10,Burnley
South Africa,RSA,Hugo Broos,,4FW,Evidence Makgopa,"(2000-06-05)June 5, 2000 (aged 26)",26,6,Orlando Pirates
South Africa,RSA,Hugo Broos,,4FW,Oswin Appollis,"(2001-08-25)August 25, 2001 (aged 24)",25,8,Orlando Pirates
South Africa,RSA,Hugo Broos,,4FW,Iqraam Rayners,"(1995-12-19)December 19, 1995 (aged 30)",13,4,Mamelodi Sundowns
South Africa,RSA,Hugo Broos,,4FW,Relebohile Mofokeng,"(2004-10-23)October 23, 2004 (aged 21)",12,0,Orlando Pirates
South Africa,RSA,Hugo Broos,,4FW,Thapelo Maseko,"(2003-11-11)November 11, 2003 (aged 22)",9,1,AEL Limassol
South Africa,RSA,Hugo Broos,,4FW,Tshepang Moremi,"(2000-10-02)October 2, 2000 (aged 25)",9,1,Orlando Pirates
South Africa,RSA,Hugo Broos,,4FW,Patrick Maswanganyi,"(1998-04-04)April 4, 1998 (aged 28)",5,2,Orlando Pirates
South Africa,RSA,Hugo Broos,,4FW,Kamogelo Sebelebele,"(2002-07-21)July 21, 2002 (aged 23)",2,0,Orlando Pirates
South Korea,KOR,Hong Myung-bo,,1GK,Kim Seung-gyu,"(1990-09-30)September 30, 1990 (aged 35)",85,0,FC Tokyo
South Korea,KOR,Hong Myung-bo,,1GK,Jo Hyeon-woo,"(1991-09-25)September 25, 1991 (aged 34)",47,0,Ulsan HD
South Korea,KOR,Hong Myung-bo,,1GK,Song Bum-keun,"(1997-10-15)October 15, 1997 (aged 28)",2,0,Jeonbuk Hyundai Motors
South Korea,KOR,Hong Myung-bo,,2DF,Kim Min-jae,"(1996-11-15)November 15, 1996 (aged 29)",77,4,Bayern Munich
South Korea,KOR,Hong Myung-bo,,2DF,Kim Moon-hwan,"(1995-08-01)August 1, 1995 (aged 30)",34,0,Daejeon Hana Citizen
South Korea,KOR,Hong Myung-bo,,2DF,Seol Young-woo,"(1998-12-05)December 5, 1998 (aged 27)",32,0,Red Star Belgrade
South Korea,KOR,Hong Myung-bo,,2DF,Cho Yu-min,"(1996-11-17)November 17, 1996 (aged 29)",18,0,Sharjah
South Korea,KOR,Hong Myung-bo,,2DF,Lee Tae-seok,"(2002-07-28)July 28, 2002 (aged 23)",14,1,Austria Wien
South Korea,KOR,Hong Myung-bo,,2DF,Park Jin-seob,"(1995-10-23)October 23, 1995 (aged 30)",12,1,Zhejiang FC
South Korea,KOR,Hong Myung-bo,,2DF,Kim Tae-hyeon,"(2000-09-17)September 17, 2000 (aged 25)",7,0,Kashima Antlers
South Korea,KOR,Hong Myung-bo,,2DF,Lee Han-beom,"(2002-06-17)June 17, 2002 (aged 23)",6,0,Midtjylland
South Korea,KOR,Hong Myung-bo,,2DF,Jens Castrop,"(2003-07-29)July 29, 2003 (aged 22)",5,0,Borussia Mönchengladbach
South Korea,KOR,Hong Myung-bo,,2DF,Lee Ki-hyuk,"(2000-07-07)July 7, 2000 (aged 25)",1,0,Gangwon FC
South Korea,KOR,Hong Myung-bo,,3MF,Lee Jae-sung,"(1992-08-10)August 10, 1992 (aged 33)",103,15,Mainz 05
South Korea,KOR,Hong Myung-bo,,3MF,Hwang Hee-chan,"(1996-01-26)January 26, 1996 (aged 30)",77,16,Wolverhampton Wanderers
South Korea,KOR,Hong Myung-bo,,3MF,Hwang In-beom,"(1996-09-20)September 20, 1996 (aged 29)",71,6,Feyenoord
South Korea,KOR,Hong Myung-bo,,3MF,Lee Kang-in,"(2001-02-19)February 19, 2001 (aged 25)",46,11,Paris Saint-Germain
South Korea,KOR,Hong Myung-bo,,3MF,Paik Seung-ho,"(1997-03-17)March 17, 1997 (aged 29)",25,3,Birmingham City
South Korea,KOR,Hong Myung-bo,,3MF,Kim Jin-gyu,"(1997-02-24)February 24, 1997 (aged 29)",20,3,Jeonbuk Hyundai Motors
South Korea,KOR,Hong Myung-bo,,3MF,Lee Dong-gyeong,"(1997-09-20)September 20, 1997 (aged 28)",16,3,Ulsan HD
South Korea,KOR,Hong Myung-bo,,3MF,Bae Jun-ho,"(2003-08-21)August 21, 2003 (aged 22)",12,2,Stoke City
South Korea,KOR,Hong Myung-bo,,3MF,Eom Ji-sung,"(2002-05-09)May 9, 2002 (aged 24)",8,2,Swansea City
South Korea,KOR,Hong Myung-bo,,3MF,Yang Hyun-jun,"(2002-05-25)May 25, 2002 (aged 24)",8,0,Celtic
South Korea,KOR,Hong Myung-bo,,4FW,Son Heung-min(captain),"(1992-07-08)July 8, 1992 (aged 33)",142,54,Los Angeles FC
South Korea,KOR,Hong Myung-bo,,4FW,Cho Gue-sung,"(1998-01-25)January 25, 1998 (aged 28)",42,10,Midtjylland
South Korea,KOR,Hong Myung-bo,,4FW,Oh Hyeon-gyu,"(2001-04-12)April 12, 2001 (aged 25)",26,6,Beşiktaş
Bosnia and Herzegovina,BOS,Sergej Barbarez,,1GK,Nikola Vasilj,"(1995-12-02)December 2, 1995 (aged 30)",25,0,FC St. Pauli
Bosnia and Herzegovina,BOS,Sergej Barbarez,,1GK,Martin Zlomislić,"(1998-08-16)August 16, 1998 (aged 27)",2,0,Rijeka
Bosnia and Herzegovina,BOS,Sergej Barbarez,,1GK,Osman Hadžikić,"(1996-03-12)March 12, 1996 (aged 30)",0,0,Slaven Belupo
Bosnia and Herzegovina,BOS,Sergej Barbarez,,2DF,Sead Kolašinac,"(1993-06-20)June 20, 1993 (aged 32)",64,0,Atalanta
Bosnia and Herzegovina,BOS,Sergej Barbarez,,2DF,Dennis Hadžikadunić,"(1998-07-09)July 9, 1998 (aged 27)",30,0,Sampdoria
Bosnia and Herzegovina,BOS,Sergej Barbarez,,2DF,Amar Dedić,"(2002-08-18)August 18, 2002 (aged 23)",26,1,Benfica
Bosnia and Herzegovina,BOS,Sergej Barbarez,,2DF,Nikola Katić,"(1996-10-10)October 10, 1996 (aged 29)",15,1,Schalke 04
Bosnia and Herzegovina,BOS,Sergej Barbarez,,2DF,Tarik Muharemović,"(2003-02-28)February 28, 2003 (aged 23)",12,1,Sassuolo
Bosnia and Herzegovina,BOS,Sergej Barbarez,,2DF,Nihad Mujakić,"(1998-04-15)April 15, 1998 (aged 28)",10,1,Gaziantep
Bosnia and Herzegovina,BOS,Sergej Barbarez,,2DF,Stjepan Radeljić,"(1997-09-05)September 5, 1997 (aged 28)",4,0,Rijeka
Bosnia and Herzegovina,BOS,Sergej Barbarez,,2DF,Nidal Čelik,"(2006-07-17)July 17, 2006 (aged 19)",0,0,Lens
Bosnia and Herzegovina,BOS,Sergej Barbarez,,3MF,Amir Hadžiahmetović,"(1997-03-08)March 8, 1997 (aged 29)",34,0,Hull City
Bosnia and Herzegovina,BOS,Sergej Barbarez,,3MF,Benjamin Tahirović,"(2003-03-03)March 3, 2003 (aged 23)",26,2,Brøndby
Bosnia and Herzegovina,BOS,Sergej Barbarez,,3MF,Armin Gigović,"(2002-04-06)April 6, 2002 (aged 24)",18,1,Young Boys
Bosnia and Herzegovina,BOS,Sergej Barbarez,,3MF,Dženis Burnić,"(1998-05-22)May 22, 1998 (aged 28)",18,0,Karlsruher SC
Bosnia and Herzegovina,BOS,Sergej Barbarez,,3MF,Ivan Bašić,"(2002-04-30)April 30, 2002 (aged 24)",15,0,Astana
Bosnia and Herzegovina,BOS,Sergej Barbarez,,3MF,Esmir Bajraktarević,"(2005-03-10)March 10, 2005 (aged 21)",14,1,PSV Eindhoven
Bosnia and Herzegovina,BOS,Sergej Barbarez,,3MF,Amar Memić,"(2001-01-20)January 20, 2001 (aged 25)",11,1,Viktoria Plzeň
Bosnia and Herzegovina,BOS,Sergej Barbarez,,3MF,Ivan Šunjić,"(1996-10-09)October 9, 1996 (aged 29)",11,0,Pafos
Bosnia and Herzegovina,BOS,Sergej Barbarez,,3MF,Kerim Alajbegović,"(2007-09-21)September 21, 2007 (aged 18)",8,1,Red Bull Salzburg
Bosnia and Herzegovina,BOS,Sergej Barbarez,,3MF,Ermin Mahmić,"(2005-03-14)March 14, 2005 (aged 21)",0,0,Slovan Liberec
Bosnia and Herzegovina,BOS,Sergej Barbarez,,4FW,Edin Džeko(captain),"(1986-03-17)March 17, 1986 (aged 40)",148,73,Schalke 04
Bosnia and Herzegovina,BOS,Sergej Barbarez,,4FW,Ermedin Demirović,"(1998-03-25)March 25, 1998 (aged 28)",38,4,VfB Stuttgart
Bosnia and Herzegovina,BOS,Sergej Barbarez,,4FW,Samed Baždar,"(2004-01-31)January 31, 2004 (aged 22)",11,1,Jagiellonia Białystok
Bosnia and Herzegovina,BOS,Sergej Barbarez,,4FW,Haris Tabaković,"(1994-06-20)June 20, 1994 (aged 31)",10,4,Borussia Mönchengladbach
Bosnia and Herzegovina,BOS,Sergej Barbarez,,4FW,Jovo Lukić,"(1998-11-28)November 28, 1998 (aged 27)",1,0,Universitatea Cluj
Canada,CAN,Jesse Marsch,,1GK,Maxime Crépeau,"(1994-04-11)April 11, 1994 (aged 32)",30,0,Orlando City SC
Canada,CAN,Jesse Marsch,,1GK,Dayne St. Clair,"(1997-05-09)May 9, 1997 (aged 29)",19,0,Inter Miami CF
Canada,CAN,Jesse Marsch,,1GK,Owen Goodman,"(2003-11-27)November 27, 2003 (aged 22)",0,0,Barnsley
Canada,CAN,Jesse Marsch,,2DF,Richie Laryea,"(1995-01-07)January 7, 1995 (aged 31)",73,1,Toronto FC
Canada,CAN,Jesse Marsch,,2DF,Alphonso Davies(captain),"(2000-11-02)November 2, 2000 (aged 25)",58,15,Bayern Munich
Canada,CAN,Jesse Marsch,,2DF,Alistair Johnston,"(1998-10-08)October 8, 1998 (aged 27)",56,1,Celtic
Canada,CAN,Jesse Marsch,,2DF,Derek Cornelius,"(1997-11-25)November 25, 1997 (aged 28)",42,1,Rangers
Canada,CAN,Jesse Marsch,,2DF,Moïse Bombito,"(2000-03-30)March 30, 2000 (aged 26)",19,0,Nice
Canada,CAN,Jesse Marsch,,2DF,Niko Sigur,"(2003-09-09)September 9, 2003 (aged 22)",17,2,Hajduk Split
Canada,CAN,Jesse Marsch,,2DF,Joel Waterman,"(1996-01-24)January 24, 1996 (aged 30)",17,0,Chicago Fire
Canada,CAN,Jesse Marsch,,2DF,Luc de Fougerolles,"(2005-10-12)October 12, 2005 (aged 20)",11,0,Dender
Canada,CAN,Jesse Marsch,,2DF,Zorhan Bassong,"(1999-05-07)May 7, 1999 (aged 27)",7,0,Sporting Kansas City
Canada,CAN,Jesse Marsch,,2DF,Jamie Knight-Lebel,"(2004-12-24)December 24, 2004 (aged 21)",3,0,Swindon Town
Canada,CAN,Jesse Marsch,,2DF,Ralph Priso,"(2002-08-02)August 2, 2002 (aged 23)",2,0,Vancouver Whitecaps FC
Canada,CAN,Jesse Marsch,,2DF,Alfie Jones,"(1997-10-07)October 7, 1997 (aged 28)",1,0,Middlesbrough
Canada,CAN,Jesse Marsch,,3MF,Jonathan Osorio,"(1992-06-12)June 12, 1992 (aged 33)",89,9,Toronto FC
Canada,CAN,Jesse Marsch,,3MF,Tajon Buchanan,"(1999-02-08)February 8, 1999 (aged 27)",58,8,Villarreal
Canada,CAN,Jesse Marsch,,3MF,Stephen Eustáquio,"(1996-12-21)December 21, 1996 (aged 29)",54,4,Los Angeles FC
Canada,CAN,Jesse Marsch,,3MF,Liam Millar,"(1999-09-27)September 27, 1999 (aged 26)",39,1,Hull City
Canada,CAN,Jesse Marsch,,3MF,Ismaël Koné,"(2002-06-16)June 16, 2002 (aged 23)",38,4,Sassuolo
Canada,CAN,Jesse Marsch,,3MF,Jacob Shaffelburg,"(1999-11-26)November 26, 1999 (aged 26)",31,6,Los Angeles FC
Canada,CAN,Jesse Marsch,,3MF,Ali Ahmed,"(2000-10-10)October 10, 2000 (aged 25)",24,1,Norwich City
Canada,CAN,Jesse Marsch,,3MF,Mathieu Choinière,"(1999-02-07)February 7, 1999 (aged 27)",22,0,Los Angeles FC
Canada,CAN,Jesse Marsch,,3MF,Nathan Saliba,"(2004-02-07)February 7, 2004 (aged 22)",13,2,Anderlecht
Canada,CAN,Jesse Marsch,,3MF,Jayden Nelson,"(2002-09-26)September 26, 2002 (aged 23)",12,2,Austin FC
Canada,CAN,Jesse Marsch,,3MF,Marcelo Flores,"(2003-10-01)October 1, 2003 (aged 22)",2,0,UANL
Canada,CAN,Jesse Marsch,,4FW,Cyle Larin,"(1995-04-17)April 17, 1995 (aged 31)",88,30,Southampton
Canada,CAN,Jesse Marsch,,4FW,Jonathan David,"(2000-01-14)January 14, 2000 (aged 26)",75,39,Juventus
Canada,CAN,Jesse Marsch,,4FW,Tani Oluwaseyi,"(2000-05-15)May 15, 2000 (aged 26)",22,2,Villarreal
Canada,CAN,Jesse Marsch,,4FW,Promise David,"(2001-07-03)July 3, 2001 (aged 24)",8,3,Union Saint-Gilloise
Canada,CAN,Jesse Marsch,,4FW,Jacen Russell-Rowe,"(2002-09-13)September 13, 2002 (aged 23)",8,0,Toulouse
Canada,CAN,Jesse Marsch,,4FW,Daniel Jebbison,"(2003-07-11)July 11, 2003 (aged 22)",7,0,Preston North End
Qatar,QAT,Julen Lopetegui,,1GK,Meshaal Barsham,"(1998-02-14)February 14, 1998 (aged 28)",52,0,Al-Sadd
Qatar,QAT,Julen Lopetegui,,1GK,Salah Zakaria,"(1999-04-24)April 24, 1999 (aged 27)",8,0,Al-Duhail
Qatar,QAT,Julen Lopetegui,,1GK,Mahmud Abunada,"(2000-02-05)February 5, 2000 (aged 26)",3,0,Al-Rayyan
Qatar,QAT,Julen Lopetegui,,1GK,Shehab Ellethy,"(2000-04-18)April 18, 2000 (aged 26)",1,0,Al-Shahaniya
Qatar,QAT,Julen Lopetegui,,2DF,Boualem Khoukhi,"(1990-07-09)July 9, 1990 (aged 35)",114,20,Al-Sadd
Qatar,QAT,Julen Lopetegui,,2DF,Pedro Miguel,"(1990-08-06)August 6, 1990 (aged 35)",97,3,Al-Sadd
Qatar,QAT,Julen Lopetegui,,2DF,Homam Ahmed,"(1999-08-25)August 25, 1999 (aged 26)",66,3,Cultural Leonesa
Qatar,QAT,Julen Lopetegui,,2DF,Lucas Mendes,"(1990-07-03)July 3, 1990 (aged 35)",24,1,Al-Wakrah
Qatar,QAT,Julen Lopetegui,,2DF,Sultan Al-Brake,"(1996-04-07)April 7, 1996 (aged 30)",16,0,Al-Duhail
Qatar,QAT,Julen Lopetegui,,2DF,Al-Hashmi Al-Hussain,"(2003-08-15)August 15, 2003 (aged 22)",6,0,Al-Arabi
Qatar,QAT,Julen Lopetegui,,2DF,Ayoub Al-Oui,"(2005-03-11)March 11, 2005 (aged 21)",4,0,Al-Gharafa
Qatar,QAT,Julen Lopetegui,,2DF,Issa Laye,"(1997-12-22)December 22, 1997 (aged 28)",2,0,Al-Arabi
Qatar,QAT,Julen Lopetegui,,2DF,Rayyan Al-Ali,"(2006-03-26)March 26, 2006 (aged 20)",0,0,Al-Gharafa
Qatar,QAT,Julen Lopetegui,,3MF,Abdulaziz Hatem,"(1990-10-28)October 28, 1990 (aged 35)",116,11,Al-Rayyan
Qatar,QAT,Julen Lopetegui,,3MF,Karim Boudiaf,"(1990-09-16)September 16, 1990 (aged 35)",116,5,Al-Duhail
Qatar,QAT,Julen Lopetegui,,3MF,Assim Madibo,"(1996-10-22)October 22, 1996 (aged 29)",49,0,Al-Wakrah
Qatar,QAT,Julen Lopetegui,,3MF,Ahmed Fathy,"(1993-01-25)January 25, 1993 (aged 33)",46,0,Al-Arabi
Qatar,QAT,Julen Lopetegui,,3MF,Jassem Gaber,"(2002-02-20)February 20, 2002 (aged 24)",31,1,Al-Rayyan
Qatar,QAT,Julen Lopetegui,,3MF,Mohamed Al-Mannai,"(2003-10-30)October 30, 2003 (aged 22)",8,0,Al-Shamal
Qatar,QAT,Julen Lopetegui,,3MF,Tahsin Jamshid,"(2006-06-16)June 16, 2006 (aged 19)",1,0,Al-Duhail
Qatar,QAT,Julen Lopetegui,,4FW,Hassan Al-Haydos(captain),"(1990-12-11)December 11, 1990 (aged 35)",184,41,Al-Sadd
Qatar,QAT,Julen Lopetegui,,4FW,Akram Afif,"(1996-11-18)November 18, 1996 (aged 29)",123,39,Al-Sadd
Qatar,QAT,Julen Lopetegui,,4FW,Almoez Ali,"(1996-08-19)August 19, 1996 (aged 29)",114,55,Al-Duhail
Qatar,QAT,Julen Lopetegui,,4FW,Mohammed Muntari,"(1993-12-20)December 20, 1993 (aged 32)",67,16,Al-Gharafa
Qatar,QAT,Julen Lopetegui,,4FW,Ahmed Alaaeldin,"(1993-01-31)January 31, 1993 (aged 33)",66,9,Al-Rayyan
Qatar,QAT,Julen Lopetegui,,4FW,Yusuf Abdurisag,"(1999-08-06)August 6, 1999 (aged 26)",37,3,Al-Wakrah
Qatar,QAT,Julen Lopetegui,,4FW,Edmilson Junior,"(1994-08-19)August 19, 1994 (aged 31)",14,0,Al-Duhail
Qatar,QAT,Julen Lopetegui,,4FW,Ahmed Al-Ganehi,"(2000-09-22)September 22, 2000 (aged 25)",13,1,Al-Gharafa
Switzerland,SUI,Murat Yakin,1,1GK,Gregor Kobel,"(1997-12-06)December 6, 1997 (aged 28)",20,0,Borussia Dortmund
Switzerland,SUI,Murat Yakin,2,2DF,Miro Muheim,"(1998-03-24)March 24, 1998 (aged 28)",8,0,Hamburger SV
Switzerland,SUI,Murat Yakin,3,2DF,Silvan Widmer,"(1993-03-05)March 5, 1993 (aged 33)",58,5,Mainz 05
Switzerland,SUI,Murat Yakin,4,2DF,Nico Elvedi,"(1996-09-30)September 30, 1996 (aged 29)",65,3,Borussia Mönchengladbach
Switzerland,SUI,Murat Yakin,5,2DF,Manuel Akanji,"(1995-07-19)July 19, 1995 (aged 30)",79,4,Inter Milan
Switzerland,SUI,Murat Yakin,6,3MF,Denis Zakaria,"(1996-11-20)November 20, 1996 (aged 29)",63,3,Monaco
Switzerland,SUI,Murat Yakin,7,4FW,Breel Embolo,"(1997-02-14)February 14, 1997 (aged 29)",85,23,Rennes
Switzerland,SUI,Murat Yakin,8,3MF,Remo Freuler,"(1992-04-15)April 15, 1992 (aged 34)",86,11,Bologna
Switzerland,SUI,Murat Yakin,9,3MF,Johan Manzambi,"(2005-10-14)October 14, 2005 (aged 20)",10,3,SC Freiburg
Switzerland,SUI,Murat Yakin,10,3MF,Granit Xhaka(captain),"(1992-09-27)September 27, 1992 (aged 33)",144,16,Sunderland
Switzerland,SUI,Murat Yakin,11,4FW,Dan Ndoye,"(2000-10-25)October 25, 2000 (aged 25)",29,6,Nottingham Forest
Switzerland,SUI,Murat Yakin,12,1GK,Yvon Mvogo,"(1994-06-06)June 6, 1994 (aged 32)",12,0,Lorient
Switzerland,SUI,Murat Yakin,13,2DF,Ricardo Rodriguez,"(1992-08-25)August 25, 1992 (aged 33)",136,9,Real Betis
Switzerland,SUI,Murat Yakin,14,3MF,Ardon Jashari,"(2002-07-30)July 30, 2002 (aged 23)",6,0,Milan
Switzerland,SUI,Murat Yakin,15,3MF,Djibril Sow,"(1997-02-06)February 6, 1997 (aged 29)",50,0,Sevilla
Switzerland,SUI,Murat Yakin,16,3MF,Christian Fassnacht,"(1993-11-11)November 11, 1993 (aged 32)",21,4,Young Boys
Switzerland,SUI,Murat Yakin,17,4FW,Rubén Vargas,"(1998-08-05)August 5, 1998 (aged 27)",60,11,Sevilla
Switzerland,SUI,Murat Yakin,18,2DF,Eray Cömert,"(1998-02-04)February 4, 1998 (aged 28)",20,0,Valencia
Switzerland,SUI,Murat Yakin,19,4FW,Noah Okafor,"(2000-05-24)May 24, 2000 (aged 26)",24,2,Leeds United
Switzerland,SUI,Murat Yakin,20,3MF,Michel Aebischer,"(1997-01-06)January 6, 1997 (aged 29)",38,2,Pisa
Switzerland,SUI,Murat Yakin,21,1GK,Marvin Keller,"(2002-07-03)July 3, 2002 (aged 23)",0,0,Young Boys
Switzerland,SUI,Murat Yakin,22,3MF,Fabian Rieder,"(2002-02-16)February 16, 2002 (aged 24)",27,1,FC Augsburg
Switzerland,SUI,Murat Yakin,23,4FW,Zeki Amdouni,"(2000-12-04)December 4, 2000 (aged 25)",27,11,Burnley
Switzerland,SUI,Murat Yakin,24,2DF,Aurèle Amenda,"(2003-07-31)July 31, 2003 (aged 22)",6,0,Eintracht Frankfurt
Switzerland,SUI,Murat Yakin,25,2DF,Luca Jaquez,"(2003-06-02)June 2, 2003 (aged 23)",2,0,VfB Stuttgart
Switzerland,SUI,Murat Yakin,26,4FW,Cedric Itten,"(1996-12-27)December 27, 1996 (aged 29)",13,5,Fortuna Düsseldorf
Brazil,BRA,Carlo Ancelotti,,1GK,Alisson,"(1992-10-02)October 2, 1992 (aged 33)",76,0,Liverpool
Brazil,BRA,Carlo Ancelotti,,1GK,Ederson,"(1993-08-17)August 17, 1993 (aged 32)",31,0,Fenerbahçe
Brazil,BRA,Carlo Ancelotti,,1GK,Weverton,"(1987-12-13)December 13, 1987 (aged 38)",10,0,Grêmio
Brazil,BRA,Carlo Ancelotti,,2DF,Marquinhos,"(1994-05-14)May 14, 1994 (aged 32)",104,7,Paris Saint-Germain
Brazil,BRA,Carlo Ancelotti,,2DF,Danilo Luiz,"(1991-07-15)July 15, 1991 (aged 34)",68,1,Flamengo
Brazil,BRA,Carlo Ancelotti,,2DF,Alex Sandro,"(1991-01-26)January 26, 1991 (aged 35)",43,2,Flamengo
Brazil,BRA,Carlo Ancelotti,,2DF,Gabriel Magalhães,"(1997-12-19)December 19, 1997 (aged 28)",17,1,Arsenal
Brazil,BRA,Carlo Ancelotti,,2DF,Bremer,"(1997-03-18)March 18, 1997 (aged 29)",6,1,Juventus
Brazil,BRA,Carlo Ancelotti,,2DF,Wesley,"(2003-09-06)September 6, 2003 (aged 22)",6,0,Roma
Brazil,BRA,Carlo Ancelotti,,2DF,Roger Ibañez,"(1998-11-23)November 23, 1998 (aged 27)",5,0,Al-Ahli
Brazil,BRA,Carlo Ancelotti,,2DF,Douglas Santos,"(1994-03-22)March 22, 1994 (aged 32)",5,0,Zenit Saint Petersburg
Brazil,BRA,Carlo Ancelotti,,2DF,Léo Pereira,"(1996-01-31)January 31, 1996 (aged 30)",2,0,Flamengo
Brazil,BRA,Carlo Ancelotti,,3MF,Casemiro(captain),"(1992-02-23)February 23, 1992 (aged 34)",84,8,Manchester United
Brazil,BRA,Carlo Ancelotti,,3MF,Lucas Paquetá,"(1997-08-27)August 27, 1997 (aged 28)",61,12,Flamengo
Brazil,BRA,Carlo Ancelotti,,3MF,Bruno Guimarães,"(1997-11-16)November 16, 1997 (aged 28)",41,2,Newcastle United
Brazil,BRA,Carlo Ancelotti,,3MF,Fabinho,"(1993-10-23)October 23, 1993 (aged 32)",31,0,Al-Ittihad
Brazil,BRA,Carlo Ancelotti,,3MF,Danilo Santos,"(2001-04-29)April 29, 2001 (aged 25)",2,1,Botafogo
Brazil,BRA,Carlo Ancelotti,,4FW,Neymar,"(1992-02-05)February 5, 1992 (aged 34)",128,79,Santos
Brazil,BRA,Carlo Ancelotti,,4FW,Vinícius Júnior,"(2000-07-12)July 12, 2000 (aged 25)",47,8,Real Madrid
Brazil,BRA,Carlo Ancelotti,,4FW,Raphinha,"(1996-12-14)December 14, 1996 (aged 29)",37,11,Barcelona
Brazil,BRA,Carlo Ancelotti,,4FW,Gabriel Martinelli,"(2001-06-18)June 18, 2001 (aged 24)",22,4,Arsenal
Brazil,BRA,Carlo Ancelotti,,4FW,Matheus Cunha,"(1999-05-27)May 27, 1999 (aged 27)",21,1,Manchester United
Brazil,BRA,Carlo Ancelotti,,4FW,Endrick,"(2006-07-21)July 21, 2006 (aged 19)",15,3,Lyon
Brazil,BRA,Carlo Ancelotti,,4FW,Luiz Henrique,"(2001-01-02)January 2, 2001 (aged 25)",13,2,Zenit Saint Petersburg
Brazil,BRA,Carlo Ancelotti,,4FW,Igor Thiago,"(2001-06-26)June 26, 2001 (aged 24)",2,1,Brentford
Brazil,BRA,Carlo Ancelotti,,4FW,Rayan,"(2006-08-03)August 3, 2006 (aged 19)",1,0,Bournemouth
Haiti,HAI,Sébastien Migné,,1GK,Johny Placide(captain),"(1988-01-29)January 29, 1988 (aged 38)",79,0,Bastia
Haiti,HAI,Sébastien Migné,,1GK,Alexandre Pierre,"(2001-02-25)February 25, 2001 (aged 25)",14,0,Sochaux
Haiti,HAI,Sébastien Migné,,1GK,Josué Duverger,"(2000-04-27)April 27, 2000 (aged 26)",6,0,Cosmos Koblenz
Haiti,HAI,Sébastien Migné,,2DF,Ricardo Adé,"(1990-05-21)May 21, 1990 (aged 36)",57,2,LDU Quito
Haiti,HAI,Sébastien Migné,,2DF,Carlens Arcus,"(1996-06-28)June 28, 1996 (aged 29)",51,1,Angers
Haiti,HAI,Sébastien Migné,,2DF,Martin Expérience,"(1999-03-09)March 9, 1999 (aged 27)",19,0,Nancy
Haiti,HAI,Sébastien Migné,,2DF,Jean-Kévin Duverne,"(1997-07-12)July 12, 1997 (aged 28)",15,1,Gent
Haiti,HAI,Sébastien Migné,,2DF,Duke Lacroix,"(1993-10-14)October 14, 1993 (aged 32)",14,2,Colorado Springs Switchbacks
Haiti,HAI,Sébastien Migné,,2DF,Wilguens Paugain,"(2001-08-24)August 24, 2001 (aged 24)",6,0,Zulte Waregem
Haiti,HAI,Sébastien Migné,,2DF,Hannes Delcroix,"(1999-02-28)February 28, 1999 (aged 27)",5,0,Lugano
Haiti,HAI,Sébastien Migné,,2DF,Keeto Thermoncy,"(2006-03-29)March 29, 2006 (aged 20)",1,0,Young Boys
Haiti,HAI,Sébastien Migné,,3MF,Leverton Pierre,"(1998-03-09)March 9, 1998 (aged 28)",33,0,Vizela
Haiti,HAI,Sébastien Migné,,3MF,Danley Jean Jacques,"(2000-05-20)May 20, 2000 (aged 26)",28,6,Philadelphia Union
Haiti,HAI,Sébastien Migné,,3MF,Carl Sainté,"(2002-08-09)August 9, 2002 (aged 23)",25,0,El Paso Locomotive FC
Haiti,HAI,Sébastien Migné,,3MF,Jean-Ricner Bellegarde,"(1998-06-27)June 27, 1998 (aged 27)",8,0,Wolverhampton Wanderers
Haiti,HAI,Sébastien Migné,,3MF,Woodensky Pierre,"(2004-12-30)December 30, 2004 (aged 21)",1,0,Violette
Haiti,HAI,Sébastien Migné,,3MF,Dominique Simon,"(2000-07-29)July 29, 2000 (aged 25)",0,0,Tatran Prešov
Haiti,HAI,Sébastien Migné,,4FW,Duckens Nazon,"(1994-04-07)April 7, 1994 (aged 32)",76,44,Esteghlal
Haiti,HAI,Sébastien Migné,,4FW,Frantzdy Pierrot,"(1995-03-29)March 29, 1995 (aged 31)",49,33,Çaykur Rizespor
Haiti,HAI,Sébastien Migné,,4FW,Derrick Etienne Jr.,"(1996-11-25)November 25, 1996 (aged 29)",46,8,Toronto FC
Haiti,HAI,Sébastien Migné,,4FW,Louicius Deedson,"(2001-02-11)February 11, 2001 (aged 25)",30,10,FC Dallas
Haiti,HAI,Sébastien Migné,,4FW,Ruben Providence,"(2001-07-07)July 7, 2001 (aged 24)",13,2,Almere City
Haiti,HAI,Sébastien Migné,,4FW,Josué Casimir,"(2001-09-24)September 24, 2001 (aged 24)",5,0,Auxerre
Haiti,HAI,Sébastien Migné,,4FW,Yassin Fortuné,"(1999-01-30)January 30, 1999 (aged 27)",3,0,Vizela
Haiti,HAI,Sébastien Migné,,4FW,Wilson Isidor,"(2000-08-27)August 27, 2000 (aged 25)",2,1,Sunderland
Haiti,HAI,Sébastien Migné,,4FW,Lenny Joseph,"(2000-10-12)October 12, 2000 (aged 25)",0,0,Ferencváros
Morocco,MAR,Mohamed Ouahbi,,1GK,Yassine Bounou,"(1991-04-05)April 5, 1991 (aged 35)",89,0,Al-Hilal
Morocco,MAR,Mohamed Ouahbi,,1GK,Munir Mohamedi,"(1989-05-10)May 10, 1989 (aged 37)",50,0,RS Berkane
Morocco,MAR,Mohamed Ouahbi,,1GK,Ahmed Reda Tagnaouti,"(1996-04-05)April 5, 1996 (aged 30)",3,0,AS FAR
Morocco,MAR,Mohamed Ouahbi,,2DF,Achraf Hakimi(captain),"(1998-11-04)November 4, 1998 (aged 27)",95,11,Paris Saint-Germain
Morocco,MAR,Mohamed Ouahbi,,2DF,Nayef Aguerd,"(1996-03-30)March 30, 1996 (aged 30)",64,2,Marseille
Morocco,MAR,Mohamed Ouahbi,,2DF,Noussair Mazraoui,"(1997-11-14)November 14, 1997 (aged 28)",43,2,Manchester United
Morocco,MAR,Mohamed Ouahbi,,2DF,Youssef Belammari,"(1998-09-20)September 20, 1998 (aged 27)",8,0,Al Ahly
Morocco,MAR,Mohamed Ouahbi,,2DF,Anass Salah-Eddine,"(2002-01-18)January 18, 2002 (aged 24)",8,0,PSV
Morocco,MAR,Mohamed Ouahbi,,2DF,Chadi Riad,"(2003-06-17)June 17, 2003 (aged 22)",4,1,Crystal Palace
Morocco,MAR,Mohamed Ouahbi,,2DF,Issa Diop,"(1997-01-09)January 9, 1997 (aged 29)",2,0,Fulham
Morocco,MAR,Mohamed Ouahbi,,2DF,Zakaria El Ouahdi,"(2001-12-31)December 31, 2001 (aged 24)",2,0,Genk
Morocco,MAR,Mohamed Ouahbi,,2DF,Redouane Halhal,"(2003-03-05)March 5, 2003 (aged 23)",1,0,Mechelen
Morocco,MAR,Mohamed Ouahbi,,3MF,Sofyan Amrabat,"(1996-08-21)August 21, 1996 (aged 29)",73,0,Betis
Morocco,MAR,Mohamed Ouahbi,,3MF,Azzedine Ounahi,"(2000-04-19)April 19, 2000 (aged 26)",47,9,Girona
Morocco,MAR,Mohamed Ouahbi,,3MF,Bilal El Khannouss,"(2004-05-10)May 10, 2004 (aged 22)",35,3,VfB Stuttgart
Morocco,MAR,Mohamed Ouahbi,,3MF,Ismael Saibari,"(2001-01-28)January 28, 2001 (aged 25)",27,7,PSV
Morocco,MAR,Mohamed Ouahbi,,3MF,Neil El Aynaoui,"(2001-07-02)July 2, 2001 (aged 24)",15,2,Roma
Morocco,MAR,Mohamed Ouahbi,,3MF,Samir El Mourabet,"(2006-08-06)August 6, 2006 (aged 19)",2,0,Strasbourg
Morocco,MAR,Mohamed Ouahbi,,3MF,Ayyoub Bouaddi,"(2007-10-02)October 2, 2007 (aged 18)",0,0,Lille
Morocco,MAR,Mohamed Ouahbi,,4FW,Ayoub El Kaabi,"(1993-06-25)June 25, 1993 (aged 32)",55,20,Olympiacos
Morocco,MAR,Mohamed Ouahbi,,4FW,Abde Ezzalzouli,"(2001-12-17)December 17, 2001 (aged 24)",35,2,Betis
Morocco,MAR,Mohamed Ouahbi,,4FW,Soufiane Rahimi,"(1996-06-02)June 2, 1996 (aged 30)",25,5,Al Ain
Morocco,MAR,Mohamed Ouahbi,,4FW,Brahim Díaz,"(1999-08-03)August 3, 1999 (aged 26)",24,13,Real Madrid
Morocco,MAR,Mohamed Ouahbi,,4FW,Chemsdine Talbi,"(2005-05-09)May 9, 2005 (aged 21)",5,0,Sunderland
Morocco,MAR,Mohamed Ouahbi,,4FW,Gessime Yassine,"(2005-11-22)November 22, 2005 (aged 20)",2,0,Strasbourg
Morocco,MAR,Mohamed Ouahbi,,4FW,Ayoube Amaimouni,"(2004-11-30)November 30, 2004 (aged 21)",0,0,Eintracht Frankfurt
Scotland,SCO,Steve Clarke,,1GK,Craig Gordon,"(1982-12-31)December 31, 1982 (aged 43)",83,0,Heart of Midlothian
Scotland,SCO,Steve Clarke,,1GK,Angus Gunn,"(1996-01-22)January 22, 1996 (aged 30)",21,0,Nottingham Forest
Scotland,SCO,Steve Clarke,,1GK,Liam Kelly,"(1996-01-23)January 23, 1996 (aged 30)",2,0,Rangers
Scotland,SCO,Steve Clarke,,2DF,Andy Robertson(captain),"(1994-03-11)March 11, 1994 (aged 32)",92,4,Liverpool
Scotland,SCO,Steve Clarke,,2DF,Grant Hanley,"(1991-11-20)November 20, 1991 (aged 34)",66,2,Hibernian
Scotland,SCO,Steve Clarke,,2DF,Kieran Tierney,"(1997-06-05)June 5, 1997 (aged 29)",55,2,Celtic
Scotland,SCO,Steve Clarke,,2DF,Scott McKenna,"(1996-11-12)November 12, 1996 (aged 29)",49,1,Dinamo Zagreb
Scotland,SCO,Steve Clarke,,2DF,Jack Hendry,"(1995-05-07)May 7, 1995 (aged 31)",37,3,Al-Ettifaq
Scotland,SCO,Steve Clarke,,2DF,Nathan Patterson,"(2001-10-16)October 16, 2001 (aged 24)",25,1,Everton
Scotland,SCO,Steve Clarke,,2DF,Anthony Ralston,"(1998-11-16)November 16, 1998 (aged 27)",25,1,Celtic
Scotland,SCO,Steve Clarke,,2DF,John Souttar,"(1996-09-25)September 25, 1996 (aged 29)",22,2,Rangers
Scotland,SCO,Steve Clarke,,2DF,Aaron Hickey,"(2002-06-10)June 10, 2002 (aged 24)",19,0,Brentford
Scotland,SCO,Steve Clarke,,2DF,Dominic Hyam,"(1995-12-20)December 20, 1995 (aged 30)",2,0,Wrexham
Scotland,SCO,Steve Clarke,,3MF,John McGinn,"(1994-10-18)October 18, 1994 (aged 31)",85,20,Aston Villa
Scotland,SCO,Steve Clarke,,3MF,Scott McTominay,"(1996-12-08)December 8, 1996 (aged 29)",69,14,Napoli
Scotland,SCO,Steve Clarke,,3MF,Ryan Christie,"(1995-02-22)February 22, 1995 (aged 31)",66,9,Bournemouth
Scotland,SCO,Steve Clarke,,3MF,Kenny McLean,"(1992-01-08)January 8, 1992 (aged 34)",56,3,Norwich City
Scotland,SCO,Steve Clarke,,3MF,Billy Gilmour,"(2001-06-11)June 11, 2001 (aged 25)",45,2,Napoli
Scotland,SCO,Steve Clarke,,3MF,Lewis Ferguson,"(1999-08-24)August 24, 1999 (aged 26)",23,1,Bologna
Scotland,SCO,Steve Clarke,,3MF,Ben Gannon-Doak,"(2005-11-11)November 11, 2005 (aged 20)",12,1,Bournemouth
Scotland,SCO,Steve Clarke,,3MF,Findlay Curtis,"(2006-06-09)June 9, 2006 (aged 20)",1,0,Kilmarnock
Scotland,SCO,Steve Clarke,,4FW,Lyndon Dykes,"(1995-10-07)October 7, 1995 (aged 30)",50,10,Charlton Athletic
Scotland,SCO,Steve Clarke,,4FW,Ché Adams,"(1996-07-13)July 13, 1996 (aged 29)",46,11,Torino
Scotland,SCO,Steve Clarke,,4FW,Lawrence Shankland,"(1995-08-10)August 10, 1995 (aged 30)",18,4,Heart of Midlothian
Scotland,SCO,Steve Clarke,,4FW,George Hirst,"(1999-02-15)February 15, 1999 (aged 27)",8,1,Ipswich Town
Scotland,SCO,Steve Clarke,,4FW,Ross Stewart,"(1996-07-11)July 11, 1996 (aged 29)",2,0,Southampton
Paraguay,PAR,Gustavo Alfaro,,1GK,Gatito Fernández,"(1988-03-29)March 29, 1988 (aged 38)",30,0,Cerro Porteño
Paraguay,PAR,Gustavo Alfaro,,1GK,Carlos Coronel,"(1996-12-29)December 29, 1996 (aged 29)",9,0,São Paulo
Paraguay,PAR,Gustavo Alfaro,,1GK,Orlando Gill,"(2000-06-11)June 11, 2000 (aged 26)",5,0,San Lorenzo
Paraguay,PAR,Gustavo Alfaro,,1GK,Santiago Rojas,"(1996-04-05)April 5, 1996 (aged 30)",2,0,Nacional
Paraguay,PAR,Gustavo Alfaro,,1GK,Juan Espínola,"(1994-11-02)November 2, 1994 (aged 31)",1,0,Barracas Central
Paraguay,PAR,Gustavo Alfaro,,1GK,Gastón Olveira,"(1993-04-21)April 21, 1993 (aged 33)",1,0,Olimpia
Paraguay,PAR,Gustavo Alfaro,,2DF,Gustavo Gómez(captain),"(1993-05-06)May 6, 1993 (aged 33)",88,4,Palmeiras
Paraguay,PAR,Gustavo Alfaro,,2DF,Júnior Alonso,"(1993-02-09)February 9, 1993 (aged 33)",70,3,Atlético Mineiro
Paraguay,PAR,Gustavo Alfaro,,2DF,Fabián Balbuena,"(1991-08-23)August 23, 1991 (aged 34)",47,2,Grêmio
Paraguay,PAR,Gustavo Alfaro,,2DF,Omar Alderete,"(1996-12-26)December 26, 1996 (aged 29)",35,3,Sunderland
Paraguay,PAR,Gustavo Alfaro,,2DF,Juan José Cáceres,"(2000-06-01)June 1, 2000 (aged 26)",16,0,Dynamo Moscow
Paraguay,PAR,Gustavo Alfaro,,2DF,Blas Riveros,"(1998-02-03)February 3, 1998 (aged 28)",15,0,Cerro Porteño
Paraguay,PAR,Gustavo Alfaro,,2DF,Gustavo Velázquez,"(1991-04-17)April 17, 1991 (aged 35)",12,1,Cerro Porteño
Paraguay,PAR,Gustavo Alfaro,,2DF,Alan Benítez,"(1994-01-25)January 25, 1994 (aged 32)",8,0,Libertad
Paraguay,PAR,Gustavo Alfaro,,2DF,Agustín Sández,"(2001-01-16)January 16, 2001 (aged 25)",5,0,Rosario Central
Paraguay,PAR,Gustavo Alfaro,,2DF,Mateo Gamarra,"(2000-10-20)October 20, 2000 (aged 25)",3,0,Cruzeiro
Paraguay,PAR,Gustavo Alfaro,,2DF,Saúl Salcedo,"(1997-08-28)August 28, 1997 (aged 28)",2,0,Newell's Old Boys
Paraguay,PAR,Gustavo Alfaro,,2DF,José Canale,"(1996-07-20)July 20, 1996 (aged 29)",1,0,Lanús
Paraguay,PAR,Gustavo Alfaro,,2DF,Diego León,"(2007-04-03)April 3, 2007 (aged 19)",1,0,Manchester United
Paraguay,PAR,Gustavo Alfaro,,2DF,Alexandro Maidana,"(2005-07-26)July 26, 2005 (aged 20)",1,0,Talleres
Paraguay,PAR,Gustavo Alfaro,,2DF,Alcides Benítez,"(2002-06-08)June 8, 2002 (aged 24)",0,0,Belgrano
Paraguay,PAR,Gustavo Alfaro,,2DF,Ronaldo Dejesús,"(2001-04-21)April 21, 2001 (aged 25)",0,0,Lanús
Paraguay,PAR,Gustavo Alfaro,,2DF,Alan Núñez,"(2004-10-01)October 1, 2004 (aged 21)",0,0,Nacional
Paraguay,PAR,Gustavo Alfaro,,3MF,Miguel Almirón,"(1994-02-10)February 10, 1994 (aged 32)",75,9,Atlanta United FC
Paraguay,PAR,Gustavo Alfaro,,3MF,Mathías Villasanti,"(1997-01-24)January 24, 1997 (aged 29)",51,0,Grêmio
Paraguay,PAR,Gustavo Alfaro,,3MF,Kaku,"(1995-01-11)January 11, 1995 (aged 31)",32,5,Al Ain
Paraguay,PAR,Gustavo Alfaro,,3MF,Andrés Cubas,"(1996-05-22)May 22, 1996 (aged 30)",32,0,Vancouver Whitecaps FC
Paraguay,PAR,Gustavo Alfaro,,3MF,Ramón Sosa,"(1999-08-31)August 31, 1999 (aged 26)",28,1,Palmeiras
Paraguay,PAR,Gustavo Alfaro,,3MF,Diego Gómez,"(2003-03-27)March 27, 2003 (aged 23)",23,3,Brighton & Hove Albion
Paraguay,PAR,Gustavo Alfaro,,3MF,Damián Bobadilla,"(2001-07-11)July 11, 2001 (aged 24)",19,1,São Paulo
Paraguay,PAR,Gustavo Alfaro,,3MF,Braian Ojeda,"(2000-07-27)July 27, 2000 (aged 25)",16,0,Orlando City SC
Paraguay,PAR,Gustavo Alfaro,,3MF,Matías Galarza,"(2002-02-11)February 11, 2002 (aged 24)",14,2,Atlanta United FC
Paraguay,PAR,Gustavo Alfaro,,3MF,Robert Piris Da Motta,"(1994-07-26)July 26, 1994 (aged 31)",9,0,Cerro Porteño
Paraguay,PAR,Gustavo Alfaro,,3MF,Álvaro Campuzano,"(1995-06-12)June 12, 1995 (aged 30)",4,0,Libertad
Paraguay,PAR,Gustavo Alfaro,,3MF,Diego González,"(2003-01-07)January 7, 2003 (aged 23)",4,0,Atlas
Paraguay,PAR,Gustavo Alfaro,,3MF,Hugo Cuenca,"(2005-01-08)January 8, 2005 (aged 21)",3,0,Burgos
Paraguay,PAR,Gustavo Alfaro,,3MF,Maurício,"(2001-06-22)June 22, 2001 (aged 24)",2,0,Palmeiras
Paraguay,PAR,Gustavo Alfaro,,3MF,Lucas Romero,"(2002-08-29)August 29, 2002 (aged 23)",2,0,Universidad de Chile
Paraguay,PAR,Gustavo Alfaro,,3MF,Enso González,"(2005-01-20)January 20, 2005 (aged 21)",0,0,Wolverhampton Wanderers
Paraguay,PAR,Gustavo Alfaro,,3MF,Rubén Lezcano,"(2004-02-09)February 9, 2004 (aged 22)",0,0,Olimpia
Paraguay,PAR,Gustavo Alfaro,,4FW,Óscar Romero,"(1992-07-04)July 4, 1992 (aged 33)",55,4,Huracán
Paraguay,PAR,Gustavo Alfaro,,4FW,Ángel Romero,"(1992-07-04)July 4, 1992 (aged 33)",51,8,Boca Juniors
Paraguay,PAR,Gustavo Alfaro,,4FW,Antonio Sanabria,"(1996-03-04)March 4, 1996 (aged 30)",47,7,Cremonese
Paraguay,PAR,Gustavo Alfaro,,4FW,Julio Enciso,"(2004-01-23)January 23, 2004 (aged 22)",31,4,Strasbourg
Paraguay,PAR,Gustavo Alfaro,,4FW,Gabriel Ávalos,"(1991-07-09)July 9, 1991 (aged 34)",22,2,Independiente
Paraguay,PAR,Gustavo Alfaro,,4FW,Carlos González,"(1993-02-04)February 4, 1993 (aged 33)",15,0,Independiente del Valle
Paraguay,PAR,Gustavo Alfaro,,4FW,Álex Arce,"(1995-06-16)June 16, 1995 (aged 30)",14,1,Independiente Rivadavia
Paraguay,PAR,Gustavo Alfaro,,4FW,Adam Bareiro,"(1996-07-26)July 26, 1996 (aged 29)",8,0,Boca Juniors
Paraguay,PAR,Gustavo Alfaro,,4FW,Lorenzo Melgarejo,"(1990-08-10)August 10, 1990 (aged 35)",5,0,Libertad
Paraguay,PAR,Gustavo Alfaro,,4FW,Isidro Pitta,"(1999-08-14)August 14, 1999 (aged 26)",5,0,Red Bull Bragantino
Paraguay,PAR,Gustavo Alfaro,,4FW,Ronaldo Martínez,"(1996-04-25)April 25, 1996 (aged 30)",4,0,Talleres
Paraguay,PAR,Gustavo Alfaro,,4FW,Gustavo Caballero,"(2001-09-21)September 21, 2001 (aged 24)",2,1,Portsmouth
Paraguay,PAR,Gustavo Alfaro,,4FW,Robert Morales,"(1999-03-17)March 17, 1999 (aged 27)",2,1,UNAM
Paraguay,PAR,Gustavo Alfaro,,4FW,Adrián Alcaraz,"(1999-09-28)September 28, 1999 (aged 26)",0,0,Olimpia
Paraguay,PAR,Gustavo Alfaro,,4FW,Rodney Redes,"(2000-02-22)February 22, 2000 (aged 26)",0,0,LDU Quito
Turkey,TUR,Vincenzo Montella,,1GK,Uğurcan Çakır,"(1996-04-05)April 5, 1996 (aged 30)",38,0,Galatasaray
Turkey,TUR,Vincenzo Montella,,1GK,Mert Günok,"(1989-03-01)March 1, 1989 (aged 37)",37,0,Fenerbahçe
Turkey,TUR,Vincenzo Montella,,1GK,Altay Bayındır,"(1998-04-14)April 14, 1998 (aged 28)",11,0,Manchester United
Turkey,TUR,Vincenzo Montella,,1GK,Ersin Destanoğlu,"(2001-01-01)January 1, 2001 (aged 25)",0,0,Beşiktaş
Turkey,TUR,Vincenzo Montella,,1GK,Muhammed Şengezer,"(1997-01-05)January 5, 1997 (aged 29)",0,0,İstanbul Başakşehir
Turkey,TUR,Vincenzo Montella,,2DF,Merih Demiral,"(1998-03-05)March 5, 1998 (aged 28)",61,6,Al-Ahli
Turkey,TUR,Vincenzo Montella,,2DF,Zeki Çelik,"(1997-02-17)February 17, 1997 (aged 29)",59,3,Roma
Turkey,TUR,Vincenzo Montella,,2DF,Çağlar Söyüncü,"(1996-05-23)May 23, 1996 (aged 30)",59,2,Fenerbahçe
Turkey,TUR,Vincenzo Montella,,2DF,Mert Müldür,"(1999-04-03)April 3, 1999 (aged 27)",43,3,Fenerbahçe
Turkey,TUR,Vincenzo Montella,,2DF,Ferdi Kadıoğlu,"(1999-10-07)October 7, 1999 (aged 26)",30,2,Brighton & Hove Albion
Turkey,TUR,Vincenzo Montella,,2DF,Ozan Kabak,"(2000-03-25)March 25, 2000 (aged 26)",28,2,TSG Hoffenheim
Turkey,TUR,Vincenzo Montella,,2DF,Abdülkerim Bardakcı,"(1994-09-07)September 7, 1994 (aged 31)",26,2,Galatasaray
Turkey,TUR,Vincenzo Montella,,2DF,Eren Elmalı,"(2000-07-07)July 7, 2000 (aged 25)",21,0,Galatasaray
Turkey,TUR,Vincenzo Montella,,2DF,Samet Akaydin,"(1994-05-13)May 13, 1994 (aged 32)",18,1,Çaykur Rizespor
Turkey,TUR,Vincenzo Montella,,2DF,Yusuf Akçiçek,"(2006-01-25)January 25, 2006 (aged 20)",3,0,Al-Hilal
Turkey,TUR,Vincenzo Montella,,2DF,Mustafa Eskihellaç,"(1997-05-05)May 5, 1997 (aged 29)",3,0,Trabzonspor
Turkey,TUR,Vincenzo Montella,,2DF,Ahmetcan Kaplan,"(2003-01-16)January 16, 2003 (aged 23)",0,0,NEC
Turkey,TUR,Vincenzo Montella,,3MF,Hakan Çalhanoğlu(captain),"(1994-02-08)February 8, 1994 (aged 32)",104,22,Inter Milan
Turkey,TUR,Vincenzo Montella,,3MF,Kaan Ayhan,"(1994-11-10)November 10, 1994 (aged 31)",72,5,Galatasaray
Turkey,TUR,Vincenzo Montella,,3MF,Orkun Kökçü,"(2000-12-29)December 29, 2000 (aged 25)",48,3,Beşiktaş
Turkey,TUR,Vincenzo Montella,,3MF,İsmail Yüksek,"(1999-01-26)January 26, 1999 (aged 27)",31,1,Fenerbahçe
Turkey,TUR,Vincenzo Montella,,3MF,Salih Özcan,"(1998-01-11)January 11, 1998 (aged 28)",28,1,Borussia Dortmund
Turkey,TUR,Vincenzo Montella,,3MF,Atakan Karazor,"(1996-10-13)October 13, 1996 (aged 29)",2,0,VfB Stuttgart
Turkey,TUR,Vincenzo Montella,,3MF,Demir Ege Tıknaz,"(2004-08-17)August 17, 2004 (aged 21)",1,0,Braga
Turkey,TUR,Vincenzo Montella,,4FW,Kerem Aktürkoğlu,"(1998-10-21)October 21, 1998 (aged 27)",51,15,Fenerbahçe
Turkey,TUR,Vincenzo Montella,,4FW,İrfan Can Kahveci,"(1995-07-15)July 15, 1995 (aged 30)",45,6,Kasımpaşa
Turkey,TUR,Vincenzo Montella,,4FW,Barış Alper Yılmaz,"(2000-05-23)May 23, 2000 (aged 26)",33,2,Galatasaray
Turkey,TUR,Vincenzo Montella,,4FW,Arda Güler,"(2005-02-25)February 25, 2005 (aged 21)",28,6,Real Madrid
Turkey,TUR,Vincenzo Montella,,4FW,Kenan Yıldız,"(2005-05-04)May 4, 2005 (aged 21)",28,5,Juventus
Turkey,TUR,Vincenzo Montella,,4FW,Yunus Akgün,"(2000-07-07)July 7, 2000 (aged 25)",17,3,Galatasaray
Turkey,TUR,Vincenzo Montella,,4FW,Oğuz Aydın,"(2000-10-27)October 27, 2000 (aged 25)",9,0,Fenerbahçe
Turkey,TUR,Vincenzo Montella,,4FW,Deniz Gül,"(2004-07-02)July 2, 2004 (aged 21)",6,1,Porto
Turkey,TUR,Vincenzo Montella,,4FW,Yusuf Sarı,"(1998-11-20)November 20, 1998 (aged 27)",6,1,İstanbul Başakşehir
Turkey,TUR,Vincenzo Montella,,4FW,Can Uzun,"(2005-11-11)November 11, 2005 (aged 20)",4,0,Eintracht Frankfurt
Turkey,TUR,Vincenzo Montella,,4FW,Aral Şimşir,"(2002-06-19)June 19, 2002 (aged 23)",0,0,Midtjylland
Curaçao,CUR,Dick Advocaat,,1GK,Eloy Room,"(1989-02-06)February 6, 1989 (aged 37)",70,0,Miami FC
Curaçao,CUR,Dick Advocaat,,1GK,Trevor Doornbusch,"(1999-07-06)July 6, 1999 (aged 26)",7,0,VVV-Venlo
Curaçao,CUR,Dick Advocaat,,1GK,Tyrick Bodak,"(2002-05-15)May 15, 2002 (aged 24)",4,0,Telstar
Curaçao,CUR,Dick Advocaat,,2DF,Juriën Gaari,"(1993-12-23)December 23, 1993 (aged 32)",58,1,Abha
Curaçao,CUR,Dick Advocaat,,2DF,Roshon van Eijma,"(1998-06-09)June 9, 1998 (aged 28)",27,1,RKC Waalwijk
Curaçao,CUR,Dick Advocaat,,2DF,Sherel Floranus,"(1998-08-23)August 23, 1998 (aged 27)",26,0,PEC Zwolle
Curaçao,CUR,Dick Advocaat,,2DF,Joshua Brenet,"(1994-03-20)March 20, 1994 (aged 32)",17,1,Kayserispor
Curaçao,CUR,Dick Advocaat,,2DF,Shurandy Sambo,"(2001-08-19)August 19, 2001 (aged 24)",7,0,Sparta Rotterdam
Curaçao,CUR,Dick Advocaat,,2DF,Armando Obispo,"(1999-03-05)March 5, 1999 (aged 27)",4,0,PSV Eindhoven
Curaçao,CUR,Dick Advocaat,,2DF,Riechedly Bazoer,"(1996-10-12)October 12, 1996 (aged 29)",3,0,Konyaspor
Curaçao,CUR,Dick Advocaat,,2DF,Deveron Fonville,"(2003-05-16)May 16, 2003 (aged 23)",0,0,NEC
Curaçao,CUR,Dick Advocaat,,3MF,Leandro Bacuna(captain),"(1991-08-21)August 21, 1991 (aged 34)",70,16,Iğdır
Curaçao,CUR,Dick Advocaat,,3MF,Juninho Bacuna,"(1997-08-07)August 7, 1997 (aged 28)",47,14,Volendam
Curaçao,CUR,Dick Advocaat,,3MF,Godfried Roemeratoe,"(1999-08-19)August 19, 1999 (aged 26)",26,1,RKC Waalwijk
Curaçao,CUR,Dick Advocaat,,3MF,Kevin Felida,"(1999-11-11)November 11, 1999 (aged 26)",19,1,Den Bosch
Curaçao,CUR,Dick Advocaat,,3MF,Livano Comenencia,"(2004-02-03)February 3, 2004 (aged 22)",18,1,Zürich
Curaçao,CUR,Dick Advocaat,,3MF,Ar'jany Martha,"(2003-09-04)September 4, 2003 (aged 22)",8,2,Rotherham United
Curaçao,CUR,Dick Advocaat,,3MF,Tyrese Noslin,"(2002-09-11)September 11, 2002 (aged 23)",5,1,Telstar
Curaçao,CUR,Dick Advocaat,,4FW,Kenji Gorré,"(1994-09-29)September 29, 1994 (aged 31)",37,6,Maccabi Haifa
Curaçao,CUR,Dick Advocaat,,4FW,Brandley Kuwas,"(1992-09-19)September 19, 1992 (aged 33)",34,2,Volendam
Curaçao,CUR,Dick Advocaat,,4FW,Gervane Kastaneer,"(1996-06-09)June 9, 1996 (aged 30)",27,9,Terengganu
Curaçao,CUR,Dick Advocaat,,4FW,Jeremy Antonisse,"(2002-03-29)March 29, 2002 (aged 24)",25,3,Kifisia
Curaçao,CUR,Dick Advocaat,,4FW,Jearl Margaritha,"(2000-04-10)April 10, 2000 (aged 26)",21,5,Beveren
Curaçao,CUR,Dick Advocaat,,4FW,Jürgen Locadia,"(1993-11-07)November 7, 1993 (aged 32)",12,1,Miami FC
Curaçao,CUR,Dick Advocaat,,4FW,Sontje Hansen,"(2002-05-18)May 18, 2002 (aged 24)",5,1,Middlesbrough
Curaçao,CUR,Dick Advocaat,,4FW,Tahith Chong,"(1999-12-04)December 4, 1999 (aged 26)",4,2,Sheffield United
Germany,GER,Julian Nagelsmann,1,1GK,Manuel Neuer,"(1986-03-27)March 27, 1986 (aged 40)",124,0,Bayern Munich
Germany,GER,Julian Nagelsmann,2,2DF,Antonio Rüdiger,"(1993-03-03)March 3, 1993 (aged 33)",82,3,Real Madrid
Germany,GER,Julian Nagelsmann,3,2DF,Waldemar Anton,"(1996-07-20)July 20, 1996 (aged 29)",12,0,Borussia Dortmund
Germany,GER,Julian Nagelsmann,4,2DF,Jonathan Tah,"(1996-02-11)February 11, 1996 (aged 30)",45,1,Bayern Munich
Germany,GER,Julian Nagelsmann,5,3MF,Aleksandar Pavlović,"(2004-05-03)May 3, 2004 (aged 22)",9,1,Bayern Munich
Germany,GER,Julian Nagelsmann,6,3MF,Joshua Kimmich(captain),"(1995-02-08)February 8, 1995 (aged 31)",108,10,Bayern Munich
Germany,GER,Julian Nagelsmann,7,4FW,Kai Havertz,"(1999-06-11)June 11, 1999 (aged 27)",57,21,Arsenal
Germany,GER,Julian Nagelsmann,8,3MF,Leon Goretzka,"(1995-02-06)February 6, 1995 (aged 31)",69,15,Bayern Munich
Germany,GER,Julian Nagelsmann,9,3MF,Jamie Leweling,"(2001-02-26)February 26, 2001 (aged 25)",4,1,VfB Stuttgart
Germany,GER,Julian Nagelsmann,10,3MF,Jamal Musiala,"(2003-02-26)February 26, 2003 (aged 23)",40,8,Bayern Munich
Germany,GER,Julian Nagelsmann,11,4FW,Nick Woltemade,"(2002-02-14)February 14, 2002 (aged 24)",10,4,Newcastle United
Germany,GER,Julian Nagelsmann,12,1GK,Oliver Baumann,"(1990-06-02)June 2, 1990 (aged 36)",11,0,TSG Hoffenheim
Germany,GER,Julian Nagelsmann,13,3MF,Pascal Groß,"(1991-06-15)June 15, 1991 (aged 34)",18,1,Brighton & Hove Albion
Germany,GER,Julian Nagelsmann,14,4FW,Maximilian Beier,"(2002-10-17)October 17, 2002 (aged 23)",7,0,Borussia Dortmund
Germany,GER,Julian Nagelsmann,15,2DF,Nico Schlotterbeck,"(1999-12-01)December 1, 1999 (aged 26)",25,0,Borussia Dortmund
Germany,GER,Julian Nagelsmann,16,3MF,Angelo Stiller,"(2001-04-04)April 4, 2001 (aged 25)",7,0,VfB Stuttgart
Germany,GER,Julian Nagelsmann,17,3MF,Florian Wirtz,"(2003-05-03)May 3, 2003 (aged 23)",39,10,Liverpool
Germany,GER,Julian Nagelsmann,18,2DF,Nathaniel Brown,"(2003-06-16)June 16, 2003 (aged 22)",3,0,Eintracht Frankfurt
Germany,GER,Julian Nagelsmann,19,3MF,Leroy Sané,"(1996-01-11)January 11, 1996 (aged 30)",74,16,Galatasaray
Germany,GER,Julian Nagelsmann,20,3MF,Nadiem Amiri,"(1996-10-27)October 27, 1996 (aged 29)",9,1,Mainz 05
Germany,GER,Julian Nagelsmann,21,1GK,Alexander Nübel,"(1996-09-30)September 30, 1996 (aged 29)",3,0,VfB Stuttgart
Germany,GER,Julian Nagelsmann,22,2DF,David Raum,"(1998-04-22)April 22, 1998 (aged 28)",36,1,RB Leipzig
Germany,GER,Julian Nagelsmann,23,3MF,Felix Nmecha,"(2000-10-10)October 10, 2000 (aged 25)",6,1,Borussia Dortmund
Germany,GER,Julian Nagelsmann,24,2DF,Malick Thiaw,"(2001-08-08)August 8, 2001 (aged 24)",5,0,Newcastle United
Germany,GER,Julian Nagelsmann,25,3MF,Lennart Karl,"(2008-02-22)February 22, 2008 (aged 18)",2,0,Bayern Munich
Germany,GER,Julian Nagelsmann,26,4FW,Deniz Undav,"(1996-07-19)July 19, 1996 (aged 29)",7,4,VfB Stuttgart
Ivory Coast,CIV,Emerse Faé,,1GK,Yahia Fofana,"(2000-08-21)August 21, 2000 (aged 25)",34,0,Çaykur Rizespor
Ivory Coast,CIV,Emerse Faé,,1GK,Alban Lafont,"(1999-01-23)January 23, 1999 (aged 27)",4,0,Panathinaikos
Ivory Coast,CIV,Emerse Faé,,1GK,Mohamed Koné,"(2002-03-07)March 7, 2002 (aged 24)",0,0,Charleroi
Ivory Coast,CIV,Emerse Faé,,2DF,Ghislain Konan,"(1995-12-27)December 27, 1995 (aged 30)",53,0,Gil Vicente
Ivory Coast,CIV,Emerse Faé,,2DF,Odilon Kossounou,"(2001-01-04)January 4, 2001 (aged 25)",35,0,Atalanta
Ivory Coast,CIV,Emerse Faé,,2DF,Wilfried Singo,"(2000-12-25)December 25, 2000 (aged 25)",33,1,Galatasaray
Ivory Coast,CIV,Emerse Faé,,2DF,Evan Ndicka,"(1999-08-20)August 20, 1999 (aged 26)",28,0,Roma
Ivory Coast,CIV,Emerse Faé,,2DF,Emmanuel Agbadou,"(1997-06-07)June 7, 1997 (aged 29)",19,2,Beşiktaş
Ivory Coast,CIV,Emerse Faé,,2DF,Guéla Doué,"(2002-10-17)October 17, 2002 (aged 23)",19,2,Strasbourg
Ivory Coast,CIV,Emerse Faé,,2DF,Ousmane Diomande,"(2003-12-04)December 4, 2003 (aged 22)",14,1,Sporting CP
Ivory Coast,CIV,Emerse Faé,,2DF,Clément Akpa,"(2001-11-24)November 24, 2001 (aged 24)",5,0,Auxerre
Ivory Coast,CIV,Emerse Faé,,3MF,Franck Kessié(captain),"(1996-12-19)December 19, 1996 (aged 29)",102,15,Al-Ahli
Ivory Coast,CIV,Emerse Faé,,3MF,Jean Michaël Seri,"(1991-07-19)July 19, 1991 (aged 34)",65,4,Maribor
Ivory Coast,CIV,Emerse Faé,,3MF,Ibrahim Sangaré,"(1997-12-02)December 2, 1997 (aged 28)",57,12,Nottingham Forest
Ivory Coast,CIV,Emerse Faé,,3MF,Seko Fofana,"(1995-05-07)May 7, 1995 (aged 31)",31,7,Porto
Ivory Coast,CIV,Emerse Faé,,3MF,Christ Inao Oulaï,"(2006-04-06)April 6, 2006 (aged 20)",8,0,Trabzonspor
Ivory Coast,CIV,Emerse Faé,,3MF,Parfait Guiagon,"(2001-02-22)February 22, 2001 (aged 25)",5,0,Charleroi
Ivory Coast,CIV,Emerse Faé,,4FW,Nicolas Pépé,"(1995-05-29)May 29, 1995 (aged 31)",54,12,Villarreal
Ivory Coast,CIV,Emerse Faé,,4FW,Oumar Diakité,"(2003-12-20)December 20, 2003 (aged 22)",28,6,Cercle Brugge
Ivory Coast,CIV,Emerse Faé,,4FW,Simon Adingra,"(2002-01-01)January 1, 2002 (aged 24)",28,5,Monaco
Ivory Coast,CIV,Emerse Faé,,4FW,Evann Guessand,"(2001-07-01)July 1, 2001 (aged 24)",21,4,Crystal Palace
Ivory Coast,CIV,Emerse Faé,,4FW,Amad Diallo,"(2002-07-11)July 11, 2002 (aged 23)",18,5,Manchester United
Ivory Coast,CIV,Emerse Faé,,4FW,Yan Diomande,"(2006-11-14)November 14, 2006 (aged 19)",9,3,RB Leipzig
Ivory Coast,CIV,Emerse Faé,,4FW,Bazoumana Touré,"(2006-03-02)March 2, 2006 (aged 20)",5,2,TSG Hoffenheim
Ivory Coast,CIV,Emerse Faé,,4FW,Elye Wahi,"(2003-01-02)January 2, 2003 (aged 23)",1,0,Nice
Ivory Coast,CIV,Emerse Faé,,4FW,Ange-Yoan Bonny,"(2003-10-25)October 25, 2003 (aged 22)",0,0,Inter Milan
Japan,JPN,Hajime Moriyasu,,1GK,Zion Suzuki,"(2002-08-21)August 21, 2002 (aged 23)",23,0,Parma
Japan,JPN,Hajime Moriyasu,,1GK,Keisuke Ōsako,"(1999-07-28)July 28, 1999 (aged 26)",11,0,Sanfrecce Hiroshima
Japan,JPN,Hajime Moriyasu,,1GK,Tomoki Hayakawa,"(1999-03-03)March 3, 1999 (aged 27)",3,0,Kashima Antlers
Japan,JPN,Hajime Moriyasu,,2DF,Yūto Nagatomo,"(1986-09-12)September 12, 1986 (aged 39)",144,4,FC Tokyo
Japan,JPN,Hajime Moriyasu,,2DF,Takehiro Tomiyasu,"(1998-11-05)November 5, 1998 (aged 27)",42,1,Ajax
Japan,JPN,Hajime Moriyasu,,2DF,Kō Itakura,"(1997-01-27)January 27, 1997 (aged 29)",39,2,Ajax
Japan,JPN,Hajime Moriyasu,,2DF,Shōgo Taniguchi,"(1991-07-15)July 15, 1991 (aged 34)",37,1,Sint-Truiden
Japan,JPN,Hajime Moriyasu,,2DF,Hiroki Itō,"(1999-05-12)May 12, 1999 (aged 27)",23,1,Bayern Munich
Japan,JPN,Hajime Moriyasu,,2DF,Yukinari Sugawara,"(2000-06-28)June 28, 2000 (aged 25)",20,2,Werder Bremen
Japan,JPN,Hajime Moriyasu,,2DF,Ayumu Seko,"(2000-06-07)June 7, 2000 (aged 26)",13,0,Le Havre
Japan,JPN,Hajime Moriyasu,,2DF,Tsuyoshi Watanabe,"(1997-02-05)February 5, 1997 (aged 29)",10,0,Feyenoord
Japan,JPN,Hajime Moriyasu,,2DF,Junnosuke Suzuki,"(2003-07-12)July 12, 2003 (aged 22)",6,0,Copenhagen
Japan,JPN,Hajime Moriyasu,,3MF,Wataru Endo(captain),"(1993-02-09)February 9, 1993 (aged 33)",72,4,Liverpool
Japan,JPN,Hajime Moriyasu,,3MF,Junya Itō,"(1993-03-09)March 9, 1993 (aged 33)",68,15,Genk
Japan,JPN,Hajime Moriyasu,,3MF,Ritsu Dōan,"(1998-06-16)June 16, 1998 (aged 27)",64,11,Eintracht Frankfurt
Japan,JPN,Hajime Moriyasu,,3MF,Daichi Kamada,"(1996-08-05)August 5, 1996 (aged 29)",49,12,Crystal Palace
Japan,JPN,Hajime Moriyasu,,3MF,Takefusa Kubo,"(2001-06-04)June 4, 2001 (aged 25)",48,7,Real Sociedad
Japan,JPN,Hajime Moriyasu,,3MF,Ao Tanaka,"(1998-09-10)September 10, 1998 (aged 27)",37,8,Leeds United
Japan,JPN,Hajime Moriyasu,,3MF,Keito Nakamura,"(2000-07-28)July 28, 2000 (aged 25)",24,10,Reims
Japan,JPN,Hajime Moriyasu,,3MF,Kaishū Sano,"(2000-12-30)December 30, 2000 (aged 25)",12,0,Mainz 05
Japan,JPN,Hajime Moriyasu,,4FW,Ayase Ueda,"(1998-08-28)August 28, 1998 (aged 27)",38,16,Feyenoord
Japan,JPN,Hajime Moriyasu,,4FW,Daizen Maeda,"(1997-10-20)October 20, 1997 (aged 28)",27,4,Celtic
Japan,JPN,Hajime Moriyasu,,4FW,Kōki Ogawa,"(1997-08-08)August 8, 1997 (aged 28)",14,10,NEC
Japan,JPN,Hajime Moriyasu,,4FW,Yuito Suzuki,"(2001-10-25)October 25, 2001 (aged 24)",6,0,SC Freiburg
Japan,JPN,Hajime Moriyasu,,4FW,Keisuke Gotō,"(2005-06-03)June 3, 2005 (aged 21)",3,0,Sint-Truiden
Japan,JPN,Hajime Moriyasu,,4FW,Kento Shiogai,"(2005-03-26)March 26, 2005 (aged 21)",1,0,VfL Wolfsburg
Sweden,SWE,Graham Potter,1,1GK,Jacob Widell Zetterström,"(1998-07-11)July 11, 1998 (aged 27)",2,0,Derby County
Sweden,SWE,Graham Potter,2,2DF,Gustaf Lagerbielke,"(2000-04-10)April 10, 2000 (aged 26)",9,2,Braga
Sweden,SWE,Graham Potter,3,2DF,Victor Lindelöf(captain),"(1994-07-17)July 17, 1994 (aged 31)",75,3,Aston Villa
Sweden,SWE,Graham Potter,4,2DF,Isak Hien,"(1999-01-13)January 13, 1999 (aged 27)",27,0,Atalanta
Sweden,SWE,Graham Potter,5,2DF,Gabriel Gudmundsson,"(1999-04-29)April 29, 1999 (aged 27)",23,0,Leeds United
Sweden,SWE,Graham Potter,6,2DF,Emil Holm,"(2000-05-13)May 13, 2000 (aged 26)",16,2,Juventus
Sweden,SWE,Graham Potter,7,3MF,Lucas Bergvall,"(2006-02-02)February 2, 2006 (aged 20)",8,0,Tottenham Hotspur
Sweden,SWE,Graham Potter,8,2DF,Daniel Svensson,"(2002-02-12)February 12, 2002 (aged 24)",11,0,Borussia Dortmund
Sweden,SWE,Graham Potter,9,4FW,Alexander Isak,"(1999-09-21)September 21, 1999 (aged 26)",56,16,Liverpool
Sweden,SWE,Graham Potter,10,4FW,Benjamin Nygren,"(2001-07-08)July 8, 2001 (aged 24)",9,3,Celtic
Sweden,SWE,Graham Potter,11,4FW,Anthony Elanga,"(2002-04-27)April 27, 2002 (aged 24)",28,6,Newcastle United
Sweden,SWE,Graham Potter,12,1GK,Viktor Johansson,"(1998-09-14)September 14, 1998 (aged 27)",12,0,Stoke City
Sweden,SWE,Graham Potter,13,3MF,Ken Sema,"(1993-09-30)September 30, 1993 (aged 32)",32,5,Pafos
Sweden,SWE,Graham Potter,14,2DF,Hjalmar Ekdal,"(1998-10-21)October 21, 1998 (aged 27)",11,0,Burnley
Sweden,SWE,Graham Potter,15,2DF,Carl Starfelt,"(1995-06-01)June 1, 1995 (aged 31)",17,0,Celta Vigo
Sweden,SWE,Graham Potter,16,3MF,Jesper Karlström,"(1995-06-21)June 21, 1995 (aged 30)",23,0,Udinese
Sweden,SWE,Graham Potter,17,4FW,Viktor Gyökeres,"(1998-06-04)June 4, 1998 (aged 28)",32,19,Arsenal
Sweden,SWE,Graham Potter,18,3MF,Yasin Ayari,"(2003-10-06)October 6, 2003 (aged 22)",19,3,Brighton & Hove Albion
Sweden,SWE,Graham Potter,19,3MF,Mattias Svanberg,"(1999-01-05)January 5, 1999 (aged 27)",39,2,VfL Wolfsburg
Sweden,SWE,Graham Potter,20,2DF,Eric Smith,"(1997-01-08)January 8, 1997 (aged 29)",0,0,FC St. Pauli
Sweden,SWE,Graham Potter,21,4FW,Alexander Bernhardsson,"(1998-09-08)September 8, 1998 (aged 27)",9,0,Holstein Kiel
Sweden,SWE,Graham Potter,22,3MF,Besfort Zeneli,"(2002-11-21)November 21, 2002 (aged 23)",6,0,Union Saint-Gilloise
Sweden,SWE,Graham Potter,23,1GK,Kristoffer Nordfeldt,"(1989-06-23)June 23, 1989 (aged 36)",20,0,AIK
Sweden,SWE,Graham Potter,24,2DF,Elliot Stroud,"(2002-06-22)June 22, 2002 (aged 23)",0,0,Mjällby AIF
Sweden,SWE,Graham Potter,25,4FW,Gustaf Nilsson,"(1997-05-23)May 23, 1997 (aged 29)",8,3,Club Brugge
Sweden,SWE,Graham Potter,26,4FW,Taha Ali,"(1998-07-01)July 1, 1998 (aged 27)",1,0,Malmö FF
Tunisia,TUN,Sabri Lamouchi,,1GK,Aymen Dahmen,"(1997-01-28)January 28, 1997 (aged 29)",37,0,CS Sfaxien
Tunisia,TUN,Sabri Lamouchi,,1GK,Sabri Ben Hessen,"(1996-06-13)June 13, 1996 (aged 29)",2,0,Étoile du Sahel
Tunisia,TUN,Sabri Lamouchi,,1GK,Mouhib Chamakh,"(2001-08-25)August 25, 2001 (aged 24)",1,0,Club Africain
Tunisia,TUN,Sabri Lamouchi,,2DF,Montassar Talbi,"(1998-05-26)May 26, 1998 (aged 28)",62,4,Lorient
Tunisia,TUN,Sabri Lamouchi,,2DF,Dylan Bronn,"(1995-06-19)June 19, 1995 (aged 30)",52,2,Servette
Tunisia,TUN,Sabri Lamouchi,,2DF,Ali Abdi,"(1993-12-20)December 20, 1993 (aged 32)",45,7,Nice
Tunisia,TUN,Sabri Lamouchi,,2DF,Yan Valery,"(1999-02-22)February 22, 1999 (aged 27)",21,0,Young Boys
Tunisia,TUN,Sabri Lamouchi,,2DF,Mohamed Amine Ben Hamida,"(1995-12-15)December 15, 1995 (aged 30)",12,0,Espérance de Tunis
Tunisia,TUN,Sabri Lamouchi,,2DF,Moutaz Neffati,"(2004-09-04)September 4, 2004 (aged 21)",5,0,IFK Norrköping
Tunisia,TUN,Sabri Lamouchi,,2DF,Omar Rekik,"(2001-12-20)December 20, 2001 (aged 24)",4,0,Maribor
Tunisia,TUN,Sabri Lamouchi,,2DF,Adem Arous,"(2004-07-17)July 17, 2004 (aged 21)",1,0,Kasımpaşa
Tunisia,TUN,Sabri Lamouchi,,2DF,Raed Chikhaoui,"(2004-06-09)June 9, 2004 (aged 22)",0,0,US Monastir
Tunisia,TUN,Sabri Lamouchi,,3MF,Ellyes Skhiri(captain),"(1995-05-10)May 10, 1995 (aged 31)",81,4,Eintracht Frankfurt
Tunisia,TUN,Sabri Lamouchi,,3MF,Hannibal Mejbri,"(2003-01-21)January 21, 2003 (aged 23)",44,1,Burnley
Tunisia,TUN,Sabri Lamouchi,,3MF,Anis Ben Slimane,"(2001-03-16)March 16, 2001 (aged 25)",39,4,Norwich City
Tunisia,TUN,Sabri Lamouchi,,3MF,Mortadha Ben Ouanes,"(1994-07-02)July 2, 1994 (aged 31)",17,0,Kasımpaşa
Tunisia,TUN,Sabri Lamouchi,,3MF,Ismaël Gharbi,"(2004-04-10)April 10, 2004 (aged 22)",15,2,FC Augsburg
Tunisia,TUN,Sabri Lamouchi,,3MF,Hadj Mahmoud,"(2000-04-24)April 24, 2000 (aged 26)",7,0,Lugano
Tunisia,TUN,Sabri Lamouchi,,3MF,Rani Khedira,"(1994-01-27)January 27, 1994 (aged 32)",2,0,Union Berlin
Tunisia,TUN,Sabri Lamouchi,,4FW,Elias Achouri,"(1999-02-10)February 10, 1999 (aged 27)",29,4,Copenhagen
Tunisia,TUN,Sabri Lamouchi,,4FW,Firas Chaouat,"(1996-05-08)May 8, 1996 (aged 30)",28,6,Club Africain
Tunisia,TUN,Sabri Lamouchi,,4FW,Hazem Mastouri,"(1997-06-18)June 18, 1997 (aged 28)",18,4,Dynamo Makhachkala
Tunisia,TUN,Sabri Lamouchi,,4FW,Elias Saad,"(1999-12-27)December 27, 1999 (aged 26)",14,4,Hannover 96
Tunisia,TUN,Sabri Lamouchi,,4FW,Sebastian Tounekti,"(2002-07-13)July 13, 2002 (aged 23)",10,1,Celtic
Tunisia,TUN,Sabri Lamouchi,,4FW,Khalil Ayari,"(2005-02-02)February 2, 2005 (aged 21)",2,0,Paris Saint-Germain
Tunisia,TUN,Sabri Lamouchi,,4FW,Rayan Elloumi,"(2007-09-17)September 17, 2007 (aged 18)",2,0,Vancouver Whitecaps FC
Belgium,BEL,Rudi Garcia,,1GK,Thibaut Courtois,"(1992-05-11)May 11, 1992 (aged 34)",107,0,Real Madrid
Belgium,BEL,Rudi Garcia,,1GK,Senne Lammens,"(2002-07-07)July 7, 2002 (aged 23)",2,0,Manchester United
Belgium,BEL,Rudi Garcia,,1GK,Mike Penders,"(2005-07-31)July 31, 2005 (aged 20)",0,0,Strasbourg
Belgium,BEL,Rudi Garcia,,2DF,Thomas Meunier,"(1991-09-12)September 12, 1991 (aged 34)",78,10,Lille
Belgium,BEL,Rudi Garcia,,2DF,Timothy Castagne,"(1995-12-05)December 5, 1995 (aged 30)",62,2,Fulham
Belgium,BEL,Rudi Garcia,,2DF,Arthur Theate,"(2000-05-25)May 25, 2000 (aged 26)",32,1,Eintracht Frankfurt
Belgium,BEL,Rudi Garcia,,2DF,Zeno Debast,"(2003-10-24)October 24, 2003 (aged 22)",26,1,Sporting CP
Belgium,BEL,Rudi Garcia,,2DF,Maxim De Cuyper,"(2000-12-22)December 22, 2000 (aged 25)",17,4,Brighton & Hove Albion
Belgium,BEL,Rudi Garcia,,2DF,Brandon Mechele,"(1993-01-28)January 28, 1993 (aged 33)",7,1,Club Brugge
Belgium,BEL,Rudi Garcia,,2DF,Koni De Winter,"(2002-06-12)June 12, 2002 (aged 23)",7,0,Milan
Belgium,BEL,Rudi Garcia,,2DF,Joaquin Seys,"(2005-03-28)March 28, 2005 (aged 21)",4,0,Club Brugge
Belgium,BEL,Rudi Garcia,,2DF,Nathan Ngoy,"(2003-06-10)June 10, 2003 (aged 23)",2,0,Lille
Belgium,BEL,Rudi Garcia,,3MF,Axel Witsel,"(1989-01-12)January 12, 1989 (aged 37)",136,12,Girona
Belgium,BEL,Rudi Garcia,,3MF,Kevin De Bruyne,"(1991-06-28)June 28, 1991 (aged 34)",117,36,Napoli
Belgium,BEL,Rudi Garcia,,3MF,Youri Tielemans(captain),"(1997-05-07)May 7, 1997 (aged 29)",83,12,Aston Villa
Belgium,BEL,Rudi Garcia,,3MF,Hans Vanaken,"(1992-08-24)August 24, 1992 (aged 33)",32,7,Club Brugge
Belgium,BEL,Rudi Garcia,,3MF,Amadou Onana,"(2001-08-16)August 16, 2001 (aged 24)",27,1,Aston Villa
Belgium,BEL,Rudi Garcia,,3MF,Nicolas Raskin,"(2001-02-23)February 23, 2001 (aged 25)",11,1,Rangers
Belgium,BEL,Rudi Garcia,,4FW,Romelu Lukaku,"(1993-05-13)May 13, 1993 (aged 33)",124,89,Napoli
Belgium,BEL,Rudi Garcia,,4FW,Leandro Trossard,"(1994-12-04)December 4, 1994 (aged 31)",50,11,Arsenal
Belgium,BEL,Rudi Garcia,,4FW,Jérémy Doku,"(2002-05-27)May 27, 2002 (aged 24)",41,7,Manchester City
Belgium,BEL,Rudi Garcia,,4FW,Dodi Lukébakio,"(1997-09-24)September 24, 1997 (aged 28)",29,5,Benfica
Belgium,BEL,Rudi Garcia,,4FW,Charles De Ketelaere,"(2001-03-10)March 10, 2001 (aged 25)",28,5,Atalanta
Belgium,BEL,Rudi Garcia,,4FW,Alexis Saelemaekers,"(1999-06-27)June 27, 1999 (aged 26)",23,2,Milan
Belgium,BEL,Rudi Garcia,,4FW,Diego Moreira,"(2004-08-06)August 6, 2004 (aged 21)",2,0,Strasbourg
Belgium,BEL,Rudi Garcia,,4FW,Matias Fernandez-Pardo,"(2005-02-03)February 3, 2005 (aged 21)",0,0,Lille
Egypt,EGY,Hossam Hassan,,1GK,Mohamed El Shenawy,"(1988-12-18)December 18, 1988 (aged 37)",75,0,Al Ahly
Egypt,EGY,Hossam Hassan,,1GK,Mostafa Shobeir,"(2000-03-17)March 17, 2000 (aged 26)",7,0,Al Ahly
Egypt,EGY,Hossam Hassan,,1GK,Mohamed Alaa,"(1999-01-09)January 9, 1999 (aged 27)",0,0,El Gouna
Egypt,EGY,Hossam Hassan,,1GK,El Mahdy Soliman,"(1987-06-08)June 8, 1987 (aged 39)",0,0,Zamalek
Egypt,EGY,Hossam Hassan,,2DF,Hamdy Fathy,"(1994-09-29)September 29, 1994 (aged 31)",62,3,Al-Wakrah
Egypt,EGY,Hossam Hassan,,2DF,Ramy Rabia,"(1993-05-20)May 20, 1993 (aged 33)",43,5,Al Ain
Egypt,EGY,Hossam Hassan,,2DF,Mohamed Hany,"(1996-01-25)January 25, 1996 (aged 30)",40,0,Al Ahly
Egypt,EGY,Hossam Hassan,,2DF,Ahmed Abou El Fotouh,"(1998-03-22)March 22, 1998 (aged 28)",38,1,Zamalek
Egypt,EGY,Hossam Hassan,,2DF,Mohamed Abdelmonem,"(1999-02-01)February 1, 1999 (aged 27)",34,3,Nice
Egypt,EGY,Hossam Hassan,,2DF,Yasser Ibrahim,"(1993-02-10)February 10, 1993 (aged 33)",15,1,Al Ahly
Egypt,EGY,Hossam Hassan,,2DF,Hossam Abdelmaguid,"(2001-04-30)April 30, 2001 (aged 25)",12,0,Zamalek
Egypt,EGY,Hossam Hassan,,2DF,Karim Hafez,"(1996-03-12)March 12, 1996 (aged 30)",7,0,Pyramids
Egypt,EGY,Hossam Hassan,,2DF,Tarek Alaa,"(2002-01-05)January 5, 2002 (aged 24)",1,0,ZED
Egypt,EGY,Hossam Hassan,,3MF,Marwan Attia,"(1998-08-12)August 12, 1998 (aged 27)",32,1,Al Ahly
Egypt,EGY,Hossam Hassan,,3MF,Emam Ashour,"(1998-02-20)February 20, 1998 (aged 28)",27,0,Al Ahly
Egypt,EGY,Hossam Hassan,,3MF,Mohanad Lasheen,"(1996-05-29)May 29, 1996 (aged 30)",21,0,Pyramids
Egypt,EGY,Hossam Hassan,,3MF,Mahmoud Saber,"(2001-07-30)July 30, 2001 (aged 24)",14,1,ZED
Egypt,EGY,Hossam Hassan,,3MF,Nabil Emad,"(1996-04-06)April 6, 1996 (aged 30)",8,0,Al-Najma
Egypt,EGY,Hossam Hassan,,3MF,Mostafa Ziko,"(1997-04-27)April 27, 1997 (aged 29)",0,0,Pyramids
Egypt,EGY,Hossam Hassan,,4FW,Mohamed Salah(captain),"(1992-06-15)June 15, 1992 (aged 33)",116,67,Liverpool
Egypt,EGY,Hossam Hassan,,4FW,Trézéguet,"(1994-10-01)October 1, 1994 (aged 31)",94,23,Al Ahly
Egypt,EGY,Hossam Hassan,,4FW,Zizo,"(1996-01-10)January 10, 1996 (aged 30)",61,5,Al Ahly
Egypt,EGY,Hossam Hassan,,4FW,Omar Marmoush,"(1999-02-07)February 7, 1999 (aged 27)",47,11,Manchester City
Egypt,EGY,Hossam Hassan,,4FW,Ibrahim Adel,"(2001-04-23)April 23, 2001 (aged 25)",22,3,Nordsjælland
Egypt,EGY,Hossam Hassan,,4FW,Haissem Hassan,"(2002-02-08)February 8, 2002 (aged 24)",2,0,Oviedo
Egypt,EGY,Hossam Hassan,,4FW,Aqtay Abdallah,"(2003-06-01)June 1, 2003 (aged 23)",0,0,ENPPI
Egypt,EGY,Hossam Hassan,,4FW,Hamza Abdelkarim,"(2008-01-01)January 1, 2008 (aged 18)",0,0,Barcelona B
Iran,IRN,Amir Ghalenoei,,1GK,Alireza Beiranvand,"(1992-09-21)September 21, 1992 (aged 33)",84,0,Tractor
Iran,IRN,Amir Ghalenoei,,1GK,Payam Niazmand,"(1995-04-06)April 6, 1995 (aged 31)",15,0,Persepolis
Iran,IRN,Amir Ghalenoei,,1GK,Hossein Hosseini,"(1992-06-30)June 30, 1992 (aged 33)",13,0,Sepahan
Iran,IRN,Amir Ghalenoei,,1GK,Mohammad Khalife,"(2004-08-19)August 19, 2004 (aged 21)",0,0,Aluminium Arak
Iran,IRN,Amir Ghalenoei,,2DF,Ehsan Hajsafi,"(1990-02-25)February 25, 1990 (aged 36)",144,7,Sepahan
Iran,IRN,Amir Ghalenoei,,2DF,Milad Mohammadi,"(1993-09-29)September 29, 1993 (aged 32)",75,1,Persepolis
Iran,IRN,Amir Ghalenoei,,2DF,Ramin Rezaeian,"(1990-03-21)March 21, 1990 (aged 36)",72,6,Foolad
Iran,IRN,Amir Ghalenoei,,2DF,Hossein Kanaanizadegan,"(1994-03-23)March 23, 1994 (aged 32)",63,6,Persepolis
Iran,IRN,Amir Ghalenoei,,2DF,Shojae Khalilzadeh,"(1989-05-14)May 14, 1989 (aged 37)",56,2,Tractor
Iran,IRN,Amir Ghalenoei,,2DF,Saleh Hardani,"(1998-12-26)December 26, 1998 (aged 27)",17,1,Esteghlal
Iran,IRN,Amir Ghalenoei,,2DF,Ali Nemati,"(1996-02-07)February 7, 1996 (aged 30)",15,0,Foolad
Iran,IRN,Amir Ghalenoei,,2DF,Aria Yousefi,"(2002-04-22)April 22, 2002 (aged 24)",12,0,Sepahan
Iran,IRN,Amir Ghalenoei,,2DF,Danial Eiri,"(2003-10-26)October 26, 2003 (aged 22)",0,0,Malavan
Iran,IRN,Amir Ghalenoei,,3MF,Alireza Jahanbakhsh,"(1993-08-11)August 11, 1993 (aged 32)",98,17,Dender
Iran,IRN,Amir Ghalenoei,,3MF,Saeid Ezatolahi,"(1996-10-01)October 1, 1996 (aged 29)",81,1,Shabab Al-Ahli
Iran,IRN,Amir Ghalenoei,,3MF,Saman Ghoddos,"(1993-09-06)September 6, 1993 (aged 32)",67,3,Kalba
Iran,IRN,Amir Ghalenoei,,3MF,Mehdi Torabi,"(1994-09-10)September 10, 1994 (aged 31)",51,7,Tractor
Iran,IRN,Amir Ghalenoei,,3MF,Rouzbeh Cheshmi,"(1993-07-24)July 24, 1993 (aged 32)",40,3,Esteghlal
Iran,IRN,Amir Ghalenoei,,3MF,Omid Noorafkan,"(1997-04-09)April 9, 1997 (aged 29)",39,1,Sepahan
Iran,IRN,Amir Ghalenoei,,3MF,Mohammad Mohebi,"(1998-12-20)December 20, 1998 (aged 27)",35,14,Rostov
Iran,IRN,Amir Ghalenoei,,3MF,Mohammad Ghorbani,"(2001-05-21)May 21, 2001 (aged 25)",14,0,Al-Wahda
Iran,IRN,Amir Ghalenoei,,3MF,Amirmohammad Razzaghinia,"(2006-04-11)April 11, 2006 (aged 20)",2,0,Esteghlal
Iran,IRN,Amir Ghalenoei,,3MF,Hadi Habibinejad,"(1995-10-17)October 17, 1995 (aged 30)",0,0,Chadormalou
Iran,IRN,Amir Ghalenoei,,4FW,Mehdi Taremi,"(1992-07-18)July 18, 1992 (aged 33)",103,59,Olympiacos
Iran,IRN,Amir Ghalenoei,,4FW,Mehdi Ghayedi,"(1998-12-05)December 5, 1998 (aged 27)",29,10,Al-Nasr
Iran,IRN,Amir Ghalenoei,,4FW,Amirhossein Hosseinzadeh,"(2000-10-30)October 30, 2000 (aged 25)",16,5,Tractor
Iran,IRN,Amir Ghalenoei,,4FW,Ali Alipour,"(1995-11-11)November 11, 1995 (aged 30)",12,1,Persepolis
Iran,IRN,Amir Ghalenoei,,4FW,Kasra Taheri,"(2006-08-06)August 6, 2006 (aged 19)",2,0,Paykan
Iran,IRN,Amir Ghalenoei,,4FW,Amirhossein Mahmoudi,"(2006-07-12)July 12, 2006 (aged 19)",1,0,Persepolis
Iran,IRN,Amir Ghalenoei,,4FW,Dennis Eckert,"(1997-01-09)January 9, 1997 (aged 29)",0,0,Standard Liège
New Zealand,NZL,Darren Bazeley,1,1GK,Max Crocombe,"(1993-08-12)August 12, 1993 (aged 32)",22,0,Millwall
New Zealand,NZL,Darren Bazeley,2,2DF,Tim Payne,"(1994-01-10)January 10, 1994 (aged 32)",49,3,Wellington Phoenix
New Zealand,NZL,Darren Bazeley,3,2DF,Francis de Vries,"(1994-11-28)November 28, 1994 (aged 31)",18,1,Auckland FC
New Zealand,NZL,Darren Bazeley,4,2DF,Tyler Bindon,"(2005-01-27)January 27, 2005 (aged 21)",23,3,Sheffield United
New Zealand,NZL,Darren Bazeley,5,2DF,Michael Boxall,"(1988-08-18)August 18, 1988 (aged 37)",61,1,Minnesota United FC
New Zealand,NZL,Darren Bazeley,6,3MF,Joe Bell,"(1999-04-27)April 27, 1999 (aged 27)",31,1,Viking
New Zealand,NZL,Darren Bazeley,7,3MF,Matthew Garbett,"(2002-04-13)April 13, 2002 (aged 24)",35,5,Peterborough United
New Zealand,NZL,Darren Bazeley,8,3MF,Marko Stamenić,"(2002-02-19)February 19, 2002 (aged 24)",37,3,Swansea City
New Zealand,NZL,Darren Bazeley,9,4FW,Chris Wood(captain),"(1991-12-07)December 7, 1991 (aged 34)",88,45,Nottingham Forest
New Zealand,NZL,Darren Bazeley,10,3MF,Sarpreet Singh,"(1999-02-20)February 20, 1999 (aged 27)",26,3,Wellington Phoenix
New Zealand,NZL,Darren Bazeley,11,3MF,Elijah Just,"(2000-05-01)May 1, 2000 (aged 26)",42,9,Motherwell
New Zealand,NZL,Darren Bazeley,12,1GK,Alex Paulsen,"(2002-07-04)July 4, 2002 (aged 23)",6,0,Lechia Gdańsk
New Zealand,NZL,Darren Bazeley,13,2DF,Liberato Cacace,"(2000-09-27)September 27, 2000 (aged 25)",35,1,Wrexham
New Zealand,NZL,Darren Bazeley,14,3MF,Alex Rufer,"(1996-06-12)June 12, 1996 (aged 29)",24,0,Wellington Phoenix
New Zealand,NZL,Darren Bazeley,15,2DF,Nando Pijnaker,"(1999-02-25)February 25, 1999 (aged 27)",23,0,Auckland FC
New Zealand,NZL,Darren Bazeley,16,2DF,Finn Surman,"(2003-09-23)September 23, 2003 (aged 22)",17,2,Portland Timbers
New Zealand,NZL,Darren Bazeley,17,4FW,Kosta Barbarouses,"(1990-02-19)February 19, 1990 (aged 36)",74,10,Western Sydney Wanderers
New Zealand,NZL,Darren Bazeley,18,4FW,Ben Waine,"(2001-06-11)June 11, 2001 (aged 25)",30,9,Port Vale
New Zealand,NZL,Darren Bazeley,19,3MF,Ben Old,"(2002-08-13)August 13, 2002 (aged 23)",22,2,Saint-Étienne
New Zealand,NZL,Darren Bazeley,20,3MF,Callum McCowatt,"(1999-04-30)April 30, 1999 (aged 27)",30,4,Silkeborg
New Zealand,NZL,Darren Bazeley,21,4FW,Jesse Randall,"(2002-08-19)August 19, 2002 (aged 23)",9,2,Auckland FC
New Zealand,NZL,Darren Bazeley,22,1GK,Michael Woud,"(1999-01-16)January 16, 1999 (aged 27)",6,0,Auckland FC
New Zealand,NZL,Darren Bazeley,23,3MF,Ryan Thomas,"(1994-12-20)December 20, 1994 (aged 31)",25,3,PEC Zwolle
New Zealand,NZL,Darren Bazeley,24,2DF,Callan Elliot,"(1999-07-07)July 7, 1999 (aged 26)",9,0,Auckland FC
New Zealand,NZL,Darren Bazeley,25,3MF,Lachlan Bayliss,"(2002-07-24)July 24, 2002 (aged 23)",2,0,Newcastle Jets
New Zealand,NZL,Darren Bazeley,26,2DF,Tommy Smith,"(1990-03-31)March 31, 1990 (aged 36)",56,2,Braintree Town
Cape Verde,CAP,Bubista,,1GK,Vozinha,"(1986-06-03)June 3, 1986 (aged 40)",85,0,Chaves
Cape Verde,CAP,Bubista,,1GK,Márcio Rosa,"(1997-02-23)February 23, 1997 (aged 29)",10,0,Montana
Cape Verde,CAP,Bubista,,1GK,CJ dos Santos,"(2000-08-24)August 24, 2000 (aged 25)",0,0,San Diego
Cape Verde,CAP,Bubista,,2DF,Stopira,"(1988-05-20)May 20, 1988 (aged 38)",60,4,Torreense
Cape Verde,CAP,Bubista,,2DF,Roberto Lopes,"(1992-06-17)June 17, 1992 (aged 33)",44,0,Shamrock Rovers
Cape Verde,CAP,Bubista,,2DF,João Paulo,"(1998-05-26)May 26, 1998 (aged 28)",40,1,FCSB
Cape Verde,CAP,Bubista,,2DF,Diney,"(1995-01-17)January 17, 1995 (aged 31)",29,2,Al Bataeh
Cape Verde,CAP,Bubista,,2DF,Logan Costa,"(2001-04-01)April 1, 2001 (aged 25)",26,0,Villarreal
Cape Verde,CAP,Bubista,,2DF,Steven Moreira,"(1994-08-13)August 13, 1994 (aged 31)",18,0,Columbus Crew
Cape Verde,CAP,Bubista,,2DF,Wagner Pina,"(2002-11-03)November 3, 2002 (aged 23)",12,0,Trabzonspor
Cape Verde,CAP,Bubista,,2DF,Sidny Lopes Cabral,"(2003-09-18)September 18, 2003 (aged 22)",8,3,Benfica
Cape Verde,CAP,Bubista,,2DF,Kelvin Pires,"(2000-06-05)June 5, 2000 (aged 26)",4,1,SJK
Cape Verde,CAP,Bubista,,3MF,Jamiro Monteiro,"(1993-11-23)November 23, 1993 (aged 32)",53,5,PEC Zwolle
Cape Verde,CAP,Bubista,,3MF,Kevin Pina,"(1997-01-27)January 27, 1997 (aged 29)",30,2,Krasnodar
Cape Verde,CAP,Bubista,,3MF,Deroy Duarte,"(1999-07-04)July 4, 1999 (aged 26)",30,0,Ludogorets Razgrad
Cape Verde,CAP,Bubista,,3MF,Telmo Arcanjo,"(2001-06-21)June 21, 2001 (aged 24)",14,1,Vitória de Guimarães
Cape Verde,CAP,Bubista,,3MF,Laros Duarte,"(1997-02-28)February 28, 1997 (aged 29)",12,0,Puskás Akadémia
Cape Verde,CAP,Bubista,,3MF,Yannick Semedo,"(1995-12-29)December 29, 1995 (aged 30)",10,1,Farense
Cape Verde,CAP,Bubista,,4FW,Ryan Mendes(captain),"(1990-01-08)January 8, 1990 (aged 36)",94,22,Iğdır
Cape Verde,CAP,Bubista,,4FW,Garry Rodrigues,"(1990-11-27)November 27, 1990 (aged 35)",59,9,Apollon Limassol
Cape Verde,CAP,Bubista,,4FW,Willy Semedo,"(1994-04-27)April 27, 1994 (aged 32)",36,2,Omonia
Cape Verde,CAP,Bubista,,4FW,Jovane Cabral,"(1998-06-14)June 14, 1998 (aged 27)",25,2,Estrela Amadora
Cape Verde,CAP,Bubista,,4FW,Gilson Benchimol,"(2001-12-29)December 29, 2001 (aged 24)",21,5,Akron Tolyatti
Cape Verde,CAP,Bubista,,4FW,Dailon Livramento,"(2001-05-04)May 4, 2001 (aged 25)",20,7,Casa Pia
Cape Verde,CAP,Bubista,,4FW,Hélio Varela,"(2002-05-03)May 3, 2002 (aged 24)",19,0,Maccabi Tel Aviv
Cape Verde,CAP,Bubista,,4FW,Nuno da Costa,"(1991-02-10)February 10, 1991 (aged 35)",7,1,İstanbul Başakşehir
Saudi Arabia,KSA,Georgios Donis,,1GK,Mohammed Al-Owais,"(1991-10-10)October 10, 1991 (aged 34)",62,0,Al-Ula
Saudi Arabia,KSA,Georgios Donis,,1GK,Nawaf Al-Aqidi,"(2000-05-10)May 10, 2000 (aged 26)",22,0,Al-Nassr
Saudi Arabia,KSA,Georgios Donis,,1GK,Ahmed Al-Kassar,"(1991-05-08)May 8, 1991 (aged 35)",8,0,Al-Qadsiah
Saudi Arabia,KSA,Georgios Donis,,1GK,Abdulquddus Atiah,"(1997-03-01)March 1, 1997 (aged 29)",1,0,Al-Taawoun
Saudi Arabia,KSA,Georgios Donis,,2DF,Saud Abdulhamid,"(1999-07-18)July 18, 1999 (aged 26)",53,1,Lens
Saudi Arabia,KSA,Georgios Donis,,2DF,Hassan Al-Tambakti,"(1999-02-09)February 9, 1999 (aged 27)",50,0,Al-Hilal
Saudi Arabia,KSA,Georgios Donis,,2DF,Abdulelah Al-Amri,"(1997-01-15)January 15, 1997 (aged 29)",40,1,Al-Nassr
Saudi Arabia,KSA,Georgios Donis,,2DF,Nawaf Boushal,"(1999-09-16)September 16, 1999 (aged 26)",23,0,Al-Nassr
Saudi Arabia,KSA,Georgios Donis,,2DF,Ali Majrashi,"(1999-10-02)October 2, 1999 (aged 26)",20,0,Al-Ahli
Saudi Arabia,KSA,Georgios Donis,,2DF,Ali Lajami,"(1996-04-24)April 24, 1996 (aged 30)",19,1,Al-Hilal
Saudi Arabia,KSA,Georgios Donis,,2DF,Hassan Kadesh,"(1992-09-27)September 27, 1992 (aged 33)",18,2,Al-Ittihad
Saudi Arabia,KSA,Georgios Donis,,2DF,Moteb Al-Harbi,"(2000-02-20)February 20, 2000 (aged 26)",10,0,Al-Hilal
Saudi Arabia,KSA,Georgios Donis,,2DF,Jehad Thakri,"(2001-07-21)July 21, 2001 (aged 24)",6,0,Al-Qadsiah
Saudi Arabia,KSA,Georgios Donis,,2DF,Mohammed Abu Al-Shamat,"(2002-08-11)August 11, 2002 (aged 23)",4,0,Al-Qadsiah
Saudi Arabia,KSA,Georgios Donis,,2DF,Zakaria Hawsawi,"(2001-01-12)January 12, 2001 (aged 25)",1,0,Al-Ahli
Saudi Arabia,KSA,Georgios Donis,,3MF,Salem Al-Dawsari(captain),"(1991-08-19)August 19, 1991 (aged 34)",107,26,Al-Hilal
Saudi Arabia,KSA,Georgios Donis,,3MF,Mohamed Kanno,"(1994-09-22)September 22, 1994 (aged 31)",74,8,Al-Hilal
Saudi Arabia,KSA,Georgios Donis,,3MF,Nasser Al-Dawsari,"(1998-12-19)December 19, 1998 (aged 27)",41,0,Al-Hilal
Saudi Arabia,KSA,Georgios Donis,,3MF,Abdullah Al-Khaibari,"(1996-08-16)August 16, 1996 (aged 29)",37,0,Al-Nassr
Saudi Arabia,KSA,Georgios Donis,,3MF,Musab Al-Juwayr,"(2003-06-20)June 20, 2003 (aged 22)",32,6,Al-Qadsiah
Saudi Arabia,KSA,Georgios Donis,,3MF,Ayman Yahya,"(2001-05-14)May 14, 2001 (aged 25)",25,0,Al-Nassr
Saudi Arabia,KSA,Georgios Donis,,3MF,Ziyad Al-Johani,"(2001-11-11)November 11, 2001 (aged 24)",11,0,Al-Ahli
Saudi Arabia,KSA,Georgios Donis,,3MF,Saleh Abu Al-Shamat,"(2002-08-11)August 11, 2002 (aged 23)",10,2,Al-Ahli
Saudi Arabia,KSA,Georgios Donis,,3MF,Sultan Mandash,"(1994-10-17)October 17, 1994 (aged 31)",4,0,Al-Hilal
Saudi Arabia,KSA,Georgios Donis,,3MF,Alaa Al-Hejji,"(1995-12-03)December 3, 1995 (aged 30)",0,0,Neom
Saudi Arabia,KSA,Georgios Donis,,4FW,Firas Al-Buraikan,"(2000-05-14)May 14, 2000 (aged 26)",68,15,Al-Ahli
Saudi Arabia,KSA,Georgios Donis,,4FW,Saleh Al-Shehri,"(1993-11-01)November 1, 1993 (aged 32)",55,18,Al-Ittihad
Saudi Arabia,KSA,Georgios Donis,,4FW,Abdullah Al-Hamdan,"(1999-09-13)September 13, 1999 (aged 26)",47,11,Al-Nassr
Saudi Arabia,KSA,Georgios Donis,,4FW,Khalid Al-Ghannam,"(2000-11-08)November 8, 2000 (aged 25)",4,0,Al-Ettifaq
Saudi Arabia,KSA,Georgios Donis,,4FW,Abdullah Al-Salem,"(1992-12-19)December 19, 1992 (aged 33)",3,0,Al-Qadsiah
Spain,ESP,Luis de la Fuente,,1GK,Unai Simón,"(1997-06-11)June 11, 1997 (aged 29)",57,0,Athletic Bilbao
Spain,ESP,Luis de la Fuente,,1GK,David Raya,"(1995-09-15)September 15, 1995 (aged 30)",12,0,Arsenal
Spain,ESP,Luis de la Fuente,,1GK,Joan Garcia,"(2001-05-04)May 4, 2001 (aged 25)",1,0,Barcelona
Spain,ESP,Luis de la Fuente,,2DF,Aymeric Laporte,"(1994-05-27)May 27, 1994 (aged 32)",44,2,Athletic Bilbao
Spain,ESP,Luis de la Fuente,,2DF,Marc Cucurella,"(1998-07-22)July 22, 1998 (aged 27)",23,1,Chelsea
Spain,ESP,Luis de la Fuente,,2DF,Marcos Llorente,"(1995-01-30)January 30, 1995 (aged 31)",23,0,Atlético Madrid
Spain,ESP,Luis de la Fuente,,2DF,Eric García,"(2001-01-09)January 9, 2001 (aged 25)",19,0,Barcelona
Spain,ESP,Luis de la Fuente,,2DF,Pedro Porro,"(1999-09-13)September 13, 1999 (aged 26)",16,0,Tottenham Hotspur
Spain,ESP,Luis de la Fuente,,2DF,Álex Grimaldo,"(1995-09-20)September 20, 1995 (aged 30)",12,0,Bayer Leverkusen
Spain,ESP,Luis de la Fuente,,2DF,Pau Cubarsí,"(2007-01-22)January 22, 2007 (aged 19)",11,0,Barcelona
Spain,ESP,Luis de la Fuente,,2DF,Marc Pubill,"(2003-06-20)June 20, 2003 (aged 22)",0,0,Atlético Madrid
Spain,ESP,Luis de la Fuente,,3MF,Rodri(captain),"(1996-06-22)June 22, 1996 (aged 29)",61,4,Manchester City
Spain,ESP,Luis de la Fuente,,3MF,Mikel Merino,"(1996-06-22)June 22, 1996 (aged 29)",41,10,Arsenal
Spain,ESP,Luis de la Fuente,,3MF,Fabián Ruiz,"(1996-04-03)April 3, 1996 (aged 30)",41,6,Paris Saint-Germain
Spain,ESP,Luis de la Fuente,,3MF,Pedri,"(2002-11-25)November 25, 2002 (aged 23)",40,5,Barcelona
Spain,ESP,Luis de la Fuente,,3MF,Gavi,"(2004-08-05)August 5, 2004 (aged 21)",28,5,Barcelona
Spain,ESP,Luis de la Fuente,,3MF,Martín Zubimendi,"(1999-02-02)February 2, 1999 (aged 27)",25,3,Arsenal
Spain,ESP,Luis de la Fuente,,3MF,Álex Baena,"(2001-07-20)July 20, 2001 (aged 24)",15,2,Atlético Madrid
Spain,ESP,Luis de la Fuente,,4FW,Ferran Torres,"(2000-02-29)February 29, 2000 (aged 26)",55,23,Barcelona
Spain,ESP,Luis de la Fuente,,4FW,Mikel Oyarzabal,"(1997-04-21)April 21, 1997 (aged 29)",52,24,Real Sociedad
Spain,ESP,Luis de la Fuente,,4FW,Dani Olmo,"(1998-05-07)May 7, 1998 (aged 28)",48,12,Barcelona
Spain,ESP,Luis de la Fuente,,4FW,Nico Williams,"(2002-07-12)July 12, 2002 (aged 23)",30,6,Athletic Bilbao
Spain,ESP,Luis de la Fuente,,4FW,Lamine Yamal,"(2007-07-13)July 13, 2007 (aged 18)",25,6,Barcelona
Spain,ESP,Luis de la Fuente,,4FW,Yéremy Pino,"(2002-10-20)October 20, 2002 (aged 23)",21,4,Crystal Palace
Spain,ESP,Luis de la Fuente,,4FW,Borja Iglesias,"(1993-01-17)January 17, 1993 (aged 33)",6,0,Celta Vigo
Spain,ESP,Luis de la Fuente,,4FW,Víctor Muñoz,"(2003-07-13)July 13, 2003 (aged 22)",2,1,Osasuna
France,FRA,Didier Deschamps,1,1GK,Brice Samba,"(1994-04-25)April 25, 1994 (aged 32)",4,0,Rennes
France,FRA,Didier Deschamps,2,2DF,Malo Gusto,"(2003-05-19)May 19, 2003 (aged 23)",9,0,Chelsea
France,FRA,Didier Deschamps,3,2DF,Lucas Digne,"(1993-07-20)July 20, 1993 (aged 32)",56,0,Aston Villa
France,FRA,Didier Deschamps,4,2DF,Dayot Upamecano,"(1998-10-27)October 27, 1998 (aged 27)",36,2,Bayern Munich
France,FRA,Didier Deschamps,5,2DF,Jules Koundé,"(1998-11-12)November 12, 1998 (aged 27)",46,0,Barcelona
France,FRA,Didier Deschamps,6,3MF,Manu Koné,"(2001-05-17)May 17, 2001 (aged 25)",12,0,Roma
France,FRA,Didier Deschamps,7,4FW,Ousmane Dembélé,"(1997-05-15)May 15, 1997 (aged 29)",58,7,Paris Saint-Germain
France,FRA,Didier Deschamps,8,3MF,Aurélien Tchouaméni,"(2000-01-27)January 27, 2000 (aged 26)",44,3,Real Madrid
France,FRA,Didier Deschamps,9,4FW,Marcus Thuram,"(1997-08-06)August 6, 1997 (aged 28)",33,3,Inter Milan
France,FRA,Didier Deschamps,10,4FW,Kylian Mbappé(captain),"(1998-12-20)December 20, 1998 (aged 27)",96,56,Real Madrid
France,FRA,Didier Deschamps,11,4FW,Michael Olise,"(2001-12-12)December 12, 2001 (aged 24)",15,4,Bayern Munich
France,FRA,Didier Deschamps,12,4FW,Bradley Barcola,"(2002-09-02)September 2, 2002 (aged 23)",18,3,Paris Saint-Germain
France,FRA,Didier Deschamps,13,3MF,N'Golo Kanté,"(1991-03-29)March 29, 1991 (aged 35)",67,2,Fenerbahçe
France,FRA,Didier Deschamps,14,3MF,Adrien Rabiot,"(1995-04-03)April 3, 1995 (aged 31)",57,7,Milan
France,FRA,Didier Deschamps,15,2DF,Ibrahima Konaté,"(1999-05-25)May 25, 1999 (aged 27)",27,0,Liverpool
France,FRA,Didier Deschamps,16,1GK,Mike Maignan,"(1995-07-03)July 3, 1995 (aged 30)",38,0,Milan
France,FRA,Didier Deschamps,17,2DF,William Saliba,"(2001-03-24)March 24, 2001 (aged 25)",31,0,Arsenal
France,FRA,Didier Deschamps,18,3MF,Warren Zaïre-Emery,"(2006-03-08)March 8, 2006 (aged 20)",10,1,Paris Saint-Germain
France,FRA,Didier Deschamps,19,2DF,Théo Hernandez,"(1997-10-06)October 6, 1997 (aged 28)",42,2,Al-Hilal
France,FRA,Didier Deschamps,20,4FW,Désiré Doué,"(2005-06-03)June 3, 2005 (aged 21)",6,2,Paris Saint-Germain
France,FRA,Didier Deschamps,21,2DF,Lucas Hernandez,"(1996-02-14)February 14, 1996 (aged 30)",41,0,Paris Saint-Germain
France,FRA,Didier Deschamps,22,4FW,Jean-Philippe Mateta,"(1997-06-28)June 28, 1997 (aged 28)",3,2,Crystal Palace
France,FRA,Didier Deschamps,23,1GK,Robin Risser,"(2004-12-02)December 2, 2004 (aged 21)",0,0,Lens
France,FRA,Didier Deschamps,24,4FW,Rayan Cherki,"(2003-08-17)August 17, 2003 (aged 22)",5,1,Manchester City
France,FRA,Didier Deschamps,25,4FW,Maghnes Akliouche,"(2002-02-25)February 25, 2002 (aged 24)",7,1,Monaco
France,FRA,Didier Deschamps,26,2DF,Maxence Lacroix,"(2000-04-06)April 6, 2000 (aged 26)",2,0,Crystal Palace
Iraq,IRQ,Graham Arnold,,1GK,Jalal Hassan(captain),"(1991-05-18)May 18, 1991 (aged 35)",100,0,Al-Zawraa
Iraq,IRQ,Graham Arnold,,1GK,Fahad Talib,"(1994-10-21)October 21, 1994 (aged 31)",20,0,Al-Talaba
Iraq,IRQ,Graham Arnold,,1GK,Ahmed Basil,"(1996-08-19)August 19, 1996 (aged 29)",14,0,Al-Shorta
Iraq,IRQ,Graham Arnold,,1GK,Kumel Al-Rekabe,"(2004-08-19)August 19, 2004 (aged 21)",0,0,Erbil
Iraq,IRQ,Graham Arnold,,2DF,Rebin Sulaka,"(1992-04-12)April 12, 1992 (aged 34)",54,1,Port
Iraq,IRQ,Graham Arnold,,2DF,Manaf Younis,"(1996-11-16)November 16, 1996 (aged 29)",31,1,Al-Shorta
Iraq,IRQ,Graham Arnold,,2DF,Merchas Doski,"(1999-12-07)December 7, 1999 (aged 26)",30,0,Viktoria Plzeň
Iraq,IRQ,Graham Arnold,,2DF,Hussein Ali,"(2002-03-01)March 1, 2002 (aged 24)",25,1,Pogoń Szczecin
Iraq,IRQ,Graham Arnold,,2DF,Zaid Tahseen,"(2001-01-29)January 29, 2001 (aged 25)",25,1,Pakhtakor
Iraq,IRQ,Graham Arnold,,2DF,Frans Putros,"(1993-07-14)July 14, 1993 (aged 32)",25,0,Persib
Iraq,IRQ,Graham Arnold,,2DF,Maitham Jabbar,"(2000-11-10)November 10, 2000 (aged 25)",19,0,Al-Zawraa
Iraq,IRQ,Graham Arnold,,2DF,Ahmed Yahya,"(1995-07-01)July 1, 1995 (aged 30)",18,0,Al-Shorta
Iraq,IRQ,Graham Arnold,,2DF,Mustafa Saadoon,"(2001-05-25)May 25, 2001 (aged 25)",14,0,Al-Shorta
Iraq,IRQ,Graham Arnold,,2DF,Akam Hashim,"(1998-08-16)August 16, 1998 (aged 27)",11,1,Al-Zawraa
Iraq,IRQ,Graham Arnold,,2DF,Ahmed Maknzi,"(2001-09-24)September 24, 2001 (aged 24)",5,0,Al-Karma
Iraq,IRQ,Graham Arnold,,2DF,Dario Naamo,"(2005-06-14)June 14, 2005 (aged 20)",0,0,Dundee United
Iraq,IRQ,Graham Arnold,,3MF,Ibrahim Bayesh,"(2000-05-01)May 1, 2000 (aged 26)",74,8,Al-Dhafra
Iraq,IRQ,Graham Arnold,,3MF,Amir Al-Ammari,"(1997-07-27)July 27, 1997 (aged 28)",49,3,Cracovia
Iraq,IRQ,Graham Arnold,,3MF,Ali Jasim,"(2004-01-20)January 20, 2004 (aged 22)",35,2,Al-Najma
Iraq,IRQ,Graham Arnold,,3MF,Youssef Amyn,"(2003-08-21)August 21, 2003 (aged 22)",25,2,AEK Larnaca
Iraq,IRQ,Graham Arnold,,3MF,Zidane Iqbal,"(2003-04-27)April 27, 2003 (aged 23)",22,2,Utrecht
Iraq,IRQ,Graham Arnold,,3MF,Hasan Abdulkareem,"(1999-01-01)January 1, 1999 (aged 27)",21,1,Al-Zawraa
Iraq,IRQ,Graham Arnold,,3MF,Marko Farji,"(2004-03-16)March 16, 2004 (aged 22)",9,0,Venezia
Iraq,IRQ,Graham Arnold,,3MF,Karrar Nabeel,"(1998-01-16)January 16, 1998 (aged 28)",8,0,Al-Zawraa
Iraq,IRQ,Graham Arnold,,3MF,Kevin Yakob,"(2000-10-10)October 10, 2000 (aged 25)",6,0,AGF
Iraq,IRQ,Graham Arnold,,3MF,Aimar Sher,"(2002-12-20)December 20, 2002 (aged 23)",5,0,Sarpsborg 08
Iraq,IRQ,Graham Arnold,,3MF,Zaid Ismail,"(2002-01-03)January 3, 2002 (aged 24)",4,0,Al-Talaba
Iraq,IRQ,Graham Arnold,,3MF,Peter Gwargis,"(2000-09-04)September 4, 2000 (aged 25)",3,0,Duhok
Iraq,IRQ,Graham Arnold,,3MF,Jussef Nasrawe,"(2007-03-22)March 22, 2007 (aged 19)",0,0,SV Ried
Iraq,IRQ,Graham Arnold,,3MF,Ahmed Qasem,"(2003-07-12)July 12, 2003 (aged 22)",0,0,Nashville SC
Iraq,IRQ,Graham Arnold,,4FW,Aymen Hussein,"(1996-03-22)March 22, 1996 (aged 30)",93,33,Al-Karma
Iraq,IRQ,Graham Arnold,,4FW,Mohanad Ali,"(2000-06-20)June 20, 2000 (aged 25)",70,27,Dibba
Iraq,IRQ,Graham Arnold,,4FW,Ali Al-Hamadi,"(2002-03-01)March 1, 2002 (aged 24)",17,5,Luton Town
Iraq,IRQ,Graham Arnold,,4FW,Ali Yousif,"(1996-01-19)January 19, 1996 (aged 30)",5,0,Al-Talaba
Norway,NOR,Ståle Solbakken,1,1GK,Ørjan Nyland,"(1990-09-10)September 10, 1990 (aged 35)",69,0,Sevilla
Norway,NOR,Ståle Solbakken,2,3MF,Morten Thorsby,"(1996-05-05)May 5, 1996 (aged 30)",30,0,Cremonese
Norway,NOR,Ståle Solbakken,3,2DF,Kristoffer Ajer,"(1998-04-17)April 17, 1998 (aged 28)",50,2,Brentford
Norway,NOR,Ståle Solbakken,4,2DF,Leo Østigård,"(1999-11-28)November 28, 1999 (aged 26)",36,1,Genoa
Norway,NOR,Ståle Solbakken,5,2DF,David Møller Wolfe,"(2002-04-23)April 23, 2002 (aged 24)",20,1,Wolverhampton Wanderers
Norway,NOR,Ståle Solbakken,6,3MF,Patrick Berg,"(1997-11-24)November 24, 1997 (aged 28)",41,0,Bodø/Glimt
Norway,NOR,Ståle Solbakken,7,4FW,Alexander Sørloth,"(1995-12-05)December 5, 1995 (aged 30)",70,26,Atlético Madrid
Norway,NOR,Ståle Solbakken,8,3MF,Sander Berge,"(1998-02-14)February 14, 1998 (aged 28)",64,1,Fulham
Norway,NOR,Ståle Solbakken,9,4FW,Erling Haaland,"(2000-07-21)July 21, 2000 (aged 25)",49,55,Manchester City
Norway,NOR,Ståle Solbakken,10,3MF,Martin Ødegaard(captain),"(1998-12-17)December 17, 1998 (aged 27)",67,4,Arsenal
Norway,NOR,Ståle Solbakken,11,4FW,Jørgen Strand Larsen,"(2000-02-06)February 6, 2000 (aged 26)",26,4,Crystal Palace
Norway,NOR,Ståle Solbakken,12,1GK,Sander Tangvik,"(2002-11-29)November 29, 2002 (aged 23)",0,0,Hamburger SV
Norway,NOR,Ståle Solbakken,13,1GK,Egil Selvik,"(1997-07-30)July 30, 1997 (aged 28)",6,0,Watford
Norway,NOR,Ståle Solbakken,14,3MF,Fredrik Aursnes,"(1995-12-10)December 10, 1995 (aged 30)",20,1,Benfica
Norway,NOR,Ståle Solbakken,15,2DF,Fredrik André Bjørkan,"(1998-08-21)August 21, 1998 (aged 27)",19,1,Bodø/Glimt
Norway,NOR,Ståle Solbakken,16,2DF,Marcus Holmgren Pedersen,"(2000-07-16)July 16, 2000 (aged 25)",31,0,Torino
Norway,NOR,Ståle Solbakken,17,2DF,Torbjørn Heggem,"(1999-01-12)January 12, 1999 (aged 27)",13,0,Bologna
Norway,NOR,Ståle Solbakken,18,3MF,Kristian Thorstvedt,"(1999-03-13)March 13, 1999 (aged 27)",35,4,Sassuolo
Norway,NOR,Ståle Solbakken,19,3MF,Thelo Aasgaard,"(2002-05-02)May 2, 2002 (aged 24)",6,5,Rangers
Norway,NOR,Ståle Solbakken,20,3MF,Antonio Nusa,"(2005-04-17)April 17, 2005 (aged 21)",22,7,RB Leipzig
Norway,NOR,Ståle Solbakken,21,3MF,Andreas Schjelderup,"(2004-06-01)June 1, 2004 (aged 22)",10,1,Benfica
Norway,NOR,Ståle Solbakken,22,3MF,Oscar Bobb,"(2003-07-12)July 12, 2003 (aged 22)",18,2,Fulham
Norway,NOR,Ståle Solbakken,23,3MF,Jens Petter Hauge,"(1999-10-12)October 12, 1999 (aged 26)",14,1,Bodø/Glimt
Norway,NOR,Ståle Solbakken,24,2DF,Sondre Langås,"(2001-02-02)February 2, 2001 (aged 25)",2,0,Derby County
Norway,NOR,Ståle Solbakken,25,2DF,Henrik Falchener,"(2003-05-08)May 8, 2003 (aged 23)",1,0,Viking
Norway,NOR,Ståle Solbakken,26,2DF,Julian Ryerson,"(1997-11-17)November 17, 1997 (aged 28)",41,1,Borussia Dortmund
Senegal,SEN,Pape Thiaw,,1GK,Édouard Mendy,"(1992-03-01)March 1, 1992 (aged 34)",56,0,Al-Ahli
Senegal,SEN,Pape Thiaw,,1GK,Mory Diaw,"(1993-06-22)June 22, 1993 (aged 32)",4,0,Le Havre
Senegal,SEN,Pape Thiaw,,1GK,Yehvann Diouf,"(1999-11-16)November 16, 1999 (aged 26)",2,0,Nice
Senegal,SEN,Pape Thiaw,,2DF,Kalidou Koulibaly(captain),"(1991-06-20)June 20, 1991 (aged 34)",103,2,Al-Hilal
Senegal,SEN,Pape Thiaw,,2DF,Krépin Diatta,"(1999-02-25)February 25, 1999 (aged 27)",59,2,Monaco
Senegal,SEN,Pape Thiaw,,2DF,Moussa Niakhaté,"(1996-03-08)March 8, 1996 (aged 30)",29,0,Lyon
Senegal,SEN,Pape Thiaw,,2DF,Ismail Jakobs,"(1999-08-17)August 17, 1999 (aged 26)",28,0,Galatasaray
Senegal,SEN,Pape Thiaw,,2DF,Abdoulaye Seck,"(1992-06-04)June 4, 1992 (aged 34)",21,4,Maccabi Haifa
Senegal,SEN,Pape Thiaw,,2DF,El Hadji Malick Diouf,"(2004-12-28)December 28, 2004 (aged 21)",18,1,West Ham United
Senegal,SEN,Pape Thiaw,,2DF,Antoine Mendy,"(2004-05-27)May 27, 2004 (aged 22)",6,0,Nice
Senegal,SEN,Pape Thiaw,,2DF,Mamadou Sarr,"(2005-08-29)August 29, 2005 (aged 20)",6,0,Chelsea
Senegal,SEN,Pape Thiaw,,2DF,Ilay Camara,"(2003-01-18)January 18, 2003 (aged 23)",3,0,Anderlecht
Senegal,SEN,Pape Thiaw,,2DF,Moustapha Mbow,"(2000-03-08)March 8, 2000 (aged 26)",0,0,Paris FC
Senegal,SEN,Pape Thiaw,,3MF,Idrissa Gueye,"(1989-09-26)September 26, 1989 (aged 36)",131,7,Everton
Senegal,SEN,Pape Thiaw,,3MF,Pape Gueye,"(1999-01-24)January 24, 1999 (aged 27)",40,5,Villarreal
Senegal,SEN,Pape Thiaw,,3MF,Pape Matar Sarr,"(2002-09-14)September 14, 2002 (aged 23)",38,4,Tottenham Hotspur
Senegal,SEN,Pape Thiaw,,3MF,Pathé Ciss,"(1994-03-16)March 16, 1994 (aged 32)",29,0,Rayo Vallecano
Senegal,SEN,Pape Thiaw,,3MF,Lamine Camara,"(2004-01-01)January 1, 2004 (aged 22)",25,7,Monaco
Senegal,SEN,Pape Thiaw,,3MF,Habib Diarra,"(2004-01-03)January 3, 2004 (aged 22)",19,4,Sunderland
Senegal,SEN,Pape Thiaw,,3MF,Bara Sapoko Ndiaye,"(2007-12-31)December 31, 2007 (aged 18)",0,0,Bayern Munich
Senegal,SEN,Pape Thiaw,,4FW,Sadio Mané,"(1992-04-10)April 10, 1992 (aged 34)",126,53,Al-Nassr
Senegal,SEN,Pape Thiaw,,4FW,Ismaïla Sarr,"(1998-02-25)February 25, 1998 (aged 28)",83,19,Crystal Palace
Senegal,SEN,Pape Thiaw,,4FW,Iliman Ndiaye,"(2000-03-06)March 6, 2000 (aged 26)",38,4,Everton
Senegal,SEN,Pape Thiaw,,4FW,Nicolas Jackson,"(2001-06-20)June 20, 2001 (aged 24)",31,8,Bayern Munich
Senegal,SEN,Pape Thiaw,,4FW,Bamba Dieng,"(2000-03-23)March 23, 2000 (aged 26)",21,2,Lorient
Senegal,SEN,Pape Thiaw,,4FW,Cherif Ndiaye,"(1996-01-23)January 23, 1996 (aged 30)",17,4,Samsunspor
Senegal,SEN,Pape Thiaw,,4FW,Ibrahim Mbaye,"(2008-01-24)January 24, 2008 (aged 18)",10,3,Paris Saint-Germain
Senegal,SEN,Pape Thiaw,,4FW,Assane Diao,"(2005-12-07)December 7, 2005 (aged 20)",4,0,Como
Argentina,ARG,Lionel Scaloni,,1GK,Emiliano Martínez,"(1992-09-02)September 2, 1992 (aged 33)",59,0,Aston Villa
Argentina,ARG,Lionel Scaloni,,1GK,Gerónimo Rulli,"(1992-05-20)May 20, 1992 (aged 34)",7,0,Marseille
Argentina,ARG,Lionel Scaloni,,1GK,Juan Musso,"(1994-05-06)May 6, 1994 (aged 32)",3,0,Atlético Madrid
Argentina,ARG,Lionel Scaloni,,1GK,Walter Benítez,"(1993-01-19)January 19, 1993 (aged 33)",1,0,Crystal Palace
Argentina,ARG,Lionel Scaloni,,1GK,Facundo Cambeses,"(1997-04-09)April 9, 1997 (aged 29)",1,0,Racing
Argentina,ARG,Lionel Scaloni,,1GK,Santiago Beltrán,"(2004-10-04)October 4, 2004 (aged 21)",0,0,River Plate
Argentina,ARG,Lionel Scaloni,,2DF,Nicolás Otamendi,"(1988-02-12)February 12, 1988 (aged 38)",130,8,Benfica
Argentina,ARG,Lionel Scaloni,,2DF,Nicolás Tagliafico,"(1992-08-31)August 31, 1992 (aged 33)",75,1,Lyon
Argentina,ARG,Lionel Scaloni,,2DF,Marcos Acuña,"(1991-10-28)October 28, 1991 (aged 34)",62,0,River Plate
Argentina,ARG,Lionel Scaloni,,2DF,Nahuel Molina,"(1998-04-06)April 6, 1998 (aged 28)",58,1,Atlético Madrid
Argentina,ARG,Lionel Scaloni,,2DF,Cristian Romero,"(1998-04-27)April 27, 1998 (aged 28)",49,3,Tottenham Hotspur
Argentina,ARG,Lionel Scaloni,,2DF,Germán Pezzella,"(1991-06-27)June 27, 1991 (aged 34)",42,3,River Plate
Argentina,ARG,Lionel Scaloni,,2DF,Gonzalo Montiel,"(1997-01-01)January 1, 1997 (aged 29)",38,2,River Plate
Argentina,ARG,Lionel Scaloni,,2DF,Lisandro Martínez,"(1998-01-18)January 18, 1998 (aged 28)",26,1,Manchester United
Argentina,ARG,Lionel Scaloni,,2DF,Lucas Martínez Quarta,"(1996-05-10)May 10, 1996 (aged 30)",16,0,River Plate
Argentina,ARG,Lionel Scaloni,,2DF,Leonardo Balerdi,"(1999-01-26)January 26, 1999 (aged 27)",11,0,Marseille
Argentina,ARG,Lionel Scaloni,,2DF,Facundo Medina,"(1999-05-28)May 28, 1999 (aged 27)",7,0,Marseille
Argentina,ARG,Lionel Scaloni,,2DF,Marcos Senesi,"(1997-05-10)May 10, 1997 (aged 29)",3,0,Bournemouth
Argentina,ARG,Lionel Scaloni,,2DF,Agustín Giay,"(2004-01-16)January 16, 2004 (aged 22)",1,0,Palmeiras
Argentina,ARG,Lionel Scaloni,,2DF,Kevin Mac Allister,"(1997-11-07)November 7, 1997 (aged 28)",1,0,Union Saint-Gilloise
Argentina,ARG,Lionel Scaloni,,2DF,Gabriel Rojas,"(1997-06-22)June 22, 1997 (aged 28)",1,0,Racing
Argentina,ARG,Lionel Scaloni,,2DF,Nicolás Capaldo,"(1998-09-14)September 14, 1998 (aged 27)",0,0,Hamburger SV
Argentina,ARG,Lionel Scaloni,,2DF,Lautaro Di Lollo,"(2004-03-10)March 10, 2004 (aged 22)",0,0,Boca Juniors
Argentina,ARG,Lionel Scaloni,,2DF,Zaid Romero,"(1999-12-15)December 15, 1999 (aged 26)",0,0,Getafe
Argentina,ARG,Lionel Scaloni,,3MF,Rodrigo De Paul,"(1994-05-24)May 24, 1994 (aged 32)",85,2,Inter Miami CF
Argentina,ARG,Lionel Scaloni,,3MF,Leandro Paredes,"(1994-06-29)June 29, 1994 (aged 31)",77,5,Boca Juniors
Argentina,ARG,Lionel Scaloni,,3MF,Giovani Lo Celso,"(1996-04-09)April 9, 1996 (aged 30)",65,4,Real Betis
Argentina,ARG,Lionel Scaloni,,3MF,Alexis Mac Allister,"(1998-12-24)December 24, 1998 (aged 27)",44,6,Liverpool
Argentina,ARG,Lionel Scaloni,,3MF,Enzo Fernández,"(2001-01-17)January 17, 2001 (aged 25)",40,6,Chelsea
Argentina,ARG,Lionel Scaloni,,3MF,Exequiel Palacios,"(1998-10-05)October 5, 1998 (aged 27)",38,0,Bayer Leverkusen
Argentina,ARG,Lionel Scaloni,,3MF,Guido Rodríguez,"(1994-04-12)April 12, 1994 (aged 32)",30,1,Valencia
Argentina,ARG,Lionel Scaloni,,3MF,Thiago Almada,"(2001-04-26)April 26, 2001 (aged 25)",14,4,Atlético Madrid
Argentina,ARG,Lionel Scaloni,,3MF,Nicolás Domínguez,"(1998-06-28)June 28, 1998 (aged 27)",11,1,Nottingham Forest
Argentina,ARG,Lionel Scaloni,,3MF,Giuliano Simeone,"(2002-12-18)December 18, 2002 (aged 23)",11,1,Atlético Madrid
Argentina,ARG,Lionel Scaloni,,3MF,Nico Paz,"(2004-09-08)September 8, 2004 (aged 21)",8,1,Como
Argentina,ARG,Lionel Scaloni,,3MF,Valentín Barco,"(2004-07-23)July 23, 2004 (aged 21)",2,1,Strasbourg
Argentina,ARG,Lionel Scaloni,,3MF,Emiliano Buendía,"(1996-12-25)December 25, 1996 (aged 29)",2,0,Aston Villa
Argentina,ARG,Lionel Scaloni,,3MF,Máximo Perrone,"(2003-01-07)January 7, 2003 (aged 23)",2,0,Como
Argentina,ARG,Lionel Scaloni,,3MF,Aníbal Moreno,"(1999-05-13)May 13, 1999 (aged 27)",1,0,River Plate
Argentina,ARG,Lionel Scaloni,,3MF,Milton Delgado,"(2005-06-16)June 16, 2005 (aged 20)",0,0,Boca Juniors
Argentina,ARG,Lionel Scaloni,,3MF,Equi Fernández,"(2002-07-25)July 25, 2002 (aged 23)",0,0,Bayer Leverkusen
Argentina,ARG,Lionel Scaloni,,3MF,Alan Varela,"(2001-07-04)July 4, 2001 (aged 24)",0,0,Porto
Argentina,ARG,Lionel Scaloni,,4FW,Lionel Messi(captain),"(1987-06-24)June 24, 1987 (aged 38)",198,116,Inter Miami CF
Argentina,ARG,Lionel Scaloni,,4FW,Lautaro Martínez,"(1997-08-22)August 22, 1997 (aged 28)",75,36,Inter Milan
Argentina,ARG,Lionel Scaloni,,4FW,Julián Alvarez,"(2000-01-31)January 31, 2000 (aged 26)",51,14,Atlético Madrid
Argentina,ARG,Lionel Scaloni,,4FW,Nicolás González,"(1998-04-06)April 6, 1998 (aged 28)",50,6,Atlético Madrid
Argentina,ARG,Lionel Scaloni,,4FW,Alejandro Garnacho,"(2004-07-01)July 1, 2004 (aged 21)",8,0,Chelsea
Argentina,ARG,Lionel Scaloni,,4FW,Franco Mastantuono,"(2007-08-14)August 14, 2007 (aged 18)",4,0,Real Madrid
Argentina,ARG,Lionel Scaloni,,4FW,José Manuel López,"(2000-12-06)December 6, 2000 (aged 25)",3,0,Palmeiras
Argentina,ARG,Lionel Scaloni,,4FW,Gianluca Prestianni,"(2006-01-31)January 31, 2006 (aged 20)",1,0,Benfica
Argentina,ARG,Lionel Scaloni,,4FW,Tomás Aranda,"(2007-05-09)May 9, 2007 (aged 19)",0,0,Boca Juniors
Argentina,ARG,Lionel Scaloni,,4FW,Santiago Castro,"(2004-09-18)September 18, 2004 (aged 21)",0,0,Bologna
Argentina,ARG,Lionel Scaloni,,4FW,Claudio Echeverri,"(2006-01-02)January 2, 2006 (aged 20)",0,0,Girona
Argentina,ARG,Lionel Scaloni,,4FW,Mateo Pellegrino,"(2001-10-22)October 22, 2001 (aged 24)",0,0,Parma
Argentina,ARG,Lionel Scaloni,,4FW,Matías Soulé,"(2003-04-15)April 15, 2003 (aged 23)",0,0,Roma
Austria,AUS,Ralf Rangnick,1,1GK,Alexander Schlager,"(1996-02-01)February 1, 1996 (aged 30)",25,0,Red Bull Salzburg
Austria,AUS,Ralf Rangnick,2,2DF,David Affengruber,"(2001-03-19)March 19, 2001 (aged 25)",1,0,Elche
Austria,AUS,Ralf Rangnick,3,2DF,Kevin Danso,"(1998-09-19)September 19, 1998 (aged 27)",31,0,Tottenham Hotspur
Austria,AUS,Ralf Rangnick,4,3MF,Xaver Schlager,"(1997-09-28)September 28, 1997 (aged 28)",50,4,RB Leipzig
Austria,AUS,Ralf Rangnick,5,2DF,Stefan Posch,"(1997-05-14)May 14, 1997 (aged 29)",51,5,Mainz 05
Austria,AUS,Ralf Rangnick,6,3MF,Nicolas Seiwald,"(2001-05-04)May 4, 2001 (aged 25)",46,1,RB Leipzig
Austria,AUS,Ralf Rangnick,7,4FW,Marko Arnautović,"(1989-04-19)April 19, 1989 (aged 37)",132,47,Red Star Belgrade
Austria,AUS,Ralf Rangnick,8,2DF,David Alaba(captain),"(1992-06-24)June 24, 1992 (aged 33)",112,15,Real Madrid
Austria,AUS,Ralf Rangnick,9,3MF,Marcel Sabitzer,"(1994-03-17)March 17, 1994 (aged 32)",97,25,Borussia Dortmund
Austria,AUS,Ralf Rangnick,10,3MF,Florian Grillitsch,"(1995-08-07)August 7, 1995 (aged 30)",58,1,Braga
Austria,AUS,Ralf Rangnick,11,4FW,Michael Gregoritsch,"(1994-04-18)April 18, 1994 (aged 32)",74,24,FC Augsburg
Austria,AUS,Ralf Rangnick,12,1GK,Florian Wiegele,"(2001-03-21)March 21, 2001 (aged 25)",1,0,Viktoria Plzeň
Austria,AUS,Ralf Rangnick,13,1GK,Patrick Pentz,"(1997-01-02)January 2, 1997 (aged 29)",18,0,Brøndby
Austria,AUS,Ralf Rangnick,14,4FW,Saša Kalajdžić,"(1997-07-07)July 7, 1997 (aged 28)",21,4,LASK
Austria,AUS,Ralf Rangnick,15,2DF,Philipp Lienhart,"(1996-07-11)July 11, 1996 (aged 29)",40,3,SC Freiburg
Austria,AUS,Ralf Rangnick,16,2DF,Phillipp Mwene,"(1994-01-29)January 29, 1994 (aged 32)",29,0,Mainz 05
Austria,AUS,Ralf Rangnick,17,3MF,Carney Chukwuemeka,"(2003-10-20)October 20, 2003 (aged 22)",2,1,Borussia Dortmund
Austria,AUS,Ralf Rangnick,18,3MF,Romano Schmid,"(2000-01-27)January 27, 2000 (aged 26)",33,3,Werder Bremen
Austria,AUS,Ralf Rangnick,19,3MF,Christoph Baumgartner,"(1999-08-01)August 1, 1999 (aged 26)",58,19,RB Leipzig
Austria,AUS,Ralf Rangnick,20,3MF,Konrad Laimer,"(1997-05-27)May 27, 1997 (aged 29)",56,7,Bayern Munich
Austria,AUS,Ralf Rangnick,21,3MF,Patrick Wimmer,"(2001-05-30)May 30, 2001 (aged 25)",30,1,VfL Wolfsburg
Austria,AUS,Ralf Rangnick,22,2DF,Alexander Prass,"(2001-05-26)May 26, 2001 (aged 25)",18,0,TSG Hoffenheim
Austria,AUS,Ralf Rangnick,23,2DF,Marco Friedl,"(1998-03-16)March 16, 1998 (aged 28)",10,0,Werder Bremen
Austria,AUS,Ralf Rangnick,24,3MF,Paul Wanner,"(2005-12-23)December 23, 2005 (aged 20)",2,0,PSV Eindhoven
Austria,AUS,Ralf Rangnick,25,2DF,Michael Svoboda,"(1998-10-15)October 15, 1998 (aged 27)",4,0,Venezia
Austria,AUS,Ralf Rangnick,26,3MF,Alessandro Schöpf,"(1994-02-07)February 7, 1994 (aged 32)",35,6,Wolfsberger AC
Jordan,JOR,Jamal Sellami,,1GK,Yazeed Abulaila,"(1993-01-08)January 8, 1993 (aged 33)",74,0,Al-Hussein
Jordan,JOR,Jamal Sellami,,1GK,Abdallah Al-Fakhouri,"(2000-01-22)January 22, 2000 (aged 26)",11,0,Al-Wehdat
Jordan,JOR,Jamal Sellami,,1GK,Nour Bani Attiah,"(1993-01-25)January 25, 1993 (aged 33)",4,0,Al-Faisaly
Jordan,JOR,Jamal Sellami,,1GK,Ahmad Al-Juaidi,"(2001-04-09)April 9, 2001 (aged 25)",0,0,Shabab Al-Ordon
Jordan,JOR,Jamal Sellami,,2DF,Ihsan Haddad(captain),"(1994-02-05)February 5, 1994 (aged 32)",90,2,Al-Hussein
Jordan,JOR,Jamal Sellami,,2DF,Yazan Al-Arab,"(1996-01-31)January 31, 1996 (aged 30)",78,3,FC Seoul
Jordan,JOR,Jamal Sellami,,2DF,Abdallah Nasib,"(1994-02-25)February 25, 1994 (aged 32)",64,3,Al-Zawraa
Jordan,JOR,Jamal Sellami,,2DF,Saed Al-Rosan,"(1997-02-01)February 1, 1997 (aged 29)",19,2,Al-Hussein
Jordan,JOR,Jamal Sellami,,2DF,Husam Abu Dahab,"(2000-05-13)May 13, 2000 (aged 26)",16,0,Al-Faisaly
Jordan,JOR,Jamal Sellami,,2DF,Mo Abualnadi,"(2001-02-08)February 8, 2001 (aged 25)",16,0,Selangor
Jordan,JOR,Jamal Sellami,,2DF,Salim Obaid,"(1992-01-17)January 17, 1992 (aged 34)",9,0,Al-Hussein
Jordan,JOR,Jamal Sellami,,2DF,Ahmad Assaf,"(1999-07-21)July 21, 1999 (aged 26)",6,0,Al-Hussein
Jordan,JOR,Jamal Sellami,,2DF,Anas Badawi,"(1997-09-13)September 13, 1997 (aged 28)",0,0,Al-Faisaly
Jordan,JOR,Jamal Sellami,,3MF,Rajaei Ayed,"(1993-07-25)July 25, 1993 (aged 32)",72,0,Al-Hussein
Jordan,JOR,Jamal Sellami,,3MF,Noor Al-Rawabdeh,"(1997-02-24)February 24, 1997 (aged 29)",66,3,Selangor
Jordan,JOR,Jamal Sellami,,3MF,Ibrahim Sadeh,"(2000-04-27)April 27, 2000 (aged 26)",55,3,Al-Karma
Jordan,JOR,Jamal Sellami,,3MF,Mohammad Abu Hashish,"(1995-05-09)May 9, 1995 (aged 31)",54,1,Al-Karma
Jordan,JOR,Jamal Sellami,,3MF,Nizar Al-Rashdan,"(1999-03-23)March 23, 1999 (aged 27)",45,4,Qatar SC
Jordan,JOR,Jamal Sellami,,3MF,Mohannad Abu Taha,"(2003-02-02)February 2, 2003 (aged 23)",27,1,Al-Quwa Al-Jawiya
Jordan,JOR,Jamal Sellami,,3MF,Amer Jamous,"(2002-07-03)July 3, 2002 (aged 23)",18,1,Al-Zawraa
Jordan,JOR,Jamal Sellami,,3MF,Mohammad Al-Dawoud,"(1992-12-04)December 4, 1992 (aged 33)",11,1,Al-Wehdat
Jordan,JOR,Jamal Sellami,,3MF,Yousef Qashi,"(2005-04-15)April 15, 2005 (aged 21)",0,0,Al-Hussein
Jordan,JOR,Jamal Sellami,,3MF,Mohammad Taha,"(2005-07-13)July 13, 2005 (aged 20)",0,0,Al-Hussein
Jordan,JOR,Jamal Sellami,,4FW,Musa Al-Taamari,"(1997-06-10)June 10, 1997 (aged 29)",90,24,Rennes
Jordan,JOR,Jamal Sellami,,4FW,Mahmoud Al-Mardi,"(1993-10-06)October 6, 1993 (aged 32)",87,9,Al-Hussein
Jordan,JOR,Jamal Sellami,,4FW,Ali Olwan,"(2000-03-26)March 26, 2000 (aged 26)",64,29,Al-Sailiya
Jordan,JOR,Jamal Sellami,,4FW,Mohammad Abu Zrayq,"(1997-12-30)December 30, 1997 (aged 28)",39,5,Raja Casablanca
Jordan,JOR,Jamal Sellami,,4FW,Ibrahim Sabra,"(2006-02-01)February 1, 2006 (aged 20)",9,1,Lokomotiva Zagreb
Jordan,JOR,Jamal Sellami,,4FW,Odeh Al-Fakhouri,"(2005-11-22)November 22, 2005 (aged 20)",8,0,Pyramids
Jordan,JOR,Jamal Sellami,,4FW,Ali Azaizeh,"(2004-04-13)April 13, 2004 (aged 22)",2,0,Al-Shabab
Colombia,COL,Néstor Lorenzo,,1GK,David Ospina,"(1988-08-31)August 31, 1988 (aged 37)",129,0,Atlético Nacional
Colombia,COL,Néstor Lorenzo,,1GK,Camilo Vargas,"(1989-03-09)March 9, 1989 (aged 37)",40,0,Atlas
Colombia,COL,Néstor Lorenzo,,1GK,Álvaro Montero,"(1995-03-29)March 29, 1995 (aged 31)",11,0,Vélez Sarsfield
Colombia,COL,Néstor Lorenzo,,2DF,Davinson Sánchez,"(1996-06-12)June 12, 1996 (aged 29)",77,3,Galatasaray
Colombia,COL,Néstor Lorenzo,,2DF,Santiago Arias,"(1992-01-13)January 13, 1992 (aged 34)",66,0,Independiente
Colombia,COL,Néstor Lorenzo,,2DF,Yerry Mina,"(1994-09-23)September 23, 1994 (aged 31)",52,8,Cagliari
Colombia,COL,Néstor Lorenzo,,2DF,Daniel Muñoz,"(1996-05-26)May 26, 1996 (aged 30)",44,3,Crystal Palace
Colombia,COL,Néstor Lorenzo,,2DF,Johan Mojica,"(1992-08-21)August 21, 1992 (aged 33)",43,1,Mallorca
Colombia,COL,Néstor Lorenzo,,2DF,Jhon Lucumí,"(1998-06-26)June 26, 1998 (aged 27)",35,1,Bologna
Colombia,COL,Néstor Lorenzo,,2DF,Deiver Machado,"(1993-09-02)September 2, 1993 (aged 32)",14,0,Nantes
Colombia,COL,Néstor Lorenzo,,2DF,Willer Ditta,"(1997-01-23)January 23, 1997 (aged 29)",3,0,Cruz Azul
Colombia,COL,Néstor Lorenzo,,3MF,James Rodríguez(captain),"(1991-07-12)July 12, 1991 (aged 34)",124,31,Minnesota United FC
Colombia,COL,Néstor Lorenzo,,3MF,Jefferson Lerma,"(1994-10-25)October 25, 1994 (aged 31)",64,5,Crystal Palace
Colombia,COL,Néstor Lorenzo,,3MF,Juan Fernando Quintero,"(1993-01-18)January 18, 1993 (aged 33)",47,6,River Plate
Colombia,COL,Néstor Lorenzo,,3MF,Jhon Arias,"(1997-09-21)September 21, 1997 (aged 28)",36,4,Palmeiras
Colombia,COL,Néstor Lorenzo,,3MF,Richard Ríos,"(2000-06-02)June 2, 2000 (aged 26)",30,2,Benfica
Colombia,COL,Néstor Lorenzo,,3MF,Kevin Castaño,"(2000-09-29)September 29, 2000 (aged 25)",24,0,River Plate
Colombia,COL,Néstor Lorenzo,,3MF,Jorge Carrascal,"(1998-05-25)May 25, 1998 (aged 28)",22,2,Flamengo
Colombia,COL,Néstor Lorenzo,,3MF,Jaminton Campaz,"(2000-05-24)May 24, 2000 (aged 26)",9,1,Rosario Central
Colombia,COL,Néstor Lorenzo,,3MF,Juan Portilla,"(1998-09-12)September 12, 1998 (aged 27)",8,0,Athletico Paranaense
Colombia,COL,Néstor Lorenzo,,3MF,Gustavo Puerta,"(2003-07-26)July 26, 2003 (aged 22)",4,1,Racing Santander
Colombia,COL,Néstor Lorenzo,,4FW,Luis Díaz,"(1997-01-13)January 13, 1997 (aged 29)",72,21,Bayern Munich
Colombia,COL,Néstor Lorenzo,,4FW,Jhon Córdoba,"(1993-05-11)May 11, 1993 (aged 33)",21,6,Krasnodar
Colombia,COL,Néstor Lorenzo,,4FW,Luis Suárez,"(1997-12-02)December 2, 1997 (aged 28)",10,4,Sporting CP
Colombia,COL,Néstor Lorenzo,,4FW,Cucho Hernández,"(1999-04-20)April 20, 1999 (aged 27)",7,2,Real Betis
Colombia,COL,Néstor Lorenzo,,4FW,Andrés Gómez,"(2002-09-12)September 12, 2002 (aged 23)",6,2,Vasco da Gama
DR Congo,DR ,Sébastien Desabre,,1GK,Lionel Mpasi,"(1994-08-01)August 1, 1994 (aged 31)",27,0,Le Havre
DR Congo,DR ,Sébastien Desabre,,1GK,Timothy Fayulu,"(1999-07-24)July 24, 1999 (aged 26)",3,0,Noah
DR Congo,DR ,Sébastien Desabre,,1GK,Matthieu Epolo,"(2005-01-15)January 15, 2005 (aged 21)",1,0,Standard Liège
DR Congo,DR ,Sébastien Desabre,,2DF,Chancel Mbemba(captain),"(1994-08-08)August 8, 1994 (aged 31)",107,7,Lille
DR Congo,DR ,Sébastien Desabre,,2DF,Arthur Masuaku,"(1993-11-07)November 7, 1993 (aged 32)",44,4,Lens
DR Congo,DR ,Sébastien Desabre,,2DF,Gédéon Kalulu,"(1997-08-29)August 29, 1997 (aged 28)",27,0,Aris Limassol
DR Congo,DR ,Sébastien Desabre,,2DF,Joris Kayembe,"(1994-08-08)August 8, 1994 (aged 31)",24,0,Genk
DR Congo,DR ,Sébastien Desabre,,2DF,Dylan Batubinsika,"(1996-02-15)February 15, 1996 (aged 30)",14,1,AEL
DR Congo,DR ,Sébastien Desabre,,2DF,Axel Tuanzebe,"(1997-11-14)November 14, 1997 (aged 28)",12,1,Burnley
DR Congo,DR ,Sébastien Desabre,,2DF,Aaron Wan-Bissaka,"(1997-11-26)November 26, 1997 (aged 28)",10,0,West Ham United
DR Congo,DR ,Sébastien Desabre,,2DF,Steve Kapuadi,"(1998-04-30)April 30, 1998 (aged 28)",3,0,Widzew Łódź
DR Congo,DR ,Sébastien Desabre,,3MF,Samuel Moutoussamy,"(1996-08-12)August 12, 1996 (aged 29)",56,0,Atromitos
DR Congo,DR ,Sébastien Desabre,,3MF,Edo Kayembe,"(1998-06-03)June 3, 1998 (aged 28)",41,2,Watford
DR Congo,DR ,Sébastien Desabre,,3MF,Charles Pickel,"(1997-05-15)May 15, 1997 (aged 29)",33,1,Espanyol
DR Congo,DR ,Sébastien Desabre,,3MF,Gaël Kakuta,"(1991-06-21)June 21, 1991 (aged 34)",30,5,AEL
DR Congo,DR ,Sébastien Desabre,,3MF,Noah Sadiki,"(2004-12-17)December 17, 2004 (aged 21)",18,0,Sunderland
DR Congo,DR ,Sébastien Desabre,,3MF,Aaron Tshibola,"(1995-01-02)January 2, 1995 (aged 31)",16,1,Kilmarnock
DR Congo,DR ,Sébastien Desabre,,3MF,Ngal'ayel Mukau,"(2004-11-03)November 3, 2004 (aged 21)",12,0,Lille
DR Congo,DR ,Sébastien Desabre,,3MF,Brian Cipenga,"(1998-03-11)March 11, 1998 (aged 28)",7,0,Castellón
DR Congo,DR ,Sébastien Desabre,,4FW,Cédric Bakambu,"(1991-04-11)April 11, 1991 (aged 35)",68,21,Real Betis
DR Congo,DR ,Sébastien Desabre,,4FW,Meschak Elia,"(1997-08-06)August 6, 1997 (aged 28)",68,12,Alanyaspor
DR Congo,DR ,Sébastien Desabre,,4FW,Théo Bongonda,"(1995-11-20)November 20, 1995 (aged 30)",37,7,Spartak Moscow
DR Congo,DR ,Sébastien Desabre,,4FW,Fiston Mayele,"(1994-06-24)June 24, 1994 (aged 31)",37,6,Pyramids
DR Congo,DR ,Sébastien Desabre,,4FW,Yoane Wissa,"(1996-09-03)September 3, 1996 (aged 29)",36,9,Newcastle United
DR Congo,DR ,Sébastien Desabre,,4FW,Nathanaël Mbuku,"(2002-03-16)March 16, 2002 (aged 24)",17,2,Montpellier
DR Congo,DR ,Sébastien Desabre,,4FW,Simon Banza,"(1996-08-13)August 13, 1996 (aged 29)",14,2,Al Jazira
Portugal,POR,Roberto Martínez,,1GK,Diogo Costa,"(1999-09-19)September 19, 1999 (aged 26)",42,0,Porto
Portugal,POR,Roberto Martínez,,1GK,José Sá,"(1993-01-17)January 17, 1993 (aged 33)",4,0,Wolverhampton Wanderers
Portugal,POR,Roberto Martínez,,1GK,Rui Silva,"(1994-02-07)February 7, 1994 (aged 32)",2,0,Sporting CP
Portugal,POR,Roberto Martínez,,2DF,Rúben Dias,"(1997-05-14)May 14, 1997 (aged 29)",74,3,Manchester City
Portugal,POR,Roberto Martínez,,2DF,João Cancelo,"(1994-05-27)May 27, 1994 (aged 32)",66,12,Barcelona
Portugal,POR,Roberto Martínez,,2DF,Nélson Semedo,"(1993-11-16)November 16, 1993 (aged 32)",48,0,Fenerbahçe
Portugal,POR,Roberto Martínez,,2DF,Nuno Mendes,"(2002-06-19)June 19, 2002 (aged 23)",43,1,Paris Saint-Germain
Portugal,POR,Roberto Martínez,,2DF,Diogo Dalot,"(1999-03-18)March 18, 1999 (aged 27)",33,3,Manchester United
Portugal,POR,Roberto Martínez,,2DF,Gonçalo Inácio,"(2001-08-25)August 25, 2001 (aged 24)",20,2,Sporting CP
Portugal,POR,Roberto Martínez,,2DF,Matheus Nunes,"(1998-08-27)August 27, 1998 (aged 27)",19,2,Manchester City
Portugal,POR,Roberto Martínez,,2DF,Renato Veiga,"(2003-07-29)July 29, 2003 (aged 22)",11,1,Villarreal
Portugal,POR,Roberto Martínez,,2DF,Tomás Araújo,"(2002-05-16)May 16, 2002 (aged 24)",3,0,Benfica
Portugal,POR,Roberto Martínez,,3MF,Bernardo Silva,"(1994-08-10)August 10, 1994 (aged 31)",107,14,Manchester City
Portugal,POR,Roberto Martínez,,3MF,Bruno Fernandes,"(1994-09-08)September 8, 1994 (aged 31)",87,28,Manchester United
Portugal,POR,Roberto Martínez,,3MF,Rúben Neves,"(1997-03-13)March 13, 1997 (aged 29)",65,1,Al-Hilal
Portugal,POR,Roberto Martínez,,3MF,Vitinha,"(2000-02-13)February 13, 2000 (aged 26)",37,0,Paris Saint-Germain
Portugal,POR,Roberto Martínez,,3MF,João Neves,"(2004-09-27)September 27, 2004 (aged 21)",21,3,Paris Saint-Germain
Portugal,POR,Roberto Martínez,,3MF,Samú Costa,"(2000-11-27)November 27, 2000 (aged 25)",4,0,Mallorca
Portugal,POR,Roberto Martínez,,4FW,Cristiano Ronaldo(captain),"(1985-02-05)February 5, 1985 (aged 41)",226,143,Al-Nassr
Portugal,POR,Roberto Martínez,,4FW,João Félix,"(1999-11-10)November 10, 1999 (aged 26)",52,12,Al-Nassr
Portugal,POR,Roberto Martínez,,4FW,Rafael Leão,"(1999-06-10)June 10, 1999 (aged 27)",43,5,Milan
Portugal,POR,Roberto Martínez,,4FW,Gonçalo Guedes,"(1996-11-29)November 29, 1996 (aged 29)",33,7,Real Sociedad
Portugal,POR,Roberto Martínez,,4FW,Gonçalo Ramos,"(2001-06-20)June 20, 2001 (aged 24)",24,10,Paris Saint-Germain
Portugal,POR,Roberto Martínez,,4FW,Pedro Neto,"(2000-03-09)March 9, 2000 (aged 26)",23,2,Chelsea
Portugal,POR,Roberto Martínez,,4FW,Francisco Trincão,"(1999-12-29)December 29, 1999 (aged 26)",17,3,Sporting CP
Portugal,POR,Roberto Martínez,,4FW,Francisco Conceição,"(2002-12-14)December 14, 2002 (aged 23)",15,3,Juventus
Uzbekistan,UZB,Fabio Cannavaro,,1GK,Utkir Yusupov,"(1991-01-04)January 4, 1991 (aged 35)",39,0,Navbahor
Uzbekistan,UZB,Fabio Cannavaro,,1GK,Abduvohid Nematov,"(2001-03-20)March 20, 2001 (aged 25)",7,0,Nasaf
Uzbekistan,UZB,Fabio Cannavaro,,1GK,Botirali Ergashev,"(1995-06-23)June 23, 1995 (aged 30)",2,0,Neftchi
Uzbekistan,UZB,Fabio Cannavaro,,2DF,Rustam Ashurmatov,"(1996-07-07)July 7, 1996 (aged 29)",47,1,Esteghlal
Uzbekistan,UZB,Fabio Cannavaro,,2DF,Farrukh Sayfiev,"(1991-01-17)January 17, 1991 (aged 35)",44,1,Neftchi
Uzbekistan,UZB,Fabio Cannavaro,,2DF,Khojiakbar Alijonov,"(1997-04-19)April 19, 1997 (aged 29)",40,2,Pakhtakor
Uzbekistan,UZB,Fabio Cannavaro,,2DF,Sherzod Nasrullaev,"(1998-07-23)July 23, 1998 (aged 27)",29,2,Nasaf
Uzbekistan,UZB,Fabio Cannavaro,,2DF,Umar Eshmurodov,"(1992-11-30)November 30, 1992 (aged 33)",29,0,Nasaf
Uzbekistan,UZB,Fabio Cannavaro,,2DF,Abdukodir Khusanov,"(2004-02-29)February 29, 2004 (aged 22)",25,0,Manchester City
Uzbekistan,UZB,Fabio Cannavaro,,2DF,Abdulla Abdullaev,"(1997-09-01)September 1, 1997 (aged 28)",16,0,Dibba
Uzbekistan,UZB,Fabio Cannavaro,,2DF,Bekhruz Karimov,"(2007-08-07)August 7, 2007 (aged 18)",2,0,Surkhon
Uzbekistan,UZB,Fabio Cannavaro,,2DF,Jakhongir Urozov,"(2004-01-18)January 18, 2004 (aged 22)",2,0,Dinamo Samarqand
Uzbekistan,UZB,Fabio Cannavaro,,2DF,Avazbek Ulmasaliev,"(2000-03-27)March 27, 2000 (aged 26)",0,0,AGMK
Uzbekistan,UZB,Fabio Cannavaro,,3MF,Otabek Shukurov,"(1996-06-22)June 22, 1996 (aged 29)",82,9,Baniyas
Uzbekistan,UZB,Fabio Cannavaro,,3MF,Odiljon Hamrobekov,"(1996-02-13)February 13, 1996 (aged 30)",71,1,Tractor
Uzbekistan,UZB,Fabio Cannavaro,,3MF,Jamshid Iskanderov,"(1993-10-16)October 16, 1993 (aged 32)",37,4,Neftchi
Uzbekistan,UZB,Fabio Cannavaro,,3MF,Akmal Mozgovoy,"(1999-04-02)April 2, 1999 (aged 27)",23,1,Pakhtakor
Uzbekistan,UZB,Fabio Cannavaro,,3MF,Azizjon Ganiev,"(1998-02-22)February 22, 1998 (aged 28)",18,0,Al Bataeh
Uzbekistan,UZB,Fabio Cannavaro,,3MF,Jasurbek Jaloliddinov,"(2002-05-15)May 15, 2002 (aged 24)",1,0,Sogdiana
Uzbekistan,UZB,Fabio Cannavaro,,3MF,Umarali Rakhmonaliev,"(2003-08-18)August 18, 2003 (aged 22)",1,0,Sabah
Uzbekistan,UZB,Fabio Cannavaro,,3MF,Sherzod Esanov,"(2003-02-01)February 1, 2003 (aged 23)",0,0,Buxoro
Uzbekistan,UZB,Fabio Cannavaro,,4FW,Eldor Shomurodov(captain),"(1995-06-29)June 29, 1995 (aged 30)",90,44,İstanbul Başakşehir
Uzbekistan,UZB,Fabio Cannavaro,,4FW,Igor Sergeev,"(1993-04-30)April 30, 1993 (aged 33)",81,24,Persepolis
Uzbekistan,UZB,Fabio Cannavaro,,4FW,Jaloliddin Masharipov,"(1993-09-01)September 1, 1993 (aged 32)",74,12,Esteghlal
Uzbekistan,UZB,Fabio Cannavaro,,4FW,Oston Urunov,"(2000-12-19)December 19, 2000 (aged 25)",40,10,Persepolis
Uzbekistan,UZB,Fabio Cannavaro,,4FW,Dostonbek Khamdamov,"(1996-07-24)July 24, 1996 (aged 29)",33,5,Pakhtakor
Uzbekistan,UZB,Fabio Cannavaro,,4FW,Abbosbek Fayzullaev,"(2003-10-03)October 3, 2003 (aged 22)",30,8,İstanbul Başakşehir
Uzbekistan,UZB,Fabio Cannavaro,,4FW,Azizbek Amonov,"(1997-10-30)October 30, 1997 (aged 28)",11,2,Buxoro
Uzbekistan,UZB,Fabio Cannavaro,,4FW,Ruslanbek Jiyanov,"(2001-06-05)June 5, 2001 (aged 25)",5,0,Navbahor
Uzbekistan,UZB,Fabio Cannavaro,,4FW,Sherzod Temirov,"(1998-10-27)October 27, 1998 (aged 27)",2,0,Erbil
Croatia,CRO,Zlatko Dalić,,1GK,Dominik Livaković,"(1995-01-09)January 9, 1995 (aged 31)",73,0,Dinamo Zagreb
Croatia,CRO,Zlatko Dalić,,1GK,Dominik Kotarski,"(2000-02-10)February 10, 2000 (aged 26)",3,0,Copenhagen
Croatia,CRO,Zlatko Dalić,,1GK,Ivor Pandur,"(2000-03-25)March 25, 2000 (aged 26)",0,0,Hull City
Croatia,CRO,Zlatko Dalić,,2DF,Joško Gvardiol,"(2002-01-23)January 23, 2002 (aged 24)",46,4,Manchester City
Croatia,CRO,Zlatko Dalić,,2DF,Duje Ćaleta-Car,"(1996-09-17)September 17, 1996 (aged 29)",38,1,Real Sociedad
Croatia,CRO,Zlatko Dalić,,2DF,Josip Šutalo,"(2000-02-28)February 28, 2000 (aged 26)",31,0,Ajax
Croatia,CRO,Zlatko Dalić,,2DF,Josip Stanišić,"(2000-04-02)April 2, 2000 (aged 26)",29,0,Bayern Munich
Croatia,CRO,Zlatko Dalić,,2DF,Marin Pongračić,"(1997-09-11)September 11, 1997 (aged 28)",18,0,Fiorentina
Croatia,CRO,Zlatko Dalić,,2DF,Martin Erlić,"(1998-01-24)January 24, 1998 (aged 28)",12,1,Midtjylland
Croatia,CRO,Zlatko Dalić,,2DF,Luka Vušković,"(2007-02-24)February 24, 2007 (aged 19)",4,1,Hamburger SV
Croatia,CRO,Zlatko Dalić,,3MF,Luka Modrić(captain),"(1985-09-09)September 9, 1985 (aged 40)",196,28,Milan
Croatia,CRO,Zlatko Dalić,,3MF,Mateo Kovačić,"(1994-05-06)May 6, 1994 (aged 32)",111,5,Manchester City
Croatia,CRO,Zlatko Dalić,,3MF,Mario Pašalić,"(1995-02-09)February 9, 1995 (aged 31)",83,11,Atalanta
Croatia,CRO,Zlatko Dalić,,3MF,Nikola Vlašić,"(1997-10-04)October 4, 1997 (aged 28)",61,10,Torino
Croatia,CRO,Zlatko Dalić,,3MF,Luka Sučić,"(2002-09-08)September 8, 2002 (aged 23)",19,1,Real Sociedad
Croatia,CRO,Zlatko Dalić,,3MF,Martin Baturina,"(2003-02-16)February 16, 2003 (aged 23)",17,1,Como
Croatia,CRO,Zlatko Dalić,,3MF,Kristijan Jakić,"(1997-05-14)May 14, 1997 (aged 29)",16,2,FC Augsburg
Croatia,CRO,Zlatko Dalić,,3MF,Petar Sučić,"(2003-10-25)October 25, 2003 (aged 22)",15,1,Inter Milan
Croatia,CRO,Zlatko Dalić,,3MF,Nikola Moro,"(1998-03-12)March 12, 1998 (aged 28)",9,0,Bologna
Croatia,CRO,Zlatko Dalić,,3MF,Toni Fruk,"(2001-04-09)April 9, 2001 (aged 25)",7,1,Rijeka
Croatia,CRO,Zlatko Dalić,,4FW,Ivan Perišić,"(1989-02-02)February 2, 1989 (aged 37)",152,38,PSV Eindhoven
Croatia,CRO,Zlatko Dalić,,4FW,Andrej Kramarić,"(1991-06-19)June 19, 1991 (aged 34)",114,36,TSG Hoffenheim
Croatia,CRO,Zlatko Dalić,,4FW,Ante Budimir,"(1991-07-22)July 22, 1991 (aged 34)",36,6,Osasuna
Croatia,CRO,Zlatko Dalić,,4FW,Marco Pašalić,"(2000-09-14)September 14, 2000 (aged 25)",13,1,Orlando City
Croatia,CRO,Zlatko Dalić,,4FW,Petar Musa,"(1998-03-04)March 4, 1998 (aged 28)",10,1,FC Dallas
Croatia,CRO,Zlatko Dalić,,4FW,Igor Matanović,"(2003-03-31)March 31, 2003 (aged 23)",8,2,SC Freiburg
England,ENG,Thomas Tuchel,,1GK,Jordan Pickford,"(1994-03-07)March 7, 1994 (aged 32)",82,0,Everton
England,ENG,Thomas Tuchel,,1GK,Dean Henderson,"(1997-03-12)March 12, 1997 (aged 29)",4,0,Crystal Palace
England,ENG,Thomas Tuchel,,1GK,James Trafford,"(2002-10-10)October 10, 2002 (aged 23)",1,0,Manchester City
England,ENG,Thomas Tuchel,,2DF,John Stones,"(1994-05-28)May 28, 1994 (aged 32)",87,3,Manchester City
England,ENG,Thomas Tuchel,,2DF,Marc Guéhi,"(2000-07-13)July 13, 2000 (aged 25)",27,1,Manchester City
England,ENG,Thomas Tuchel,,2DF,Reece James,"(1999-12-08)December 8, 1999 (aged 26)",22,1,Chelsea
England,ENG,Thomas Tuchel,,2DF,Ezri Konsa,"(1997-10-23)October 23, 1997 (aged 28)",18,1,Aston Villa
England,ENG,Thomas Tuchel,,2DF,Dan Burn,"(1992-05-09)May 9, 1992 (aged 34)",6,0,Newcastle United
England,ENG,Thomas Tuchel,,2DF,Tino Livramento,"(2002-11-12)November 12, 2002 (aged 23)",5,0,Newcastle United
England,ENG,Thomas Tuchel,,2DF,Djed Spence,"(2000-08-09)August 9, 2000 (aged 25)",4,0,Tottenham Hotspur
England,ENG,Thomas Tuchel,,2DF,Nico O'Reilly,"(2005-03-21)March 21, 2005 (aged 21)",3,0,Manchester City
England,ENG,Thomas Tuchel,,2DF,Jarell Quansah,"(2003-01-29)January 29, 2003 (aged 23)",1,0,Bayer Leverkusen
England,ENG,Thomas Tuchel,,3MF,Jordan Henderson,"(1990-06-17)June 17, 1990 (aged 35)",89,3,Brentford
England,ENG,Thomas Tuchel,,3MF,Declan Rice,"(1999-01-14)January 14, 1999 (aged 27)",72,6,Arsenal
England,ENG,Thomas Tuchel,,3MF,Jude Bellingham,"(2003-06-29)June 29, 2003 (aged 22)",46,6,Real Madrid
England,ENG,Thomas Tuchel,,3MF,Morgan Rogers,"(2002-07-26)July 26, 2002 (aged 23)",13,1,Aston Villa
England,ENG,Thomas Tuchel,,3MF,Kobbie Mainoo,"(2005-04-19)April 19, 2005 (aged 21)",12,0,Manchester United
England,ENG,Thomas Tuchel,,3MF,Elliot Anderson,"(2002-11-06)November 6, 2002 (aged 23)",7,0,Nottingham Forest
England,ENG,Thomas Tuchel,,4FW,Harry Kane(captain),"(1993-07-28)July 28, 1993 (aged 32)",112,78,Bayern Munich
England,ENG,Thomas Tuchel,,4FW,Marcus Rashford,"(1997-10-31)October 31, 1997 (aged 28)",70,18,Barcelona
England,ENG,Thomas Tuchel,,4FW,Bukayo Saka,"(2001-09-05)September 5, 2001 (aged 24)",48,14,Arsenal
England,ENG,Thomas Tuchel,,4FW,Ollie Watkins,"(1995-12-30)December 30, 1995 (aged 30)",20,6,Aston Villa
England,ENG,Thomas Tuchel,,4FW,Anthony Gordon,"(2001-02-24)February 24, 2001 (aged 25)",17,2,Newcastle United
England,ENG,Thomas Tuchel,,4FW,Eberechi Eze,"(1998-06-29)June 29, 1998 (aged 27)",16,3,Arsenal
England,ENG,Thomas Tuchel,,4FW,Noni Madueke,"(2002-03-10)March 10, 2002 (aged 24)",10,1,Arsenal
England,ENG,Thomas Tuchel,,4FW,Ivan Toney,"(1996-03-16)March 16, 1996 (aged 30)",7,1,Al-Ahli
Ghana,GHA,Carlos Queiroz,,1GK,Lawrence Ati-Zigi,"(1996-11-29)November 29, 1996 (aged 29)",28,0,St. Gallen
Ghana,GHA,Carlos Queiroz,,1GK,Benjamin Asare,"(1992-07-13)July 13, 1992 (aged 33)",10,0,Hearts of Oak
Ghana,GHA,Carlos Queiroz,,1GK,Solomon Agbasi,"(2000-10-13)October 13, 2000 (aged 25)",1,0,Hearts of Oak
Ghana,GHA,Carlos Queiroz,,1GK,Joseph Anang,"(2000-06-08)June 8, 2000 (aged 26)",1,0,St Patrick's Athletic
Ghana,GHA,Carlos Queiroz,,1GK,Paul Reverson,"(2005-06-20)June 20, 2005 (aged 20)",0,0,Jong Ajax
Ghana,GHA,Carlos Queiroz,,2DF,Abdul Rahman Baba,"(1994-07-02)July 2, 1994 (aged 31)",52,1,PAOK
Ghana,GHA,Carlos Queiroz,,2DF,Gideon Mensah,"(1998-07-18)July 18, 1998 (aged 27)",39,0,Auxerre
Ghana,GHA,Carlos Queiroz,,2DF,Alexander Djiku,"(1994-08-09)August 9, 1994 (aged 31)",38,4,Spartak Moscow
Ghana,GHA,Carlos Queiroz,,2DF,Alidu Seidu,"(2000-06-04)June 4, 2000 (aged 26)",23,1,Rennes
Ghana,GHA,Carlos Queiroz,,2DF,Jerome Opoku,"(1998-10-14)October 14, 1998 (aged 27)",10,1,İstanbul Başakşehir
Ghana,GHA,Carlos Queiroz,,2DF,Jonas Adjetey,"(2003-12-13)December 13, 2003 (aged 22)",9,0,VfL Wolfsburg
Ghana,GHA,Carlos Queiroz,,2DF,Abdul Mumin,"(1998-06-06)June 6, 1998 (aged 28)",4,0,Rayo Vallecano
Ghana,GHA,Carlos Queiroz,,2DF,Kojo Peprah Oppong,"(2004-06-04)June 4, 2004 (aged 22)",4,0,Nice
Ghana,GHA,Carlos Queiroz,,2DF,Marvin Senaya,"(2001-01-28)January 28, 2001 (aged 25)",1,0,Auxerre
Ghana,GHA,Carlos Queiroz,,3MF,Thomas Partey,"(1993-06-13)June 13, 1993 (aged 32)",56,15,Villarreal
Ghana,GHA,Carlos Queiroz,,3MF,Abdul Fatawu,"(2004-03-08)March 8, 2004 (aged 22)",27,3,Leicester City
Ghana,GHA,Carlos Queiroz,,3MF,Kamaldeen Sulemana,"(2002-02-15)February 15, 2002 (aged 24)",27,1,Atalanta
Ghana,GHA,Carlos Queiroz,,3MF,Elisha Owusu,"(1997-11-07)November 7, 1997 (aged 28)",19,0,Auxerre
Ghana,GHA,Carlos Queiroz,,3MF,Caleb Yirenkyi,"(2006-01-15)January 15, 2006 (aged 20)",10,0,Nordsjælland
Ghana,GHA,Carlos Queiroz,,3MF,Kwasi Sibo,"(1998-06-24)June 24, 1998 (aged 27)",7,0,Oviedo
Ghana,GHA,Carlos Queiroz,,3MF,Augustine Boakye,"(2000-11-03)November 3, 2000 (aged 25)",0,0,Saint-Étienne
Ghana,GHA,Carlos Queiroz,,4FW,Jordan Ayew(captain),"(1991-09-11)September 11, 1991 (aged 34)",117,33,Leicester City
Ghana,GHA,Carlos Queiroz,,4FW,Antoine Semenyo,"(2000-01-07)January 7, 2000 (aged 26)",34,3,Manchester City
Ghana,GHA,Carlos Queiroz,,4FW,Iñaki Williams,"(1994-06-15)June 15, 1994 (aged 31)",25,2,Athletic Bilbao
Ghana,GHA,Carlos Queiroz,,4FW,Ernest Nuamah,"(2003-11-01)November 1, 2003 (aged 22)",18,4,Lyon
Ghana,GHA,Carlos Queiroz,,4FW,Christopher Bonsu Baah,"(2004-12-14)December 14, 2004 (aged 21)",8,0,Al-Qadsiah
Ghana,GHA,Carlos Queiroz,,4FW,Brandon Thomas-Asante,"(1998-12-28)December 28, 1998 (aged 27)",7,1,Coventry City
Ghana,GHA,Carlos Queiroz,,4FW,Prince Kwabena Adu,"(2003-09-23)September 23, 2003 (aged 22)",4,0,Viktoria Plzeň
Panama,PAN,Thomas Christiansen,,1GK,Luis Mejía,"(1991-03-16)March 16, 1991 (aged 35)",56,0,Nacional
Panama,PAN,Thomas Christiansen,,1GK,Orlando Mosquera,"(1994-12-25)December 25, 1994 (aged 31)",46,0,Al-Fayha
Panama,PAN,Thomas Christiansen,,1GK,César Samudio,"(1994-03-26)March 26, 1994 (aged 32)",4,0,Marathón
Panama,PAN,Thomas Christiansen,,2DF,Eric Davis,"(1991-03-31)March 31, 1991 (aged 35)",104,9,Plaza Amador
Panama,PAN,Thomas Christiansen,,2DF,Fidel Escobar,"(1995-01-09)January 9, 1995 (aged 31)",96,4,Saprissa
Panama,PAN,Thomas Christiansen,,2DF,Michael Amir Murillo,"(1996-02-11)February 11, 1996 (aged 30)",91,9,Beşiktaş
Panama,PAN,Thomas Christiansen,,2DF,Roderick Miller,"(1992-04-03)April 3, 1992 (aged 34)",48,2,Turan Tovuz
Panama,PAN,Thomas Christiansen,,2DF,Andrés Andrade,"(1998-10-16)October 16, 1998 (aged 27)",47,1,LASK
Panama,PAN,Thomas Christiansen,,2DF,César Blackman,"(1998-04-02)April 2, 1998 (aged 28)",37,3,Slovan Bratislava
Panama,PAN,Thomas Christiansen,,2DF,José Córdoba,"(2001-06-03)June 3, 2001 (aged 25)",30,1,Norwich City
Panama,PAN,Thomas Christiansen,,2DF,Jiovany Ramos,"(1997-01-26)January 26, 1997 (aged 29)",20,1,Puerto Cabello
Panama,PAN,Thomas Christiansen,,2DF,Jorge Gutiérrez,"(1998-09-01)September 1, 1998 (aged 27)",17,0,Deportivo La Guaira
Panama,PAN,Thomas Christiansen,,2DF,Edgardo Fariña,"(2001-09-21)September 21, 2001 (aged 24)",15,0,Pari Nizhny Novgorod
Panama,PAN,Thomas Christiansen,,3MF,Aníbal Godoy(captain),"(1990-02-10)February 10, 1990 (aged 36)",159,4,San Diego FC
Panama,PAN,Thomas Christiansen,,3MF,Alberto Quintero,"(1987-12-18)December 18, 1987 (aged 38)",140,7,Plaza Amador
Panama,PAN,Thomas Christiansen,,3MF,Yoel Bárcenas,"(1993-10-23)October 23, 1993 (aged 32)",101,10,Mazatlán
Panama,PAN,Thomas Christiansen,,3MF,Adalberto Carrasquilla,"(1998-11-28)November 28, 1998 (aged 27)",73,3,UNAM
Panama,PAN,Thomas Christiansen,,3MF,José Luis Rodríguez,"(1998-06-19)June 19, 1998 (aged 27)",67,8,Juárez
Panama,PAN,Thomas Christiansen,,3MF,Cristian Martínez,"(1997-02-06)February 6, 1997 (aged 29)",63,2,Ironi Kiryat Shmona
Panama,PAN,Thomas Christiansen,,3MF,César Yanis,"(1996-01-28)January 28, 1996 (aged 30)",55,5,Cobresal
Panama,PAN,Thomas Christiansen,,3MF,Carlos Harvey,"(2000-02-03)February 3, 2000 (aged 26)",25,2,Minnesota United
Panama,PAN,Thomas Christiansen,,3MF,Azarias Londoño,"(2001-06-21)June 21, 2001 (aged 24)",10,0,Universidad Católica
Panama,PAN,Thomas Christiansen,,4FW,José Fajardo,"(1993-08-18)August 18, 1993 (aged 32)",65,17,Universidad Católica
Panama,PAN,Thomas Christiansen,,4FW,Ismael Díaz,"(1997-05-12)May 12, 1997 (aged 29)",54,17,León
Panama,PAN,Thomas Christiansen,,4FW,Cecilio Waterman,"(1991-04-13)April 13, 1991 (aged 35)",52,14,Universidad de Concepción
Panama,PAN,Thomas Christiansen,,4FW,Tomás Rodríguez,"(1999-03-09)March 9, 1999 (aged 27)",11,3,Saprissa
