nation,pos,age,born,90s,Standard_Gls,Standard_Sh,Standard_SoT,Standard_SoT%,Standard_Sh/90,Standard_SoT/90,Standard_G/Sh,Standard_G/SoT,Standard_PK,Standard_PKatt,data_source
ENG,DF,27,1997,7.8,0,5,1,20.0,0.64,0.13,0.0,0.0,0,0,big5_club
ENG,"FW,MF",23,2001,24.7,7,71,27,38.0,2.88,1.09,0.08,0.22,1,1,big5_club
DEN,MF,31,1994,1.2,0,2,1,50.0,1.7,0.85,0.0,0.0,0,0,big5_club
ESP,DF,21,2004,11.0,0,1,0,0.0,0.09,0.0,0.0,,0,0,big5_club
ESP,GK,29,1995,37.0,0,0,0,,0.0,0.0,,,0,0,big5_club
ENG,MF,26,1999,34.4,4,40,13,32.5,1.16,0.38,0.1,0.31,0,0,big5_club
ENG,"MF,FW",27,1998,20.1,7,57,18,31.6,2.83,0.89,0.12,0.39,0,0,big5_club
ENG,MF,18,2007,1.9,0,6,0,0.0,3.16,0.0,0.0,,0,0,big5_club
BRA,FW,28,1997,4.8,3,19,12,63.2,3.99,2.52,0.16,0.25,0,0,big5_club
BRA,DF,27,1997,30.6,3,27,7,25.9,0.88,0.23,0.11,0.43,0,0,big5_club
BRA,"FW,MF",24,2001,12.0,1,29,13,44.8,2.41,1.08,0.03,0.08,0,0,big5_club
NED,DF,24,2001,27.3,3,25,7,28.0,0.92,0.26,0.12,0.43,0,0,big5_club
GER,"FW,MF",26,1999,6.5,2,18,4,22.2,2.79,0.62,0.11,0.5,0,0,big5_club
ESP,GK,30,1994,1.0,0,0,0,,0.0,0.0,,,0,0,big5_club
BEL,"FW,MF",30,1994,22.2,6,53,15,28.3,2.39,0.68,0.11,0.4,0,0,big5_club
NOR,MF,26,1998,15.2,1,22,8,36.4,1.45,0.53,0.05,0.13,0,0,big5_club
ESP,MF,26,1999,33.2,5,27,9,33.3,0.81,0.27,0.19,0.56,0,0,big5_club
ENG,MF,15,2009,1.7,1,6,1,16.7,3.44,0.57,0.17,1.0,0,0,big5_club
ESP,"MF,FW",29,1996,11.5,4,22,8,36.4,1.91,0.69,0.18,0.5,0,0,big5_club
ENG,"MF,DF",18,2006,7.9,0,2,0,0.0,0.25,0.0,0.0,,0,0,big5_club
ENG,"FW,MF",23,2002,13.5,3,25,9,36.0,1.86,0.67,0.12,0.33,0,0,big5_club
ECU,DF,23,2002,19.9,1,3,2,66.7,0.15,0.1,0.33,0.5,0,0,big5_club
ITA,DF,23,2002,18.9,1,32,8,25.0,1.7,0.42,0.03,0.13,0,0,big5_club
SWE,FW,27,1998,24.7,14,55,22,40.0,2.23,0.89,0.2,0.5,3,3,big5_club
FRA,DF,24,2001,29.0,1,5,1,20.0,0.17,0.03,0.2,1.0,0,0,big5_club
BRA,MF,19,2006,0.5,0,1,0,0.0,1.84,0.0,0.0,,0,0,big5_club
BEL,MF,23,2001,19.5,2,19,7,36.8,0.97,0.36,0.11,0.29,0,0,big5_club
ESP,DF,22,2003,1.0,0,0,0,,0.0,0.0,,,0,0,big5_club
FRA,MF,25,1999,15.7,1,7,4,57.1,0.45,0.26,0.14,0.25,0,0,big5_club
ENG,MF,17,2008,0.2,0,0,0,,0.0,0.0,,,0,0,big5_club
NED,"FW,MF",26,1999,7.3,4,27,9,33.3,3.7,1.23,0.15,0.44,0,0,big5_club
BRA,MF,27,1998,6.7,1,6,4,66.7,0.89,0.6,0.17,0.25,0,0,big5_club
ARG,MF,28,1996,19.5,6,49,13,26.5,2.51,0.67,0.12,0.46,0,0,big5_club
ARG,GK,32,1992,31.5,0,0,0,,0.0,0.0,,,0,0,big5_club
CIV,MF,24,2001,6.5,0,8,5,62.5,1.22,0.77,0.0,0.0,0,0,big5_club
ENG,DF,27,1997,33.7,0,11,2,18.2,0.33,0.06,0.0,0.0,0,0,big5_club
ENG,MF,18,2007,0.3,0,1,0,0.0,3.33,0.0,0.0,,0,0,big5_club
ENG,MF,22,2003,1.2,0,5,0,0.0,4.02,0.0,0.0,,0,0,big5_club
NED,DF,23,2002,17.8,0,20,5,25.0,1.12,0.28,0.0,0.0,0,0,big5_club
ENG,MF,25,2000,9.7,0,10,3,30.0,1.03,0.31,0.0,0.0,0,0,big5_club
ENG,MF,18,2006,0.1,0,0,0,,0.0,0.0,,,0,0,big5_club
SCO,MF,30,1994,23.7,5,28,12,42.9,1.18,0.51,0.18,0.42,0,0,big5_club
NED,"MF,DF",21,2004,11.7,0,0,0,,0.0,0.0,,,0,0,big5_club
JAM,MF,27,1997,5.1,0,8,1,12.5,1.57,0.2,0.0,0.0,0,0,big5_club
FRA,DF,32,1993,20.6,0,14,5,35.7,0.68,0.24,0.0,0.0,0,0,big5_club
NED,GK,34,1991,6.5,0,0,0,,0.0,0.0,,,0,0,big5_club
POL,DF,27,1997,33.5,3,30,10,33.3,0.9,0.3,0.1,0.3,0,0,big5_club
ENG,MF,23,2002,36.4,10,84,32,38.1,2.3,0.88,0.12,0.31,0,0,big5_club
ENG,FW,29,1995,31.5,16,83,38,45.8,2.63,1.2,0.19,0.42,0,0,big5_club
ESP,DF,28,1997,18.6,0,9,1,11.1,0.48,0.05,0.0,0.0,0,0,big5_club
ENG,MF,31,1993,9.5,3,18,8,44.4,1.89,0.84,0.17,0.38,0,0,big5_club
ENG,FW,27,1997,3.2,2,9,3,33.3,2.83,0.94,0.22,0.67,0,0,big5_club
ENG,DF,32,1993,14.7,0,9,1,11.1,0.61,0.07,0.0,0.0,0,0,big5_club
SWE,"DF,MF",31,1994,10.5,0,3,0,0.0,0.28,0.0,0.0,,0,0,big5_club
BEL,MF,28,1997,20.7,0,24,7,29.2,1.16,0.34,0.0,0.0,0,0,big5_club
ENG,DF,34,1991,12.0,0,0,0,,0.0,0.0,,,0,0,big5_club
FRA,DF,23,2001,37.5,1,16,6,37.5,0.43,0.16,0.06,0.17,0,0,big5_club
ENG,MF,21,2003,31.7,3,44,13,29.5,1.39,0.41,0.07,0.23,0,0,big5_club
HUN,MF,19,2005,1.6,0,2,0,0.0,1.29,0.0,0.0,,0,0,big5_club
MAR,MF,25,2000,12.1,3,20,9,45.0,1.65,0.74,0.15,0.33,0,0,big5_club
GHA,MF,25,2000,20.0,10,49,27,55.1,2.45,1.35,0.18,0.33,1,2,big5_club
FRA,DF,24,2001,14.2,0,1,0,0.0,0.07,0.0,0.0,,0,0,big5_club
SCO,MF,19,2005,1.3,0,3,1,33.3,2.39,0.8,0.0,0.0,0,0,big5_club
ENG,MF,20,2004,0.1,0,0,0,,0.0,0.0,,,0,0,big5_club
WAL,MF,28,1997,13.4,1,48,13,27.1,3.59,0.97,0.02,0.08,0,0,big5_club
FRA,"MF,FW",19,2006,18.6,13,52,22,42.3,2.8,1.18,0.21,0.5,2,2,big5_club
TUR,FW,28,1997,2.6,1,15,3,20.0,5.82,1.16,0.07,0.33,0,0,big5_club
BRA,FW,25,1999,30.5,6,72,23,31.9,2.36,0.75,0.08,0.26,0,0,big5_club
CIV,MF,25,2000,0.2,0,0,0,,0.0,0.0,,,0,0,big5_club
ENG,DF,23,2002,23.4,0,12,2,16.7,0.51,0.09,0.0,0.0,0,0,big5_club
ARG,DF,20,2005,0.4,0,0,0,,0.0,0.0,,,0,0,big5_club
NED,MF,26,1999,10.6,2,17,4,23.5,1.61,0.38,0.12,0.5,0,0,big5_club
ENG,"MF,DF",28,1997,9.7,0,3,0,0.0,0.31,0.0,0.0,,0,0,big5_club
ARG,DF,28,1997,36.5,0,17,5,29.4,0.47,0.14,0.0,0.0,0,0,big5_club
ENG,MF,26,1999,30.4,7,70,24,34.3,2.31,0.79,0.07,0.21,2,2,big5_club
BRA,MF,18,2006,12.3,5,28,8,28.6,2.27,0.65,0.18,0.63,0,0,big5_club
SCO,MF,30,1995,11.0,2,25,8,32.0,2.27,0.73,0.08,0.25,0,0,big5_club
USA,MF,26,1999,19.7,2,10,6,60.0,0.51,0.3,0.2,0.33,0,0,big5_club
SRB,DF,18,2007,4.1,0,1,0,0.0,0.24,0.0,0.0,,0,0,big5_club
ESP,"DF,MF",20,2005,25.7,1,21,4,19.0,0.82,0.16,0.05,0.25,0,0,big5_club
SRB,GK,25,1999,38.0,0,0,0,,0.0,0.0,,,0,0,big5_club
SCO,"DF,MF",23,2002,7.7,0,6,1,16.7,0.78,0.13,0.0,0.0,0,0,big5_club
NED,MF,20,2005,0.5,0,0,0,,0.0,0.0,,,0,0,big5_club
IRL,GK,26,1998,37.0,0,0,0,,0.0,0.0,,,0,0,big5_club
BFA,MF,23,2002,25.3,7,56,20,35.7,2.21,0.79,0.13,0.35,0,0,big5_club
JAM,DF,32,1993,3.5,0,1,1,100.0,0.28,0.28,0.0,0.0,0,0,big5_club
POR,MF,22,2002,1.1,1,2,1,50.0,1.76,0.88,0.5,1.0,0,0,big5_club
NGA,MF,27,1998,1.0,0,0,0,,0.0,0.0,,,0,0,big5_club
ISL,GK,23,2001,1.0,0,0,0,,0.0,0.0,,,0,0,big5_club
BRA,FW,24,2001,36.5,22,84,43,51.2,2.3,1.18,0.17,0.33,8,9,big5_club
ENG,MF,35,1990,21.3,1,6,1,16.7,0.28,0.05,0.17,1.0,0,0,big5_club
ENG,MF,26,1998,0.0,0,1,0,0.0,30.0,0.0,0.0,,0,0,big5_club
BEL,FW,18,2007,0.0,0,0,0,,0.0,0.0,,,0,0,big5_club
ENG,"DF,MF",24,2001,21.9,3,31,9,29.0,1.41,0.41,0.1,0.33,0,0,big5_club
GER,"MF,FW",23,2001,30.5,8,57,24,42.1,1.87,0.79,0.14,0.33,0,1,big5_club
NOR,DF,27,1998,20.1,0,10,3,30.0,0.5,0.15,0.0,0.0,0,0,big5_club
DEN,MF,29,1996,25.0,3,29,8,27.6,1.16,0.32,0.1,0.38,0,0,big5_club
ITA,DF,21,2004,36.2,1,9,3,33.3,0.25,0.08,0.11,0.33,0,0,big5_club
DEN,MF,25,2000,22.8,4,29,11,37.9,1.27,0.48,0.14,0.36,0,0,big5_club
ENG,MF,22,2002,0.0,0,0,0,,0.0,0.0,,,0,0,big5_club
IRL,DF,24,2001,33.1,1,20,6,30.0,0.61,0.18,0.05,0.17,0,0,big5_club
ENG,"FW,MF",25,1999,1.4,0,5,1,20.0,3.57,0.71,0.0,0.0,0,0,big5_club
JAM,DF,28,1997,14.8,0,5,0,0.0,0.34,0.0,0.0,,0,0,big5_club
ENG,FW,18,2006,0.5,0,3,1,33.3,6.59,2.2,0.0,0.0,0,0,big5_club
NED,DF,23,2001,30.7,0,23,7,30.4,0.75,0.23,0.0,0.0,0,0,big5_club
GER,MF,27,1998,16.0,1,12,3,25.0,0.75,0.19,0.08,0.33,0,0,big5_club
UKR,MF,21,2004,29.5,1,16,4,25.0,0.54,0.14,0.06,0.25,0,0,big5_club
NED,GK,22,2002,38.0,0,0,0,,0.0,0.0,,,0,0,big5_club
GER,MF,21,2004,8.0,1,16,6,37.5,2.0,0.75,0.06,0.17,0,0,big5_club
CMR,MF,21,2004,18.4,0,20,2,10.0,1.09,0.11,0.0,0.0,0,0,big5_club
GRE,FW,18,2007,4.1,2,21,8,38.1,5.12,1.95,0.1,0.25,0,0,big5_club
ENG,FW,34,1990,25.1,13,56,28,50.0,2.23,1.12,0.21,0.43,1,3,big5_club
ITA,DF,21,2003,2.2,0,0,0,,0.0,0.0,,,0,0,big5_club
PAR,"MF,FW",22,2003,23.6,5,42,14,33.3,1.78,0.59,0.12,0.36,0,0,big5_club
TUR,"DF,MF",25,1999,34.8,1,28,13,46.4,0.8,0.37,0.04,0.08,0,0,big5_club
FRA,"MF,FW",23,2002,19.8,3,42,14,33.3,2.12,0.71,0.07,0.21,0,0,big5_club
ENG,MF,17,2008,1.0,0,0,0,,0.0,0.0,,,0,0,big5_club
ENG,MF,20,2005,19.3,4,37,15,40.5,1.91,0.78,0.11,0.27,0,0,big5_club
ENG,MF,39,1986,8.7,1,8,2,25.0,0.92,0.23,0.0,0.0,1,1,big5_club
NED,DF,25,2000,35.7,3,23,10,43.5,0.64,0.28,0.13,0.3,0,0,big5_club
ENG,MF,19,2005,0.0,0,0,0,,0.0,0.0,,,0,0,big5_club
NED,DF,33,1992,11.7,1,4,1,25.0,0.34,0.09,0.25,1.0,0,0,big5_club
JPN,"MF,FW",28,1997,19.1,3,32,13,40.6,1.67,0.68,0.09,0.23,0,0,big5_club
ENG,DF,33,1991,31.5,1,23,3,13.0,0.73,0.1,0.04,0.33,0,0,big5_club
NED,DF,25,1999,21.1,2,18,6,33.3,0.85,0.28,0.11,0.33,0,0,big5_club
DEN,MF,24,2000,2.3,1,4,2,50.0,1.76,0.88,0.0,0.0,1,1,big5_club
BEL,"DF,MF",24,2000,15.7,2,13,6,46.2,0.83,0.38,0.15,0.33,0,0,big5_club
ENG,MF,18,2007,0.0,0,0,0,,0.0,0.0,,,0,0,big5_club
FRA,DF,27,1997,8.9,0,1,0,0.0,0.11,0.0,0.0,,0,0,big5_club
GER,MF,34,1991,18.2,1,18,9,50.0,0.99,0.5,0.06,0.11,0,0,big5_club
ENG,MF,31,1994,0.5,0,1,1,100.0,2.2,2.2,0.0,0.0,0,0,big5_club
GRE,FW,19,2006,1.5,1,4,1,25.0,2.59,0.65,0.25,1.0,0,0,big5_club
ENG,MF,19,2006,0.7,0,1,1,100.0,1.45,1.45,0.0,0.0,0,0,big5_club
GAM,MF,21,2004,26.6,3,41,11,26.8,1.54,0.41,0.07,0.27,0,0,big5_club
SWE,MF,21,2003,21.4,3,41,10,24.4,1.91,0.47,0.07,0.3,0,0,big5_club
ALB,FW,23,2001,9.6,1,16,6,37.5,1.67,0.63,0.06,0.17,0,0,big5_club
ENG,"FW,MF",35,1989,0.5,0,2,1,50.0,3.83,1.91,0.0,0.0,0,0,big5_club
COD,DF,27,1997,13.3,1,2,1,50.0,0.15,0.07,0.5,1.0,0,0,big5_club
ENG,"DF,MF",22,2003,17.5,0,9,3,33.3,0.51,0.17,0.0,0.0,0,0,big5_club
POR,MF,25,1999,23.4,0,13,2,15.4,0.56,0.09,0.0,0.0,0,0,big5_club
TUN,MF,22,2003,13.7,1,19,5,26.3,1.39,0.37,0.05,0.2,0,0,big5_club
SWE,DF,26,1998,17.1,0,6,1,16.7,0.35,0.06,0.0,0.0,0,0,big5_club
DEN,"MF,FW",26,1998,11.4,0,17,4,23.5,1.49,0.35,0.0,0.0,0,0,big5_club
ENG,MF,25,1999,30.2,8,55,23,41.8,1.82,0.76,0.15,0.35,0,0,big5_club
ENG,MF,30,1994,7.6,0,3,2,66.7,0.39,0.26,0.0,0.0,0,0,big5_club
NED,"FW,MF",20,2004,0.1,0,0,0,,0.0,0.0,,,0,0,big5_club
ENG,DF,28,1997,5.6,0,1,0,0.0,0.18,0.0,0.0,,0,0,big5_club
IRL,MF,29,1996,16.8,2,11,6,54.5,0.65,0.36,0.18,0.33,0,0,big5_club
ENG,"DF,MF",30,1995,19.6,1,15,4,26.7,0.77,0.2,0.07,0.25,0,0,big5_club
ENG,"DF,MF",35,1990,34.4,0,4,0,0.0,0.12,0.0,0.0,,0,0,big5_club
FRA,MF,21,2004,26.0,3,23,8,34.8,0.89,0.31,0.13,0.38,0,0,big5_club
FRA,"MF,FW",21,2003,14.1,2,23,9,39.1,1.63,0.64,0.09,0.22,0,0,big5_club
BRA,"MF,DF",24,2001,15.7,0,16,4,25.0,1.02,0.26,0.0,0.0,0,0,big5_club
RSA,"FW,MF",24,2000,15.2,3,20,6,30.0,1.31,0.39,0.15,0.5,0,0,big5_club
ENG,"MF,FW",26,1998,11.9,1,23,6,26.1,1.94,0.51,0.04,0.17,0,0,big5_club
SVK,GK,36,1989,35.0,0,0,0,,0.0,0.0,,,0,0,big5_club
GER,GK,21,2004,3.0,0,0,0,,0.0,0.0,,,0,0,big5_club
FRA,DF,23,2002,32.6,0,10,1,10.0,0.31,0.03,0.0,0.0,0,0,big5_club
BEL,"FW,MF",26,1999,0.5,0,0,0,,0.0,0.0,,,0,0,big5_club
PER,DF,24,2000,1.9,1,3,1,33.3,1.6,0.53,0.33,1.0,0,0,big5_club
NED,DF,23,2001,20.3,0,9,3,33.3,0.44,0.15,0.0,0.0,0,0,big5_club
SUI,"FW,MF",24,2000,0.8,0,3,1,33.3,3.7,1.23,0.0,0.0,0,0,big5_club
NED,FW,26,1998,19.6,11,52,21,40.4,2.65,1.07,0.17,0.43,2,2,big5_club
ARG,MF,21,2004,14.1,1,33,7,21.2,2.34,0.5,0.03,0.14,0,0,big5_club
BRA,MF,21,2004,14.0,1,11,2,18.2,0.79,0.14,0.09,0.5,0,0,big5_club
FRA,DF,24,2001,5.2,0,0,0,,0.0,0.0,,,0,0,big5_club
ENG,MF,23,2002,21.7,10,64,25,39.1,2.95,1.15,0.08,0.2,5,6,big5_club
POR,MF,20,2005,0.3,0,0,0,,0.0,0.0,,,0,0,big5_club
ARG,MF,24,2001,34.6,10,72,31,43.1,2.08,0.9,0.11,0.26,2,2,big5_club
BRA,MF,18,2007,9.4,2,28,8,28.6,2.97,0.85,0.07,0.25,0,0,big5_club
ARG,MF,20,2004,0.5,0,0,0,,0.0,0.0,,,0,0,big5_club
DEN,GK,23,2002,4.2,0,0,0,,0.0,0.0,,,0,0,big5_club
ENG,MF,20,2004,5.5,0,10,2,20.0,1.82,0.36,0.0,0.0,0,0,big5_club
ENG,MF,18,2007,0.5,0,2,1,50.0,4.09,2.05,0.0,0.0,0,0,big5_club
NED,DF,19,2006,12.8,0,4,0,0.0,0.31,0.0,0.0,,0,0,big5_club
ENG,DF,19,2006,7.4,1,4,2,50.0,0.54,0.27,0.25,0.5,0,0,big5_club
BRA,"FW,MF",23,2001,29.6,15,73,28,38.4,2.47,0.95,0.21,0.54,0,0,big5_club
ENG,DF,22,2003,2.5,0,0,0,,0.0,0.0,,,0,0,big5_club
ENG,FW,22,2003,12.3,1,36,11,30.6,2.93,0.89,0.03,0.09,0,0,big5_club
FRA,"DF,MF",22,2003,25.1,2,12,6,50.0,0.48,0.24,0.17,0.33,0,0,big5_club
SEN,DF,19,2005,1.1,0,1,0,0.0,0.88,0.0,0.0,,0,0,big5_club
ESP,DF,27,1998,30.1,1,20,6,30.0,0.66,0.2,0.05,0.17,0,0,big5_club
ESP,FW,19,2006,2.9,0,12,2,16.7,4.2,0.7,0.0,0.0,0,0,big5_club
ECU,MF,23,2001,31.1,3,27,7,25.9,0.87,0.23,0.11,0.43,0,0,big5_club
POR,"MF,FW",25,2000,29.2,5,46,13,28.3,1.57,0.44,0.11,0.38,0,0,big5_club
ENG,"DF,MF",25,1999,21.8,2,22,7,31.8,1.01,0.32,0.09,0.29,0,0,big5_club
ESP,GK,27,1997,33.8,0,0,0,,0.0,0.0,,,0,0,big5_club
BEL,MF,21,2004,4.2,0,3,0,0.0,0.71,0.0,0.0,,0,0,big5_club
ENG,FW,17,2007,0.0,0,0,0,,0.0,0.0,,,0,0,big5_club
ENG,DF,27,1997,8.8,0,2,0,0.0,0.23,0.0,0.0,,0,0,big5_club
ENG,DF,26,1999,30.9,3,16,5,31.3,0.52,0.16,0.19,0.6,0,0,big5_club
ENG,FW,19,2006,1.6,0,3,2,66.7,1.86,1.24,0.0,0.0,0,0,big5_club
FRA,DF,24,2000,19.1,0,8,1,12.5,0.42,0.05,0.0,0.0,0,0,big5_club
ENG,MF,21,2004,28.4,1,32,6,18.8,1.13,0.21,0.03,0.17,0,0,big5_club
CRO,"DF,MF",27,1998,1.1,0,1,0,0.0,0.89,0.0,0.0,,0,0,big5_club
WAL,"MF,FW",24,2001,12.4,0,17,3,17.6,1.38,0.24,0.0,0.0,0,0,big5_club
MAR,DF,22,2003,6.1,0,4,2,50.0,0.65,0.33,0.0,0.0,0,0,big5_club
USA,DF,25,2000,31.4,1,15,2,13.3,0.48,0.06,0.07,0.5,0,0,big5_club
NGA,FW,22,2003,1.9,0,6,2,33.3,3.12,1.04,0.0,0.0,0,0,big5_club
JPN,MF,28,1996,21.1,0,19,4,21.1,0.9,0.19,0.0,0.0,0,0,big5_club
COL,MF,29,1996,26.7,4,26,12,46.2,0.98,0.45,0.15,0.33,0,0,big5_club
ENG,GK,28,1997,37.0,0,0,0,,0.0,0.0,,,0,0,big5_club
ENG,MF,27,1998,0.9,0,6,2,33.3,6.51,2.17,0.0,0.0,0,0,big5_club
ENG,MF,26,1999,4.7,2,15,6,40.0,3.18,1.27,0.13,0.33,0,0,big5_club
CIV,MF,24,2001,3.7,1,3,1,33.3,0.82,0.27,0.33,1.0,0,0,big5_club
SEN,MF,27,1998,24.2,9,48,21,43.8,1.99,0.87,0.13,0.29,3,3,big5_club
FRA,DF,19,2006,14.8,0,7,1,14.3,0.47,0.07,0.0,0.0,0,0,big5_club
FRA,FW,28,1997,24.6,12,63,32,50.8,2.56,1.3,0.13,0.25,4,4,big5_club
COL,"MF,DF",30,1994,19.3,0,19,7,36.8,0.99,0.36,0.0,0.0,0,0,big5_club
ENG,MF,16,2009,0.1,0,0,0,,0.0,0.0,,,0,0,big5_club
NIR,"MF,FW",21,2003,8.8,1,13,4,30.8,1.47,0.45,0.0,0.0,1,1,big5_club
NOR,FW,25,2000,10.0,3,23,7,30.4,2.29,0.7,0.13,0.43,0,0,big5_club
ENG,"DF,MF",20,2004,0.0,0,0,0,,0.0,0.0,,,0,0,big5_club
ENG,DF,25,2000,20.0,2,15,4,26.7,0.75,0.2,0.13,0.5,0,0,big5_club
FRA,DF,25,2000,34.3,1,25,7,28.0,0.73,0.2,0.04,0.14,0,0,big5_club
ENG,"MF,DF",34,1991,6.6,0,3,0,0.0,0.45,0.0,0.0,,0,0,big5_club
FRA,FW,27,1998,0.0,0,0,0,,0.0,0.0,,,0,0,big5_club
TRI,MF,19,2006,1.0,0,1,0,0.0,1.0,0.0,0.0,,0,0,big5_club
ENG,MF,20,2005,0.5,0,0,0,,0.0,0.0,,,0,0,big5_club
ENG,MF,25,1999,36.1,1,19,7,36.8,0.53,0.19,0.05,0.14,0,0,big5_club
ARG,GK,32,1993,1.0,0,0,0,,0.0,0.0,,,0,0,big5_club
ENG,MF,30,1995,17.5,0,17,0,0.0,0.97,0.0,0.0,,0,0,big5_club
ESP,"MF,FW",22,2002,23.1,2,45,11,24.4,1.95,0.48,0.04,0.18,0,0,big5_club
GNB,FW,27,1998,17.4,9,43,17,39.5,2.47,0.98,0.21,0.53,0,0,big5_club
ARG,MF,22,2002,7.7,0,20,5,25.0,2.61,0.65,0.0,0.0,0,0,big5_club
ENG,MF,25,1999,13.0,0,24,5,20.8,1.85,0.39,0.0,0.0,0,0,big5_club
ENG,MF,18,2007,5.9,0,5,2,40.0,0.85,0.34,0.0,0.0,0,0,big5_club
SEN,MF,35,1989,23.3,2,29,7,24.1,1.25,0.3,0.07,0.29,0,0,big5_club
SEN,MF,25,2000,30.9,6,43,22,51.2,1.39,0.71,0.09,0.18,2,2,big5_club
ENG,MF,29,1995,18.1,2,26,8,30.8,1.44,0.44,0.08,0.25,0,0,big5_club
IRL,DF,24,2001,34.7,1,13,6,46.2,0.37,0.17,0.08,0.17,0,0,big5_club
ENG,"MF,DF",24,2001,37.9,2,45,14,31.1,1.19,0.37,0.04,0.14,0,0,big5_club
ENG,DF,32,1992,37.0,2,20,10,50.0,0.54,0.27,0.1,0.2,0,0,big5_club
ENG,DF,23,2002,7.6,1,6,2,33.3,0.79,0.26,0.17,0.5,0,0,big5_club
ENG,GK,31,1994,38.0,0,0,0,,0.0,0.0,,,0,0,big5_club
ENG,MF,26,1998,29.2,8,39,15,38.5,1.34,0.51,0.21,0.53,0,0,big5_club
GER,MF,23,2002,7.6,1,11,1,9.1,1.45,0.13,0.09,1.0,0,0,big5_club
ENG,DF,32,1993,28.8,3,27,7,25.9,0.94,0.24,0.11,0.43,0,0,big5_club
SCO,DF,23,2001,2.7,0,1,1,100.0,0.37,0.37,0.0,0.0,0,0,big5_club
IRL,DF,36,1988,0.2,0,0,0,,0.0,0.0,,,0,0,big5_club
FRA,FW,22,2002,21.3,8,38,14,36.8,1.79,0.66,0.21,0.57,0,0,big5_club
ENG,MF,22,2003,16.5,0,12,1,8.3,0.73,0.06,0.0,0.0,0,0,big5_club
ENG,MF,19,2006,4.0,0,4,0,0.0,1.01,0.0,0.0,,0,0,big5_club
ENG,MF,19,2006,2.4,0,7,3,42.9,2.89,1.24,0.0,0.0,0,0,big5_club
UKR,DF,26,1999,32.9,0,9,2,22.2,0.27,0.06,0.0,0.0,0,0,big5_club
ESP,MF,29,1996,3.0,0,5,1,20.0,1.64,0.33,0.0,0.0,0,0,big5_club
NGA,MF,29,1996,26.9,4,39,15,38.5,1.45,0.56,0.1,0.27,0,0,big5_club
USA,"DF,MF",27,1997,16.6,1,6,1,16.7,0.36,0.06,0.0,0.0,1,1,big5_club
GER,GK,33,1992,38.0,0,0,0,,0.0,0.0,,,0,0,big5_club
NGA,DF,25,1999,28.2,1,12,1,8.3,0.43,0.04,0.08,1.0,0,0,big5_club
ENG,MF,25,2000,21.4,3,36,11,30.6,1.68,0.51,0.08,0.27,0,0,big5_club
ENG,MF,30,1995,1.0,1,2,1,50.0,1.91,0.96,0.5,1.0,0,0,big5_club
WAL,MF,28,1997,29.7,10,78,25,32.1,2.63,0.84,0.13,0.4,0,0,big5_club
MAR,DF,28,1997,9.1,1,2,1,50.0,0.22,0.11,0.5,1.0,0,0,big5_club
DEN,DF,29,1996,31.9,0,16,4,25.0,0.5,0.13,0.0,0.0,0,0,big5_club
SWE,FW,18,2007,0.6,0,0,0,,0.0,0.0,,,0,0,big5_club
ESP,DF,25,1999,10.4,0,1,0,0.0,0.1,0.0,0.0,,0,0,big5_club
ENG,MF,18,2007,14.5,1,26,11,42.3,1.79,0.76,0.04,0.09,0,0,big5_club
NED,DF,29,1995,19.9,1,16,3,18.8,0.8,0.15,0.06,0.33,0,0,big5_club
BRA,MF,22,2003,11.6,1,25,10,40.0,2.16,0.86,0.04,0.1,0,0,big5_club
NOR,MF,22,2003,6.3,0,8,3,37.5,1.26,0.47,0.0,0.0,0,0,big5_club
MEX,FW,34,1991,24.3,9,73,18,24.7,3.0,0.74,0.07,0.28,4,4,big5_club
BRA,FW,24,2001,11.1,1,32,5,15.6,2.88,0.45,0.03,0.2,0,0,big5_club
ENG,"DF,MF",25,2000,20.3,3,16,4,25.0,0.79,0.2,0.19,0.75,0,0,big5_club
NGA,MF,26,1999,12.0,3,25,7,28.0,2.09,0.58,0.12,0.43,0,0,big5_club
NOR,MF,27,1998,32.3,0,14,3,21.4,0.43,0.09,0.0,0.0,0,0,big5_club
SRB,MF,28,1996,19.3,1,18,6,33.3,0.93,0.31,0.06,0.17,0,0,big5_club
BEL,"DF,MF",29,1995,20.5,0,14,6,42.9,0.68,0.29,0.0,0.0,0,0,big5_club
SCO,MF,34,1991,8.6,2,17,2,11.8,1.97,0.23,0.12,1.0,0,0,big5_club
GER,MF,26,1998,26.3,5,55,14,25.5,2.09,0.53,0.09,0.36,0,0,big5_club
JPN,MF,26,1998,14.6,2,17,5,29.4,1.16,0.34,0.12,0.4,0,0,big5_club
USA,"MF,FW",24,2000,27.2,4,47,17,36.2,1.73,0.62,0.09,0.24,0,0,big5_club
WAL,"FW,MF",27,1997,6.2,0,14,3,21.4,2.25,0.48,0.0,0.0,0,0,big5_club
ENG,FW,28,1997,30.2,14,73,34,46.6,2.41,1.12,0.14,0.29,4,5,big5_club
WAL,MF,24,2000,34.7,1,26,6,23.1,0.75,0.17,0.04,0.17,0,0,big5_club
ARG,MF,20,2004,0.4,0,2,0,0.0,4.62,0.0,0.0,,0,0,big5_club
SWE,"DF,MF",26,1999,29.2,0,18,3,16.7,0.62,0.1,0.0,0.0,0,0,big5_club
BUL,MF,25,2000,14.7,0,7,1,14.3,0.48,0.07,0.0,0.0,0,0,big5_club
ENG,FW,28,1996,3.0,0,6,2,33.3,2.01,0.67,0.0,0.0,0,0,big5_club
SVN,DF,26,1999,21.0,1,15,6,40.0,0.71,0.29,0.07,0.17,0,0,big5_club
ENG,"DF,MF",27,1998,21.1,2,24,6,25.0,1.14,0.28,0.08,0.33,0,0,big5_club
ENG,"MF,DF",25,2000,31.0,1,18,4,22.2,0.58,0.13,0.06,0.25,0,0,big5_club
WAL,DF,27,1997,32.8,2,18,7,38.9,0.55,0.21,0.11,0.29,0,0,big5_club
SUR,FW,25,1999,2.9,0,14,3,21.4,4.88,1.05,0.0,0.0,0,0,big5_club
WAL,GK,34,1990,22.0,0,0,0,,0.0,0.0,,,0,0,big5_club
BRA,GK,27,1997,16.0,0,0,0,,0.0,0.0,,,0,0,big5_club
GER,FW,26,1998,12.0,6,30,16,53.3,2.49,1.33,0.13,0.25,2,3,big5_club
SUI,"FW,MF",25,2000,17.3,8,35,15,42.9,2.02,0.86,0.23,0.53,0,0,big5_club
NED,DF,25,1999,32.6,0,31,5,16.1,0.95,0.15,0.0,0.0,0,0,big5_club
ENG,"DF,MF",31,1993,0.1,0,0,0,,0.0,0.0,,,0,0,big5_club
ENG,MF,27,1997,11.2,2,16,4,25.0,1.42,0.36,0.13,0.5,0,0,big5_club
BEL,DF,26,1999,4.8,0,1,0,0.0,0.21,0.0,0.0,,0,0,big5_club
ITA,FW,21,2003,6.0,0,10,0,0.0,1.68,0.0,0.0,,0,0,big5_club
SWE,FW,25,1999,7.8,3,17,6,35.3,2.19,0.77,0.18,0.5,0,0,big5_club
ARG,MF,26,1998,29.5,2,52,12,23.1,1.76,0.41,0.04,0.17,0,0,big5_club
BRA,GK,32,1992,26.0,0,0,0,,0.0,0.0,,,0,0,big5_club
SCO,DF,31,1994,13.1,1,10,3,30.0,0.77,0.23,0.1,0.33,0,0,big5_club
NED,"MF,FW",26,1999,30.4,7,87,21,24.1,2.86,0.69,0.08,0.33,0,0,big5_club
NIR,DF,22,2003,10.3,0,6,0,0.0,0.58,0.0,0.0,,0,0,big5_club
ENG,"MF,DF",24,2001,21.5,1,22,7,31.8,1.02,0.33,0.05,0.14,0,0,big5_club
HUN,"MF,DF",24,2000,35.9,6,71,23,32.4,1.98,0.64,0.08,0.26,0,1,big5_club
ITA,MF,27,1997,3.8,2,17,5,29.4,4.51,1.33,0.12,0.4,0,0,big5_club
GER,MF,22,2003,26.4,5,51,18,35.3,1.93,0.68,0.1,0.28,0,0,big5_club
ENG,GK,28,1997,2.4,0,0,0,,0.0,0.0,,,0,0,big5_club
GEO,GK,24,2000,9.6,0,0,0,,0.0,0.0,,,0,0,big5_club
ENG,"FW,MF",22,2003,0.0,0,0,0,,0.0,0.0,,,0,0,big5_club
FRA,FW,23,2002,20.0,11,65,19,29.2,3.24,0.95,0.17,0.58,0,0,big5_club
FRA,DF,26,1999,34.3,1,12,4,33.3,0.35,0.12,0.08,0.25,0,0,big5_club
NED,"DF,MF",24,2000,11.6,0,10,2,20.0,0.87,0.17,0.0,0.0,0,0,big5_club
ENG,DF,28,1997,6.7,0,5,1,20.0,0.74,0.15,0.0,0.0,0,0,big5_club
HUN,DF,21,2003,25.1,2,9,2,22.2,0.36,0.08,0.22,1.0,0,0,big5_club
EGY,MF,33,1992,23.8,7,68,19,27.9,2.85,0.8,0.09,0.32,1,1,big5_club
ENG,MF,16,2008,6.2,2,16,6,37.5,2.57,0.96,0.13,0.33,0,0,big5_club
NED,MF,23,2002,33.2,5,38,13,34.2,1.14,0.39,0.13,0.38,0,0,big5_club
ENG,MF,18,2007,0.3,0,1,0,0.0,3.75,0.0,0.0,,0,0,big5_club
NED,DF,34,1991,38.0,6,30,14,46.7,0.79,0.37,0.2,0.43,0,0,big5_club
JPN,DF,32,1993,1.9,0,1,0,0.0,0.51,0.0,0.0,,0,0,big5_club
UZB,DF,21,2004,15.9,0,7,1,14.3,0.44,0.06,0.0,0.0,0,0,big5_club
GHA,"MF,FW",25,2000,15.5,7,34,14,41.2,2.19,0.9,0.21,0.5,0,0,big5_club
POR,MF,30,1994,31.9,2,30,7,23.3,0.94,0.22,0.07,0.29,0,0,big5_club
ENG,MF,17,2007,0.3,0,0,0,,0.0,0.0,,,0,0,big5_club
NOR,FW,25,2000,32.8,27,126,59,46.8,3.84,1.8,0.19,0.41,3,4,big5_club
ITA,GK,26,1999,34.0,0,0,0,,0.0,0.0,,,0,0,big5_club
ENG,GK,22,2002,4.0,0,0,0,,0.0,0.0,,,0,0,big5_club
BEL,"MF,FW",23,2002,19.8,5,39,15,38.5,1.97,0.76,0.13,0.33,0,0,big5_club
ENG,DF,31,1994,4.9,0,0,0,,0.0,0.0,,,0,0,big5_club
CRO,DF,23,2002,15.2,2,17,6,35.3,1.12,0.39,0.12,0.33,0,0,big5_club
ENG,DF,25,2000,15.0,1,17,5,29.4,1.13,0.33,0.06,0.2,0,0,big5_club
CRO,MF,31,1994,1.4,0,2,0,0.0,1.38,0.0,0.0,,0,0,big5_club
POR,DF,26,1998,31.8,1,7,2,28.6,0.22,0.06,0.14,0.5,0,0,big5_club
ENG,DF,20,2005,1.5,0,2,1,50.0,1.33,0.67,0.0,0.0,0,0,big5_club
NED,DF,30,1995,7.7,0,7,1,14.3,0.91,0.13,0.0,0.0,0,0,big5_club
ENG,"DF,MF",20,2005,29.4,5,41,15,36.6,1.39,0.51,0.12,0.33,0,0,big5_club
ESP,MF,23,2002,17.4,1,14,2,14.3,0.8,0.11,0.07,0.5,0,0,big5_club
EGY,"FW,MF",26,1999,7.8,3,30,9,30.0,3.86,1.16,0.1,0.33,0,0,big5_club
NOR,"MF,FW",22,2003,5.2,0,4,0,0.0,0.77,0.0,0.0,,0,0,big5_club
ENG,MF,25,2000,23.2,7,55,19,34.5,2.37,0.82,0.13,0.37,0,0,big5_club
ALG,DF,24,2001,10.8,0,10,2,20.0,0.92,0.18,0.0,0.0,0,0,big5_club
FRA,MF,21,2003,19.8,4,55,13,23.6,2.77,0.66,0.07,0.31,0,0,big5_club
ENG,DF,20,2004,4.5,0,3,0,0.0,0.66,0.0,0.0,,0,0,big5_club
ESP,MF,29,1996,16.8,1,16,3,18.8,0.95,0.18,0.06,0.33,0,0,big5_club
POR,DF,28,1997,23.8,2,10,4,40.0,0.42,0.17,0.2,0.5,0,0,big5_club
BRA,MF,21,2004,9.3,1,20,11,55.0,2.16,1.19,0.05,0.09,0,0,big5_club
NED,MF,27,1998,18.1,5,49,16,32.7,2.7,0.88,0.1,0.31,0,0,big5_club
TUR,GK,27,1998,6.0,0,0,0,,0.0,0.0,,,0,0,big5_club
CIV,MF,23,2002,26.0,2,53,23,43.4,2.04,0.88,0.04,0.09,0,0,big5_club
ENG,DF,18,2006,10.3,0,3,0,0.0,0.29,0.0,0.0,,0,0,big5_club
ENG,MF,17,2008,0.2,0,0,0,,0.0,0.0,,,0,0,big5_club
SVN,FW,22,2003,18.3,11,61,34,55.7,3.34,1.86,0.18,0.32,0,0,big5_club
POR,MF,30,1994,34.0,9,85,24,28.2,2.5,0.71,0.06,0.21,4,6,big5_club
CMR,"MF,FW",25,1999,29.0,11,73,32,43.8,2.52,1.1,0.15,0.34,0,0,big5_club
BRA,MF,33,1992,28.6,9,52,18,34.6,1.82,0.63,0.17,0.5,0,0,big5_club
POR,"DF,MF",26,1999,29.0,1,24,6,25.0,0.83,0.21,0.04,0.17,0,0,big5_club
ENG,DF,32,1993,18.4,1,14,4,28.6,0.76,0.22,0.07,0.25,0,0,big5_club
ENG,MF,18,2007,1.2,0,1,0,0.0,0.83,0.0,0.0,,0,0,big5_club
NED,"FW,MF",24,2001,7.0,2,25,9,36.0,3.59,1.29,0.08,0.22,0,0,big5_club
ENG,MF,20,2005,18.5,1,13,3,23.1,0.7,0.16,0.08,0.33,0,0,big5_club
FRA,DF,19,2005,19.3,0,9,3,33.3,0.47,0.16,0.0,0.0,0,0,big5_club
ARG,DF,27,1998,13.7,0,5,0,0.0,0.36,0.0,0.0,,0,0,big5_club
ENG,DF,30,1995,35.8,1,10,3,30.0,0.28,0.08,0.1,0.33,0,0,big5_club
URU,MF,24,2001,9.9,0,13,1,7.7,1.32,0.1,0.0,0.0,0,0,big5_club
ENG,MF,26,1999,11.3,3,19,5,26.3,1.68,0.44,0.16,0.6,0,0,big5_club
BRA,"MF,FW",26,1999,27.7,10,90,35,38.9,3.25,1.26,0.11,0.29,0,0,big5_club
NED,DF,25,1999,13.0,1,11,3,27.3,0.85,0.23,0.09,0.33,0,0,big5_club
MAR,"DF,MF",27,1997,10.9,0,5,0,0.0,0.46,0.0,0.0,,0,0,big5_club
DEN,MF,20,2004,16.1,4,25,11,44.0,1.55,0.68,0.16,0.36,0,0,big5_club
BEL,GK,23,2002,32.0,0,0,0,,0.0,0.0,,,0,0,big5_club
ENG,FW,18,2007,0.5,0,4,1,25.0,8.37,2.09,0.0,0.0,0,0,big5_club
SCO,MF,18,2007,0.2,0,0,0,,0.0,0.0,,,0,0,big5_club
ENG,DF,20,2005,0.0,0,0,0,,0.0,0.0,,,0,0,big5_club
NED,DF,25,1999,0.2,0,0,0,,0.0,0.0,,,0,0,big5_club
ENG,GK,27,1998,11.2,0,0,0,,0.0,0.0,,,0,0,big5_club
IRL,DF,21,2004,0.1,0,0,0,,0.0,0.0,,,0,0,big5_club
SWE,"FW,MF",23,2002,14.7,0,17,4,23.5,1.16,0.27,0.0,0.0,0,0,big5_club
ENG,FW,24,2001,19.9,6,48,20,41.7,2.41,1.0,0.06,0.15,3,3,big5_club
BRA,MF,27,1997,27.3,9,42,23,54.8,1.54,0.84,0.17,0.3,2,2,big5_club
ENG,DF,33,1992,24.4,1,10,3,30.0,0.41,0.12,0.1,0.33,0,0,big5_club
SWE,DF,30,1994,0.5,0,0,0,,0.0,0.0,,,0,0,big5_club
SUI,DF,33,1991,12.1,0,17,4,23.5,1.4,0.33,0.0,0.0,0,0,big5_club
ENG,"FW,MF",27,1997,21.8,7,58,21,36.2,2.66,0.96,0.12,0.33,0,0,big5_club
ENG,"FW,MF",30,1995,18.0,3,42,13,31.0,2.34,0.72,0.07,0.23,0,0,big5_club
ENG,MF,24,2001,16.1,2,16,4,25.0,0.99,0.25,0.13,0.5,0,0,big5_club
ENG,DF,31,1993,0.2,0,1,0,0.0,4.29,0.0,0.0,,0,0,big5_club
ENG,MF,25,1999,10.9,0,17,6,35.3,1.56,0.55,0.0,0.0,0,0,big5_club
BRA,MF,28,1996,21.7,2,32,11,34.4,1.48,0.51,0.06,0.18,0,0,big5_club
ENG,DF,34,1990,17.6,0,2,0,0.0,0.11,0.0,0.0,,0,0,big5_club
ENG,DF,20,2004,24.2,1,25,6,24.0,1.03,0.25,0.04,0.17,0,0,big5_club
ENG,"MF,DF",19,2006,16.6,1,12,4,33.3,0.72,0.24,0.08,0.25,0,0,big5_club
GER,DF,23,2001,32.9,4,28,14,50.0,0.85,0.42,0.14,0.29,0,0,big5_club
ENG,GK,33,1992,26.8,0,1,1,100.0,0.04,0.04,0.0,0.0,0,0,big5_club
GER,"FW,MF",23,2002,21.1,8,32,13,40.6,1.51,0.62,0.22,0.54,1,1,big5_club
ITA,MF,25,2000,28.2,0,37,8,21.6,1.31,0.28,0.0,0.0,0,0,big5_club
ENG,FW,18,2007,0.2,0,1,0,0.0,6.43,0.0,0.0,,0,0,big5_club
NED,DF,25,2000,20.4,1,15,4,26.7,0.74,0.2,0.07,0.25,0,0,big5_club
ENG,DF,22,2002,14.8,0,3,0,0.0,0.2,0.0,0.0,,0,0,big5_club
DEN,FW,21,2003,9.1,7,23,12,52.2,2.53,1.32,0.3,0.58,0,0,big5_club
COD,FW,28,1996,5.9,1,13,5,38.5,2.2,0.85,0.08,0.2,0,0,big5_club
SCO,GK,29,1996,0.5,0,0,0,,0.0,0.0,,,0,0,big5_club
FRA,FW,23,2002,1.1,0,4,1,25.0,3.75,0.94,0.0,0.0,0,0,big5_club
ENG,MF,24,2000,20.5,3,30,10,33.3,1.47,0.49,0.1,0.3,0,0,big5_club
NZL,FW,33,1991,10.0,3,23,9,39.1,2.3,0.9,0.13,0.33,0,0,big5_club
SUI,MF,24,2000,13.0,1,15,4,26.7,1.15,0.31,0.07,0.25,0,0,big5_club
FRA,MF,22,2002,6.1,0,9,3,33.3,1.46,0.49,0.0,0.0,0,0,big5_club
BRA,MF,27,1998,3.5,0,5,1,20.0,1.43,0.29,0.0,0.0,0,0,big5_club
ENG,MF,22,2002,37.0,4,44,10,22.7,1.19,0.27,0.07,0.3,1,1,big5_club
CIV,MF,27,1997,23.1,2,16,5,31.3,0.69,0.22,0.13,0.4,0,0,big5_club
BRA,FW,24,2001,25.5,6,70,21,30.0,2.74,0.82,0.07,0.24,1,1,big5_club
BRA,DF,20,2005,5.7,0,3,1,33.3,0.52,0.17,0.0,0.0,0,0,big5_club
ENG,MF,22,2002,3.3,0,4,0,0.0,1.21,0.0,0.0,,0,0,big5_club
BRA,GK,29,1996,4.9,0,0,0,,0.0,0.0,,,0,0,big5_club
POR,FW,25,1999,0.1,0,0,0,,0.0,0.0,,,0,0,big5_club
ITA,FW,24,2000,1.4,1,4,1,25.0,2.79,0.7,0.25,1.0,0,0,big5_club
GER,"DF,MF",22,2003,4.0,0,0,0,,0.0,0.0,,,0,0,big5_club
BEL,GK,33,1992,29.6,0,0,0,,0.0,0.0,,,0,0,big5_club
BRA,DF,24,2001,14.9,1,5,2,40.0,0.33,0.13,0.2,0.5,0,0,big5_club
ENG,MF,25,2000,34.4,15,83,32,38.6,2.41,0.93,0.17,0.44,1,1,big5_club
BRA,DF,23,2002,23.7,1,11,4,36.4,0.46,0.17,0.09,0.25,0,0,big5_club
WAL,DF,24,2001,35.6,2,46,19,41.3,1.29,0.53,0.04,0.11,0,0,big5_club
ARG,MF,27,1998,13.1,1,18,5,27.8,1.38,0.38,0.06,0.2,0,0,big5_club
ITA,DF,22,2003,11.4,2,5,3,60.0,0.44,0.26,0.4,0.67,0,0,big5_club
SRB,DF,27,1997,37.5,0,16,1,6.3,0.43,0.03,0.0,0.0,0,0,big5_club
NGA,DF,28,1996,17.6,0,12,1,8.3,0.68,0.06,0.0,0.0,0,0,big5_club
UKR,DF,28,1996,3.9,0,4,2,50.0,1.02,0.51,0.0,0.0,0,0,big5_club
ENG,MF,21,2003,18.8,1,25,11,44.0,1.33,0.59,0.04,0.09,0,0,big5_club
ENG,MF,27,1997,6.9,0,9,2,22.2,1.31,0.29,0.0,0.0,0,0,big5_club
GER,GK,32,1992,3.0,0,0,0,,0.0,0.0,,,0,0,big5_club
NGA,FW,27,1997,5.5,4,15,8,53.3,2.73,1.46,0.27,0.5,0,0,big5_club
ENG,DF,19,2006,1.8,0,0,0,,0.0,0.0,,,0,0,big5_club
COD,DF,31,1993,1.4,0,1,0,0.0,0.71,0.0,0.0,,0,0,big5_club
BFA,"MF,FW",29,1995,7.0,1,12,6,50.0,1.71,0.85,0.08,0.17,0,0,big5_club
NED,FW,23,2002,21.4,7,36,18,50.0,1.68,0.84,0.19,0.39,0,0,big5_club
MAR,"MF,FW",20,2005,17.3,4,25,10,40.0,1.44,0.58,0.16,0.4,0,0,big5_club
ENG,MF,18,2007,8.5,1,12,3,25.0,1.42,0.35,0.08,0.33,0,0,big5_club
ENG,MF,23,2001,0.2,0,0,0,,0.0,0.0,,,0,0,big5_club
NIR,DF,25,1999,23.9,2,26,9,34.6,1.09,0.38,0.08,0.22,0,0,big5_club
LVA,DF,23,2002,3.6,0,1,0,0.0,0.28,0.0,0.0,,0,0,big5_club
ESP,"FW,MF",20,2005,8.4,2,13,6,46.2,1.54,0.71,0.15,0.33,0,0,big5_club
FRA,"MF,FW",25,2000,32.6,5,36,12,33.3,1.11,0.37,0.06,0.17,3,4,big5_club
SUI,MF,32,1992,32.3,1,21,5,23.8,0.65,0.15,0.05,0.2,0,0,big5_club
SEN,MF,21,2004,15.6,2,26,8,30.8,1.67,0.51,0.04,0.13,1,1,big5_club
NED,DF,22,2003,1.5,0,0,0,,0.0,0.0,,,0,0,big5_club
CIV,MF,20,2005,0.4,0,0,0,,0.0,0.0,,,0,0,big5_club
ENG,DF,30,1994,6.3,0,4,1,25.0,0.63,0.16,0.0,0.0,0,0,big5_club
NED,"DF,MF",25,2000,18.8,0,11,3,27.3,0.58,0.16,0.0,0.0,0,0,big5_club
ESP,FW,19,2006,0.2,0,1,0,0.0,6.0,0.0,0.0,,0,0,big5_club
SWE,GK,22,2003,3.0,0,0,0,,0.0,0.0,,,0,0,big5_club
ECU,MF,22,2003,4.5,0,7,3,42.9,1.56,0.67,0.0,0.0,0,0,big5_club
COD,MF,20,2004,32.1,0,19,5,26.3,0.59,0.16,0.0,0.0,0,0,big5_club
FRA,DF,27,1997,30.9,3,26,4,15.4,0.84,0.13,0.12,0.75,0,0,big5_club
PAR,DF,28,1996,31.1,1,24,9,37.5,0.77,0.29,0.04,0.11,0,0,big5_club
ENG,"FW,MF",28,1997,0.3,0,1,0,0.0,3.21,0.0,0.0,,0,0,big5_club
MOZ,DF,31,1994,21.8,0,4,0,0.0,0.18,0.0,0.0,,0,0,big5_club
NED,GK,22,2003,35.0,0,0,0,,0.0,0.0,,,0,0,big5_club
ENG,MF,22,2003,4.6,0,7,2,28.6,1.53,0.44,0.0,0.0,0,0,big5_club
CIV,"MF,FW",23,2002,7.3,1,6,2,33.3,0.83,0.28,0.17,0.5,0,0,big5_club
NIR,"DF,MF",23,2002,33.7,2,34,7,20.6,1.01,0.21,0.06,0.29,0,0,big5_club
HAI,FW,24,2000,12.9,6,43,17,39.5,3.32,1.31,0.14,0.35,0,0,big5_club
CZE,GK,22,2003,7.0,0,0,0,,0.0,0.0,,,0,0,big5_club
ENG,"MF,DF",19,2006,16.4,2,11,5,45.5,0.67,0.3,0.18,0.4,0,0,big5_club
WAL,DF,32,1993,1.5,1,2,2,100.0,1.31,1.31,0.5,0.5,0,0,big5_club
WAL,"MF,FW",24,2001,6.8,2,6,2,33.3,0.89,0.3,0.33,1.0,0,0,big5_club
ENG,MF,18,2007,0.2,0,0,0,,0.0,0.0,,,0,0,big5_club
ENG,MF,25,2000,13.2,1,11,4,36.4,0.84,0.3,0.09,0.25,0,0,big5_club
ARG,DF,27,1998,20.8,4,17,6,35.3,0.82,0.29,0.24,0.67,0,0,big5_club
ENG,FW,21,2004,0.1,0,0,0,,0.0,0.0,,,0,0,big5_club
ITA,"DF,MF",22,2002,14.9,0,4,1,25.0,0.27,0.07,0.0,0.0,0,0,big5_club
ENG,"DF,MF",24,2000,22.8,0,13,8,61.5,0.57,0.35,0.0,0.0,0,0,big5_club
ENG,FW,27,1997,11.1,3,20,11,55.0,1.8,0.99,0.15,0.27,0,0,big5_club
ITA,GK,28,1996,31.0,0,0,0,,0.0,0.0,,,0,0,big5_club
ENG,"FW,MF",28,1996,0.4,0,2,0,0.0,4.86,0.0,0.0,,0,0,big5_club
ENG,DF,19,2006,0.0,0,0,0,,0.0,0.0,,,0,0,big5_club
POR,MF,30,1995,24.4,5,33,9,27.3,1.35,0.37,0.15,0.56,0,0,big5_club
ENG,DF,16,2008,0.0,0,0,0,,0.0,0.0,,,0,0,big5_club
AUT,DF,26,1998,16.6,0,11,2,18.2,0.66,0.12,0.0,0.0,0,0,big5_club
SWE,MF,19,2006,10.7,1,12,5,41.7,1.12,0.47,0.08,0.2,0,0,big5_club
FRA,"MF,FW",20,2005,15.0,4,35,8,22.9,2.34,0.53,0.11,0.5,0,0,big5_club
NED,DF,24,2001,33.8,4,16,6,37.5,0.47,0.18,0.25,0.67,0,0,big5_club
GHA,"MF,FW",24,2000,17.1,2,26,9,34.6,1.52,0.53,0.08,0.22,0,0,big5_club
SEN,MF,22,2002,15.5,2,17,6,35.3,1.1,0.39,0.12,0.33,0,0,big5_club
ESP,DF,25,1999,31.1,1,32,8,25.0,1.03,0.26,0.03,0.13,0,0,big5_club
ROU,DF,23,2002,5.7,0,4,0,0.0,0.7,0.0,0.0,,0,0,big5_club
FRA,"FW,MF",26,1998,18.5,1,20,4,20.0,1.08,0.22,0.05,0.25,0,0,big5_club
BRA,"FW,MF",28,1997,21.8,11,61,26,42.6,2.8,1.19,0.18,0.42,0,0,big5_club
URU,MF,28,1997,20.9,1,13,3,23.1,0.62,0.14,0.08,0.33,0,0,big5_club
BRA,MF,19,2006,1.6,0,1,1,100.0,0.62,0.62,0.0,0.0,0,0,big5_club
FRA,"MF,FW",20,2004,10.9,0,21,8,38.1,1.92,0.73,0.0,0.0,0,0,big5_club
NED,"MF,FW",22,2003,19.5,2,42,10,23.8,2.15,0.51,0.05,0.2,0,0,big5_club
MLI,MF,28,1996,6.7,0,5,2,40.0,0.75,0.3,0.0,0.0,0,0,big5_club
COD,"DF,MF",27,1997,23.1,0,0,0,,0.0,0.0,,,0,0,big5_club
ESP,"FW,MF",29,1996,1.3,0,2,0,0.0,1.49,0.0,0.0,,0,0,big5_club
FRA,GK,32,1993,20.0,0,0,0,,0.0,0.0,,,0,0,big5_club
SCO,MF,25,2000,1.8,0,0,0,,0.0,0.0,,,0,0,big5_club
FRA,DF,27,1998,13.9,0,5,3,60.0,0.36,0.22,0.0,0.0,0,0,big5_club
NIR,FW,20,2004,0.7,0,1,0,0.0,1.5,0.0,0.0,,0,0,big5_club
ENG,FW,33,1992,13.9,7,38,16,42.1,2.73,1.15,0.18,0.44,0,0,big5_club
NED,"MF,FW",23,2001,27.4,5,54,15,27.8,1.97,0.55,0.09,0.33,0,0,big5_club
SEN,"DF,MF",20,2004,30.1,0,18,4,22.2,0.6,0.13,0.0,0.0,0,0,big5_club
BRB,DF,18,2007,1.3,0,1,0,0.0,0.77,0.0,0.0,,0,0,big5_club
ENG,MF,21,2003,13.0,0,3,1,33.3,0.23,0.08,0.0,0.0,0,0,big5_club
ENG,MF,20,2004,0.1,0,0,0,,0.0,0.0,,,0,0,big5_club
ARG,MF,31,1994,2.0,0,1,0,0.0,0.5,0.0,0.0,,0,0,big5_club
BRA,DF,27,1998,1.2,0,0,0,,0.0,0.0,,,0,0,big5_club
ENG,MF,30,1994,4.6,0,2,0,0.0,0.44,0.0,0.0,,0,0,big5_club
ENG,"MF,FW",28,1996,37.8,9,79,28,35.4,2.09,0.74,0.1,0.29,1,1,big5_club
FRA,DF,25,1999,20.2,0,2,0,0.0,0.1,0.0,0.0,,0,0,big5_club
GRE,DF,27,1997,28.2,3,23,8,34.8,0.82,0.28,0.13,0.38,0,0,big5_club
ENG,DF,28,1997,15.4,1,5,3,60.0,0.33,0.2,0.2,0.33,0,0,big5_club
BRA,"MF,FW",27,1997,16.8,4,23,11,47.8,1.37,0.66,0.09,0.18,2,2,big5_club
BRA,FW,19,2006,1.4,0,1,0,0.0,0.72,0.0,0.0,,0,0,big5_club
DEN,GK,25,2000,18.0,0,0,0,,0.0,0.0,,,0,0,big5_club
POR,MF,21,2004,33.5,3,28,8,28.6,0.84,0.24,0.11,0.38,0,0,big5_club
ENG,DF,28,1997,17.3,0,7,1,14.3,0.4,0.06,0.0,0.0,0,0,big5_club
FRA,MF,19,2005,0.8,0,2,0,0.0,2.4,0.0,0.0,,0,0,big5_club
MAR,DF,29,1996,2.0,0,2,0,0.0,1.0,0.0,0.0,,0,0,big5_club
GER,FW,32,1993,4.5,0,9,3,33.3,1.98,0.66,0.0,0.0,0,0,big5_club
ENG,"DF,MF",19,2005,7.3,0,3,0,0.0,0.41,0.0,0.0,,0,0,big5_club
BRA,"MF,FW",21,2004,9.1,0,12,3,25.0,1.31,0.33,0.0,0.0,0,0,big5_club
FRA,MF,21,2003,10.9,1,7,2,28.6,0.64,0.18,0.14,0.5,0,0,big5_club
CZE,MF,30,1995,24.4,5,26,14,53.8,1.06,0.57,0.19,0.36,0,0,big5_club
ARG,FW,26,1998,15.4,6,50,22,44.0,3.25,1.43,0.12,0.27,0,0,big5_club
ENG,"FW,MF",28,1997,12.7,2,18,6,33.3,1.42,0.47,0.06,0.17,1,1,big5_club
BRA,MF,24,2001,30.7,1,15,1,6.7,0.49,0.03,0.07,1.0,0,0,big5_club
ENG,"MF,FW",24,2000,5.1,0,6,2,33.3,1.17,0.39,0.0,0.0,0,0,big5_club
ENG,GK,32,1993,3.0,0,0,0,,0.0,0.0,,,0,0,big5_club
NOR,"MF,DF",23,2002,11.7,0,3,0,0.0,0.26,0.0,0.0,,0,0,big5_club
CIV,DF,28,1997,12.2,0,10,3,30.0,0.82,0.25,0.0,0.0,0,0,big5_club
ESP,MF,21,2004,2.6,0,5,1,20.0,1.91,0.38,0.0,0.0,0,0,big5_club
ESP,"MF,DF",22,2002,26.3,1,16,6,37.5,0.61,0.23,0.06,0.17,0,0,big5_club
KOR,"FW,MF",29,1996,16.1,2,19,6,31.6,1.18,0.37,0.05,0.17,1,1,big5_club
CMR,"MF,DF",23,2001,20.5,0,3,1,33.3,0.15,0.05,0.0,0.0,0,0,big5_club
HAI,"MF,FW",27,1998,13.9,1,21,7,33.3,1.51,0.5,0.05,0.14,0,0,big5_club
ENG,MF,15,2009,0.2,0,0,0,,0.0,0.0,,,0,0,big5_club
COL,"FW,MF",27,1997,12.5,1,16,3,18.8,1.28,0.24,0.06,0.33,0,0,big5_club
POR,GK,32,1993,23.0,0,0,0,,0.0,0.0,,,0,0,big5_club
BRA,MF,24,2001,31.4,1,19,7,36.8,0.6,0.22,0.05,0.14,0,0,big5_club
NOR,FW,25,2000,15.6,1,21,7,33.3,1.35,0.45,0.0,0.0,1,2,big5_club
NED,"MF,DF",23,2002,4.7,0,1,1,100.0,0.21,0.21,0.0,0.0,0,0,big5_club
CZE,"DF,MF",26,1999,26.2,2,21,10,47.6,0.8,0.38,0.1,0.2,0,0,big5_club
ZIM,"MF,FW",29,1996,9.7,1,14,6,42.9,1.44,0.62,0.07,0.17,0,0,big5_club
POR,MF,17,2007,19.9,3,41,17,41.5,2.06,0.85,0.07,0.18,0,0,big5_club
IRL,"DF,MF",33,1992,8.7,0,3,0,0.0,0.34,0.0,0.0,,0,0,big5_club
BRA,MF,19,2006,2.9,0,4,1,25.0,1.38,0.35,0.0,0.0,0,0,big5_club
POR,"MF,FW",22,2003,10.7,3,20,6,30.0,1.87,0.56,0.15,0.5,0,0,big5_club
ENG,GK,32,1993,12.0,0,0,0,,0.0,0.0,,,0,0,big5_club
URU,DF,26,1998,28.4,3,10,7,70.0,0.35,0.25,0.3,0.43,0,0,big5_club
AUT,"FW,MF",28,1997,0.2,0,0,0,,0.0,0.0,,,0,0,big5_club
ZIM,MF,21,2003,0.3,0,0,0,,0.0,0.0,,,0,0,big5_club
NGA,FW,24,2000,15.8,3,46,16,34.8,2.92,1.01,0.07,0.19,0,1,big5_club
ENG,MF,19,2006,0.2,1,2,1,50.0,12.86,6.43,0.5,1.0,0,0,big5_club
POR,DF,26,1999,15.8,0,5,2,40.0,0.32,0.13,0.0,0.0,0,0,big5_club
COL,DF,24,2001,23.7,0,30,6,20.0,1.26,0.25,0.0,0.0,0,0,big5_club
ALG,"MF,DF",26,1998,16.6,1,34,12,35.3,2.05,0.72,0.03,0.08,0,0,big5_club
ESP,FW,22,2003,1.4,0,2,1,50.0,1.48,0.74,0.0,0.0,0,0,big5_club
ESP,MF,28,1997,7.3,1,5,1,20.0,0.69,0.14,0.2,1.0,0,0,big5_club
ESP,MF,25,2000,34.6,2,40,13,32.5,1.16,0.38,0.05,0.15,0,0,big5_club
ESP,GK,28,1996,38.0,0,0,0,,0.0,0.0,,,0,0,big5_club
BRA,MF,25,2000,8.4,0,5,1,20.0,0.6,0.12,0.0,0.0,0,0,big5_club
ESP,MF,27,1998,22.1,0,29,5,17.2,1.31,0.23,0.0,0.0,0,0,big5_club
ESP,DF,21,2004,0.0,0,0,0,,0.0,0.0,,,0,0,big5_club
URU,DF,27,1998,3.6,0,3,2,66.7,0.83,0.56,0.0,0.0,0,0,big5_club
ESP,MF,26,1999,14.0,5,12,6,50.0,0.86,0.43,0.17,0.33,3,3,big5_club
ESP,MF,31,1994,15.6,1,9,4,44.4,0.58,0.26,0.11,0.25,0,0,big5_club
ESP,FW,22,2003,0.1,0,1,0,0.0,9.0,0.0,0.0,,0,0,big5_club
MAS,DF,25,1999,8.8,0,8,4,50.0,0.91,0.45,0.0,0.0,0,0,big5_club
CIV,FW,25,1999,6.4,2,15,5,33.3,2.34,0.78,0.13,0.4,0,0,big5_club
ESP,"MF,FW",30,1995,13.8,0,15,4,26.7,1.09,0.29,0.0,0.0,0,0,big5_club
ESP,DF,24,2001,19.3,0,4,1,25.0,0.21,0.05,0.0,0.0,0,0,big5_club
ESP,DF,31,1994,33.3,0,9,3,33.3,0.27,0.09,0.0,0.0,0,0,big5_club
ESP,MF,21,2003,0.0,0,0,0,,0.0,0.0,,,0,0,big5_club
ARG,FW,29,1996,21.8,11,63,21,33.3,2.9,0.97,0.13,0.38,3,3,big5_club
DOM,FW,31,1993,3.2,0,6,3,50.0,1.87,0.94,0.0,0.0,0,0,big5_club
MLI,DF,24,2000,2.4,0,0,0,,0.0,0.0,,,0,0,big5_club
ARG,DF,29,1996,36.0,2,24,8,33.3,0.67,0.22,0.08,0.25,0,0,big5_club
ESP,MF,26,1998,24.8,1,47,13,27.7,1.89,0.52,0.02,0.08,0,0,big5_club
ESP,FW,28,1997,30.2,14,93,36,38.7,3.08,1.19,0.14,0.36,1,1,big5_club
ESP,DF,23,2002,23.8,0,12,3,25.0,0.5,0.13,0.0,0.0,0,0,big5_club
FIN,DF,23,2002,3.1,0,1,1,100.0,0.32,0.32,0.0,0.0,0,0,big5_club
ESP,"DF,MF",19,2005,14.8,0,11,3,27.3,0.74,0.2,0.0,0.0,0,0,big5_club
ESP,"MF,DF",22,2002,14.3,1,14,4,28.6,0.98,0.28,0.07,0.25,0,0,big5_club
ESP,DF,23,2002,9.1,0,2,0,0.0,0.22,0.0,0.0,,0,0,big5_club
ESP,DF,25,2000,18.1,2,13,4,30.8,0.72,0.22,0.15,0.5,0,0,big5_club
ESP,MF,22,2003,14.2,1,12,3,25.0,0.84,0.21,0.08,0.33,0,0,big5_club
ESP,GK,21,2003,1.0,0,0,0,,0.0,0.0,,,0,0,big5_club
ESP,DF,28,1996,15.1,0,5,1,20.0,0.33,0.07,0.0,0.0,0,0,big5_club
ESP,FW,20,2005,0.4,0,1,0,0.0,2.65,0.0,0.0,,0,0,big5_club
ESP,DF,31,1994,22.9,0,15,5,33.3,0.66,0.22,0.0,0.0,0,0,big5_club
ESP,MF,24,2001,0.9,0,1,0,0.0,1.06,0.0,0.0,,0,0,big5_club
ESP,DF,26,1999,28.5,1,17,6,35.3,0.6,0.21,0.06,0.17,0,0,big5_club
ESP,FW,21,2004,0.4,0,1,0,0.0,2.37,0.0,0.0,,0,0,big5_club
ESP,FW,28,1996,26.3,10,84,32,38.1,3.2,1.22,0.11,0.28,1,1,big5_club
GHA,"MF,FW",31,1994,24.0,3,57,20,35.1,2.38,0.83,0.04,0.1,1,1,big5_club
ESP,DF,32,1993,6.7,0,3,1,33.3,0.45,0.15,0.0,0.0,0,0,big5_club
ESP,MF,31,1993,24.5,1,20,2,10.0,0.82,0.08,0.05,0.5,0,0,big5_club
ESP,DF,26,1999,16.7,0,3,0,0.0,0.18,0.0,0.0,,0,0,big5_club
MAR,FW,24,2001,3.2,1,8,4,50.0,2.5,1.25,0.13,0.25,0,0,big5_club
ESP,MF,21,2003,31.5,2,39,11,28.2,1.24,0.35,0.05,0.18,0,0,big5_club
ESP,MF,32,1993,5.2,0,3,0,0.0,0.58,0.0,0.0,,0,0,big5_club
ESP,MF,23,2002,18.6,6,46,16,34.8,2.47,0.86,0.11,0.31,1,2,big5_club
ESP,MF,22,2003,4.1,1,16,4,25.0,3.93,0.98,0.06,0.25,0,0,big5_club
ESP,MF,25,2000,19.9,4,48,15,31.3,2.42,0.76,0.04,0.13,2,2,big5_club
ESP,MF,23,2002,14.5,6,21,10,47.6,1.45,0.69,0.29,0.6,0,0,big5_club
ESP,MF,18,2007,2.2,0,4,1,25.0,1.84,0.46,0.0,0.0,0,0,big5_club
ESP,MF,22,2003,10.4,1,23,7,30.4,2.21,0.67,0.04,0.14,0,0,big5_club
ESP,GK,28,1997,37.0,0,0,0,,0.0,0.0,,,0,0,big5_club
ESP,FW,25,1999,2.1,1,11,5,45.5,5.13,2.33,0.09,0.2,0,0,big5_club
ESP,DF,30,1995,5.7,0,1,0,0.0,0.18,0.0,0.0,,0,0,big5_club
ESP,DF,35,1990,30.1,0,24,5,20.8,0.8,0.17,0.0,0.0,0,0,big5_club
ESP,MF,30,1995,23.9,2,44,20,45.5,1.84,0.84,0.05,0.1,0,0,big5_club
NGA,"FW,MF",27,1997,6.9,4,21,5,23.8,3.06,0.73,0.14,0.6,1,1,big5_club
SRB,DF,22,2003,0.5,0,0,0,,0.0,0.0,,,0,0,big5_club
ESP,"MF,FW",24,2001,17.3,2,29,7,24.1,1.67,0.4,0.07,0.29,0,0,big5_club
NOR,FW,29,1995,22.0,13,68,35,51.5,3.09,1.59,0.19,0.37,0,0,big5_club
FRA,FW,34,1991,16.5,7,47,25,53.2,2.86,1.52,0.15,0.28,0,0,big5_club
FRA,DF,30,1995,15.5,0,5,0,0.0,0.32,0.0,0.0,,0,0,big5_club
ENG,MF,25,2000,7.5,2,13,5,38.5,1.72,0.66,0.15,0.4,0,0,big5_club
ESP,DF,21,2004,1.0,0,0,0,,0.0,0.0,,,0,0,big5_club
SVK,DF,27,1997,27.0,0,21,5,23.8,0.78,0.19,0.0,0.0,0,0,big5_club
ITA,FW,25,2000,2.6,0,7,3,42.9,2.67,1.14,0.0,0.0,0,0,big5_club
ARG,MF,22,2002,23.3,4,36,14,38.9,1.54,0.6,0.11,0.29,0,0,big5_club
ESP,DF,20,2005,0.3,1,3,2,66.7,9.64,6.43,0.33,0.5,0,0,big5_club
SVN,GK,32,1993,30.0,0,0,0,,0.0,0.0,,,0,0,big5_club
ESP,MF,19,2006,0.3,0,1,1,100.0,3.91,3.91,0.0,0.0,0,0,big5_club
ESP,DF,30,1994,1.5,0,0,0,,0.0,0.0,,,0,0,big5_club
ESP,MF,19,2006,1.9,0,2,0,0.0,1.05,0.0,0.0,,0,0,big5_club
ESP,DF,20,2005,3.3,1,2,1,50.0,0.6,0.3,0.5,1.0,0,0,big5_club
USA,MF,23,2001,9.9,0,2,0,0.0,0.2,0.0,0.0,,0,0,big5_club
URU,DF,30,1995,13.1,0,13,3,23.1,0.99,0.23,0.0,0.0,0,0,big5_club
ARG,GK,31,1994,8.0,0,0,0,,0.0,0.0,,,0,0,big5_club
ESP,DF,20,2005,3.4,0,1,0,0.0,0.29,0.0,0.0,,0,0,big5_club
ARG,FW,25,2000,21.1,8,54,26,48.1,2.56,1.23,0.11,0.23,2,3,big5_club
ESP,MF,33,1992,24.7,2,14,4,28.6,0.57,0.16,0.14,0.5,0,0,big5_club
ESP,DF,22,2003,15.3,1,11,4,36.4,0.72,0.26,0.09,0.25,0,0,big5_club
ESP,"DF,MF",30,1995,24.2,0,18,6,33.3,0.74,0.25,0.0,0.0,0,0,big5_club
ITA,DF,23,2002,19.7,0,5,2,40.0,0.25,0.1,0.0,0.0,0,0,big5_club
ESP,FW,17,2008,0.6,1,3,2,66.7,5.4,3.6,0.33,0.5,0,0,big5_club
ARG,"DF,MF",27,1998,14.8,2,14,4,28.6,0.95,0.27,0.14,0.5,0,0,big5_club
ARG,"MF,DF",27,1998,16.1,5,43,21,48.8,2.67,1.31,0.12,0.24,0,0,big5_club
MEX,MF,19,2005,8.2,0,5,0,0.0,0.61,0.0,0.0,,0,0,big5_club
ESP,MF,22,2003,18.5,1,23,6,26.1,1.25,0.33,0.04,0.17,0,0,big5_club
ESP,"MF,FW",20,2005,1.5,0,4,0,0.0,2.73,0.0,0.0,,0,0,big5_club
ESP,DF,28,1996,19.9,1,6,1,16.7,0.3,0.05,0.17,1.0,0,0,big5_club
ESP,MF,20,2005,4.8,0,6,2,33.3,1.24,0.41,0.0,0.0,0,0,big5_club
ESP,MF,17,2008,0.3,0,0,0,,0.0,0.0,,,0,0,big5_club
ARG,"MF,FW",24,2001,14.6,3,21,10,47.6,1.44,0.69,0.14,0.3,0,0,big5_club
ESP,DF,21,2003,20.8,0,10,1,10.0,0.48,0.05,0.0,0.0,0,0,big5_club
ESP,DF,20,2005,1.0,0,0,0,,0.0,0.0,,,0,0,big5_club
DEN,DF,29,1996,4.5,0,4,2,50.0,0.88,0.44,0.0,0.0,0,0,big5_club
ESP,MF,27,1998,23.0,7,70,21,30.0,3.05,0.91,0.1,0.33,0,0,big5_club
ESP,MF,17,2008,1.0,0,0,0,,0.0,0.0,,,0,0,big5_club
ESP,"DF,MF",24,2001,30.2,1,25,7,28.0,0.83,0.23,0.04,0.14,0,0,big5_club
ESP,MF,22,2003,20.0,6,68,25,36.8,3.41,1.25,0.09,0.24,0,0,big5_club
ESP,FW,25,2000,21.8,16,69,37,53.6,3.16,1.69,0.23,0.43,0,0,big5_club
NED,MF,28,1997,18.2,1,7,2,28.6,0.39,0.11,0.14,0.5,0,0,big5_club
ESP,MF,20,2004,6.4,0,0,0,,0.0,0.0,,,0,0,big5_club
ESP,DF,23,2002,23.5,0,7,4,57.1,0.3,0.17,0.0,0.0,0,0,big5_club
ESP,GK,24,2001,30.0,0,0,0,,0.0,0.0,,,0,0,big5_club
ESP,DF,18,2007,0.6,0,0,0,,0.0,0.0,,,0,0,big5_club
POR,DF,31,1994,10.6,2,13,4,30.8,1.23,0.38,0.15,0.5,0,0,big5_club
FRA,DF,26,1998,25.1,1,14,4,28.6,0.56,0.16,0.07,0.25,0,0,big5_club
ESP,"MF,FW",18,2007,25.1,16,117,37,31.6,4.66,1.47,0.11,0.35,3,4,big5_club
ESP,MF,18,2007,8.8,2,7,2,28.6,0.8,0.23,0.29,1.0,0,0,big5_club
ESP,MF,21,2003,11.0,0,11,0,0.0,1.0,0.0,0.0,,0,0,big5_club
ENG,"MF,FW",27,1997,19.6,8,76,29,38.2,3.88,1.48,0.11,0.28,0,0,big5_club
ESP,DF,18,2007,30.0,1,10,2,20.0,0.33,0.07,0.1,0.5,0,0,big5_club
ESP,MF,22,2002,23.4,2,21,10,47.6,0.9,0.43,0.1,0.2,0,0,big5_club
BRA,"MF,FW",28,1996,15.3,13,65,24,36.9,4.24,1.57,0.15,0.42,3,3,big5_club
POL,FW,36,1988,18.5,14,63,29,46.0,3.41,1.57,0.21,0.45,1,3,big5_club
URU,DF,26,1999,11.9,3,12,5,41.7,1.01,0.42,0.25,0.6,0,0,big5_club
SWE,"MF,FW",19,2005,7.2,1,22,12,54.5,3.06,1.67,0.05,0.08,0,0,big5_club
ESP,MF,18,2006,0.1,0,0,0,,0.0,0.0,,,0,0,big5_club
ESP,FW,17,2008,0.5,0,0,0,,0.0,0.0,,,0,0,big5_club
POL,GK,35,1990,8.0,0,0,0,,0.0,0.0,,,0,0,big5_club
ESP,DF,18,2007,1.8,0,1,0,0.0,0.55,0.0,0.0,,0,0,big5_club
ESP,FW,18,2007,0.7,0,2,2,100.0,2.86,2.86,0.0,0.0,0,0,big5_club
ESP,FW,32,1993,21.1,14,46,26,56.5,2.18,1.23,0.22,0.38,4,4,big5_club
ESP,"FW,MF",23,2001,12.6,1,26,12,46.2,2.07,0.95,0.0,0.0,1,1,big5_club
SWE,DF,30,1995,16.6,0,4,1,25.0,0.24,0.06,0.0,0.0,0,0,big5_club
ESP,DF,24,2001,6.8,0,2,1,50.0,0.3,0.15,0.0,0.0,0,0,big5_club
ESP,MF,22,2003,1.7,0,3,0,0.0,1.8,0.0,0.0,,0,0,big5_club
ESP,"MF,FW",21,2004,13.0,1,13,5,38.5,1.0,0.38,0.08,0.2,0,0,big5_club
ESP,FW,26,1999,18.4,9,45,26,57.8,2.45,1.42,0.2,0.35,0,0,big5_club
ESP,MF,26,1999,5.9,0,6,1,16.7,1.02,0.17,0.0,0.0,0,0,big5_club
ESP,MF,18,2006,0.1,0,0,0,,0.0,0.0,,,0,0,big5_club
ESP,FW,22,2003,0.1,0,0,0,,0.0,0.0,,,0,0,big5_club
ESP,MF,21,2003,14.9,0,2,1,50.0,0.13,0.07,0.0,0.0,0,0,big5_club
ESP,"FW,MF",22,2003,14.9,4,14,8,57.1,0.94,0.54,0.29,0.5,0,0,big5_club
ESP,"FW,MF",37,1987,12.7,5,28,12,42.9,2.21,0.95,0.11,0.25,2,2,big5_club
GUI,MF,22,2003,27.7,2,18,5,27.8,0.65,0.18,0.11,0.4,0,0,big5_club
ROU,GK,28,1997,38.0,0,0,0,,0.0,0.0,,,0,0,big5_club
ESP,DF,22,2003,28.4,0,12,1,8.3,0.42,0.04,0.0,0.0,0,0,big5_club
ESP,MF,23,2002,15.6,2,11,3,27.3,0.71,0.19,0.18,0.67,0,0,big5_club
MAR,"MF,FW",19,2006,7.6,2,17,4,23.5,2.25,0.53,0.12,0.5,0,0,big5_club
GHA,DF,29,1995,7.1,0,2,0,0.0,0.28,0.0,0.0,,0,0,big5_club
ESP,DF,24,2001,8.4,0,2,0,0.0,0.24,0.0,0.0,,0,0,big5_club
ESP,DF,34,1990,30.8,1,24,3,12.5,0.78,0.1,0.0,0.0,1,1,big5_club
URU,MF,33,1991,1.5,0,2,0,0.0,1.33,0.0,0.0,,0,0,big5_club
ESP,MF,22,2002,14.6,1,9,2,22.2,0.62,0.14,0.11,0.5,0,0,big5_club
SRB,"MF,DF",29,1995,2.8,0,1,0,0.0,0.36,0.0,0.0,,0,0,big5_club
ESP,"FW,MF",24,2001,15.8,2,37,15,40.5,2.34,0.95,0.05,0.13,0,0,big5_club
ESP,MF,24,2000,29.9,2,16,7,43.8,0.53,0.23,0.13,0.29,0,0,big5_club
SWE,"FW,MF",21,2004,14.1,5,23,12,52.2,1.63,0.85,0.22,0.42,0,0,big5_club
ESP,DF,21,2004,10.4,0,1,0,0.0,0.1,0.0,0.0,,0,0,big5_club
ESP,"DF,MF",25,2000,3.6,0,2,1,50.0,0.55,0.27,0.0,0.0,0,0,big5_club
ESP,MF,26,1999,21.9,1,14,5,35.7,0.64,0.23,0.07,0.2,0,0,big5_club
MAR,MF,19,2005,1.2,1,5,2,40.0,4.33,1.73,0.2,0.5,0,0,big5_club
ESP,"DF,MF",27,1998,12.1,1,12,3,25.0,0.99,0.25,0.08,0.33,0,0,big5_club
ESP,MF,29,1996,35.1,2,23,8,34.8,0.66,0.23,0.09,0.25,0,0,big5_club
MAR,MF,19,2005,1.4,0,2,0,0.0,1.46,0.0,0.0,,0,0,big5_club
POR,FW,29,1995,20.5,10,57,29,50.9,2.77,1.41,0.12,0.24,3,3,big5_club
SEN,DF,27,1997,1.1,0,0,0,,0.0,0.0,,,0,0,big5_club
ESP,"DF,MF",17,2007,6.0,0,2,0,0.0,0.33,0.0,0.0,,0,0,big5_club
AUT,DF,24,2001,32.8,1,14,4,28.6,0.43,0.12,0.07,0.25,0,0,big5_club
ARG,MF,22,2003,2.0,0,1,0,0.0,0.5,0.0,0.0,,0,0,big5_club
ESP,"MF,DF",23,2002,31.7,4,28,8,28.6,0.88,0.25,0.14,0.5,0,0,big5_club
ESP,MF,27,1998,8.0,1,4,1,25.0,0.5,0.13,0.25,1.0,0,0,big5_club
COD,"MF,FW",27,1998,10.3,1,16,2,12.5,1.56,0.19,0.06,0.5,0,0,big5_club
ESP,"DF,MF",18,2006,5.4,2,12,5,41.7,2.24,0.93,0.17,0.4,0,0,big5_club
ESP,GK,26,1999,16.0,0,0,0,,0.0,0.0,,,0,0,big5_club
ESP,"DF,FW",31,1993,0.3,0,0,0,,0.0,0.0,,,0,0,big5_club
ESP,"DF,MF",24,2000,7.4,1,6,2,33.3,0.81,0.27,0.17,0.5,0,0,big5_club
ESP,"MF,DF",35,1989,6.3,0,3,1,33.3,0.48,0.16,0.0,0.0,0,0,big5_club
CHI,MF,22,2002,4.5,1,13,5,38.5,2.91,1.12,0.08,0.2,0,0,big5_club
FRA,DF,28,1997,17.5,0,8,0,0.0,0.46,0.0,0.0,,0,0,big5_club
ESP,MF,25,2000,27.8,1,3,2,66.7,0.11,0.07,0.33,0.5,0,0,big5_club
POR,MF,22,2003,15.0,2,12,4,33.3,0.8,0.27,0.17,0.5,0,0,big5_club
ARG,GK,38,1987,22.0,0,0,0,,0.0,0.0,,,0,0,big5_club
MAR,FW,27,1998,0.6,0,1,0,0.0,1.8,0.0,0.0,,0,0,big5_club
ESP,DF,34,1990,22.9,1,10,3,30.0,0.44,0.13,0.1,0.33,0,0,big5_club
ESP,"FW,MF",28,1997,20.0,8,69,36,52.2,3.44,1.8,0.1,0.19,1,2,big5_club
ESP,"MF,FW",20,2005,8.8,1,11,2,18.2,1.25,0.23,0.09,0.5,0,0,big5_club
ESP,MF,28,1996,10.3,1,8,1,12.5,0.78,0.1,0.13,1.0,0,0,big5_club
ESP,DF,25,2000,24.1,1,9,3,33.3,0.37,0.12,0.11,0.33,0,0,big5_club
ESP,MF,22,2003,3.1,0,2,0,0.0,0.64,0.0,0.0,,0,0,big5_club
ESP,FW,19,2006,0.1,0,0,0,,0.0,0.0,,,0,0,big5_club
ESP,"DF,MF",25,2000,18.3,0,4,0,0.0,0.22,0.0,0.0,,0,0,big5_club
URU,FW,21,2004,24.5,7,75,24,32.0,3.07,0.98,0.09,0.29,0,0,big5_club
ESP,MF,22,2002,3.2,0,5,1,20.0,1.56,0.31,0.0,0.0,0,0,big5_club
ESP,DF,23,2001,35.5,6,42,12,28.6,1.18,0.34,0.14,0.5,0,0,big5_club
COD,MF,28,1997,7.9,1,10,4,40.0,1.27,0.51,0.1,0.25,0,0,big5_club
GER,DF,22,2003,15.5,0,3,1,33.3,0.19,0.06,0.0,0.0,0,0,big5_club
BEL,MF,25,2000,4.7,0,11,4,36.4,2.33,0.85,0.0,0.0,0,0,big5_club
ESP,MF,28,1996,28.0,1,44,13,29.5,1.57,0.46,0.02,0.08,0,0,big5_club
ESP,DF,29,1995,23.9,0,12,1,8.3,0.5,0.04,0.0,0.0,0,0,big5_club
ESP,GK,23,2001,1.0,0,0,0,,0.0,0.0,,,0,0,big5_club
ESP,"MF,FW",27,1998,7.5,2,15,9,60.0,2.0,1.2,0.07,0.11,1,2,big5_club
ESP,MF,24,2001,10.3,1,23,7,30.4,2.23,0.68,0.04,0.14,0,0,big5_club
ESP,DF,24,2000,2.9,0,1,0,0.0,0.35,0.0,0.0,,0,0,big5_club
ESP,FW,35,1989,19.3,8,60,27,45.0,3.11,1.4,0.12,0.26,1,2,big5_club
URU,DF,34,1991,37.0,3,40,12,30.0,1.08,0.32,0.08,0.25,0,0,big5_club
ESP,FW,18,2006,0.2,0,0,0,,0.0,0.0,,,0,0,big5_club
ITA,MF,20,2004,0.7,0,1,0,0.0,1.43,0.0,0.0,,0,0,big5_club
SRB,GK,33,1992,37.0,0,0,0,,0.0,0.0,,,0,0,big5_club
ESP,DF,27,1998,2.3,1,2,1,50.0,0.87,0.44,0.5,1.0,0,0,big5_club
MAR,DF,21,2003,31.4,0,1,0,0.0,0.03,0.0,0.0,,0,0,big5_club
ESP,"MF,FW",32,1992,21.9,7,59,21,35.6,2.69,0.96,0.12,0.33,0,0,big5_club
ESP,MF,25,1999,24.0,2,17,5,29.4,0.71,0.21,0.12,0.4,0,0,big5_club
ESP,MF,24,2000,11.4,1,15,3,20.0,1.31,0.26,0.07,0.33,0,0,big5_club
ESP,FW,23,2002,26.5,7,59,23,39.0,2.23,0.87,0.1,0.26,1,1,big5_club
ESP,"DF,MF",24,2001,9.0,0,8,1,12.5,0.89,0.11,0.0,0.0,0,0,big5_club
ENG,MF,23,2001,26.8,2,34,12,35.3,1.27,0.45,0.06,0.17,0,0,big5_club
ESP,MF,24,2001,29.1,0,18,1,5.6,0.62,0.03,0.0,0.0,0,0,big5_club
MAR,DF,26,1999,16.0,0,7,1,14.3,0.44,0.06,0.0,0.0,0,0,big5_club
ENG,MF,22,2003,2.8,0,4,1,25.0,1.41,0.35,0.0,0.0,0,0,big5_club
ESP,"FW,MF",20,2005,18.9,3,26,10,38.5,1.37,0.53,0.12,0.3,0,0,big5_club
ESP,MF,20,2004,0.8,0,1,0,0.0,1.27,0.0,0.0,,0,0,big5_club
ESP,"DF,FW",26,1999,0.1,0,0,0,,0.0,0.0,,,0,0,big5_club
CMR,DF,37,1988,5.8,0,3,1,33.3,0.52,0.17,0.0,0.0,0,0,big5_club
ESP,FW,28,1997,11.8,4,15,7,46.7,1.28,0.6,0.27,0.57,0,1,big5_club
NGA,FW,22,2003,3.0,1,6,1,16.7,2.0,0.33,0.17,1.0,0,0,big5_club
ESP,MF,23,2002,3.9,0,5,1,20.0,1.29,0.26,0.0,0.0,0,0,big5_club
ESP,MF,22,2003,1.7,0,0,0,,0.0,0.0,,,0,0,big5_club
ESP,GK,32,1993,38.0,0,0,0,,0.0,0.0,,,0,0,big5_club
ESP,DF,17,2007,7.8,0,4,2,50.0,0.51,0.26,0.0,0.0,0,0,big5_club
ESP,DF,32,1993,19.5,0,11,1,9.1,0.56,0.05,0.0,0.0,0,0,big5_club
TOG,"DF,MF",33,1991,28.6,0,4,0,0.0,0.14,0.0,0.0,,0,0,big5_club
POR,DF,30,1995,32.5,1,13,4,30.8,0.4,0.12,0.08,0.25,0,0,big5_club
ESP,MF,22,2003,0.1,0,0,0,,0.0,0.0,,,0,0,big5_club
ESP,DF,27,1998,35.4,1,26,5,19.2,0.73,0.14,0.04,0.2,0,0,big5_club
MAR,DF,20,2004,1.4,0,1,0,0.0,0.74,0.0,0.0,,0,0,big5_club
ESP,"MF,FW",30,1995,6.1,0,13,6,46.2,2.12,0.98,0.0,0.0,0,0,big5_club
ESP,DF,21,2004,0.3,0,0,0,,0.0,0.0,,,0,0,big5_club
ESP,DF,21,2004,0.2,0,1,0,0.0,4.09,0.0,0.0,,0,0,big5_club
ESP,"FW,MF",32,1993,2.0,1,2,1,50.0,1.01,0.5,0.5,1.0,0,0,big5_club
ESP,"DF,MF",34,1991,22.3,1,8,3,37.5,0.36,0.13,0.13,0.33,0,0,big5_club
ESP,MF,30,1994,36.3,1,27,4,14.8,0.74,0.11,0.04,0.25,0,0,big5_club
ARG,FW,24,2001,13.3,3,25,9,36.0,1.88,0.68,0.12,0.33,0,0,big5_club
ESP,"MF,FW",21,2004,23.6,2,26,6,23.1,1.1,0.25,0.08,0.33,0,0,big5_club
URU,"FW,MF",24,2001,17.8,6,35,14,40.0,1.97,0.79,0.17,0.43,0,0,big5_club
URU,MF,29,1995,36.1,6,58,19,32.8,1.61,0.53,0.07,0.21,2,3,big5_club
URU,DF,21,2003,4.2,0,4,1,25.0,0.95,0.24,0.0,0.0,0,0,big5_club
SRB,FW,27,1998,1.6,0,2,1,50.0,1.27,0.63,0.0,0.0,0,0,big5_club
CMR,MF,28,1997,0.7,0,0,0,,0.0,0.0,,,0,0,big5_club
ARG,DF,25,1999,15.0,1,10,2,20.0,0.67,0.13,0.1,0.5,0,0,big5_club
ESP,"MF,FW",28,1997,7.9,0,13,5,38.5,1.65,0.64,0.0,0.0,0,0,big5_club
ESP,FW,25,2000,2.1,0,5,1,20.0,2.41,0.48,0.0,0.0,0,0,big5_club
ESP,DF,22,2002,12.4,0,16,4,25.0,1.29,0.32,0.0,0.0,0,0,big5_club
ESP,"DF,MF",22,2003,29.6,2,19,4,21.1,0.64,0.14,0.11,0.5,0,0,big5_club
BEL,MF,36,1989,28.1,1,20,5,25.0,0.71,0.18,0.05,0.2,0,0,big5_club
MAR,MF,25,2000,19.6,5,51,19,37.3,2.61,0.97,0.08,0.21,1,1,big5_club
MKD,FW,26,1999,0.5,0,0,0,,0.0,0.0,,,0,0,big5_club
ESP,"MF,FW",24,2001,17.5,0,27,7,25.9,1.54,0.4,0.0,0.0,0,0,big5_club
ARG,"FW,MF",19,2006,6.9,1,21,7,33.3,3.03,1.01,0.05,0.14,0,0,big5_club
URU,FW,38,1986,4.6,5,19,12,63.2,4.15,2.62,0.11,0.17,3,4,big5_club
NED,DF,35,1990,29.0,0,5,1,20.0,0.17,0.03,0.0,0.0,0,0,big5_club
ESP,DF,35,1989,3.3,0,1,1,100.0,0.31,0.31,0.0,0.0,0,0,big5_club
MTN,FW,22,2002,0.8,0,2,1,50.0,2.5,1.25,0.0,0.0,0,0,big5_club
NED,MF,28,1997,0.5,0,2,1,50.0,4.39,2.2,0.0,0.0,0,0,big5_club
ESP,MF,26,1999,11.2,1,10,3,30.0,0.89,0.27,0.1,0.33,0,0,big5_club
ESP,DF,22,2003,19.4,1,7,2,28.6,0.36,0.1,0.14,0.5,0,0,big5_club
ESP,MF,26,1999,28.1,0,13,5,38.5,0.46,0.18,0.0,0.0,0,0,big5_club
COL,MF,20,2004,4.2,0,3,2,66.7,0.71,0.47,0.0,0.0,0,0,big5_club
ESP,"MF,FW",20,2005,16.4,3,48,16,33.3,2.93,0.98,0.06,0.19,0,0,big5_club
VEN,MF,19,2006,0.2,0,0,0,,0.0,0.0,,,0,0,big5_club
CZE,DF,26,1999,2.0,0,1,0,0.0,0.5,0.0,0.0,,0,0,big5_club
GUI,FW,21,2004,0.5,0,0,0,,0.0,0.0,,,0,0,big5_club
GER,GK,33,1992,2.0,0,0,0,,0.0,0.0,,,0,0,big5_club
ARG,GK,33,1992,34.5,0,0,0,,0.0,0.0,,,0,0,big5_club
ESP,"FW,MF",33,1992,5.3,0,9,5,55.6,1.71,0.95,0.0,0.0,0,0,big5_club
FRA,MF,29,1995,14.0,3,17,8,47.1,1.22,0.57,0.18,0.38,0,0,big5_club
UKR,"MF,FW",27,1997,29.2,6,51,21,41.2,1.75,0.72,0.12,0.29,0,0,big5_club
BRA,DF,19,2006,34.9,1,19,4,21.1,0.54,0.11,0.05,0.25,0,0,big5_club
UKR,GK,20,2005,1.5,0,0,0,,0.0,0.0,,,0,0,big5_club
UKR,FW,23,2002,21.6,9,27,18,66.7,1.25,0.83,0.22,0.33,3,3,big5_club
VEN,MF,27,1998,1.2,0,1,0,0.0,0.82,0.0,0.0,,0,0,big5_club
COL,"FW,MF",21,2003,6.8,0,15,5,33.3,2.21,0.74,0.0,0.0,0,0,big5_club
ESP,DF,32,1993,28.4,0,17,5,29.4,0.6,0.18,0.0,0.0,0,0,big5_club
ESP,DF,26,1999,30.1,3,39,9,23.1,1.29,0.3,0.05,0.22,1,3,big5_club
URU,DF,20,2004,10.5,1,8,1,12.5,0.76,0.1,0.13,1.0,0,0,big5_club
ESP,"MF,FW",28,1996,11.2,1,28,9,32.1,2.51,0.81,0.04,0.11,0,0,big5_club
ESP,FW,20,2005,14.9,11,57,24,42.1,3.82,1.61,0.19,0.46,0,0,big5_club
ESP,MF,21,2003,21.0,3,30,11,36.7,1.43,0.52,0.1,0.27,0,0,big5_club
ESP,DF,25,2000,5.9,0,3,0,0.0,0.51,0.0,0.0,,0,0,big5_club
CTA,FW,25,2000,2.7,1,10,4,40.0,3.64,1.46,0.1,0.25,0,0,big5_club
ESP,MF,23,2001,10.0,3,14,4,28.6,1.4,0.4,0.21,0.75,0,0,big5_club
ESP,"FW,MF",24,2001,25.1,7,59,18,30.5,2.35,0.72,0.12,0.39,0,1,big5_club
GER,DF,30,1994,35.2,1,9,1,11.1,0.26,0.03,0.11,1.0,0,0,big5_club
ESP,DF,21,2004,4.0,0,0,0,,0.0,0.0,,,0,0,big5_club
ESP,MF,38,1987,4.0,1,11,4,36.4,2.73,0.99,0.0,0.0,1,1,big5_club
ESP,MF,19,2005,12.6,0,21,3,14.3,1.67,0.24,0.0,0.0,0,0,big5_club
CMR,FW,21,2003,15.7,6,43,21,48.8,2.73,1.33,0.14,0.29,0,1,big5_club
HON,MF,27,1998,17.0,3,16,6,37.5,0.94,0.35,0.19,0.5,0,0,big5_club
ESP,DF,24,2000,31.3,1,13,4,30.8,0.42,0.13,0.08,0.25,0,0,big5_club
AUS,GK,33,1992,36.0,0,2,0,0.0,0.06,0.0,0.0,,0,0,big5_club
ARG,DF,21,2003,25.0,0,10,0,0.0,0.4,0.0,0.0,,0,0,big5_club
ESP,DF,16,2008,1.6,0,0,0,,0.0,0.0,,,0,0,big5_club
ESP,MF,24,2000,19.3,1,28,9,32.1,1.45,0.47,0.04,0.11,0,0,big5_club
ESP,MF,27,1998,14.7,0,8,1,12.5,0.55,0.07,0.0,0.0,0,0,big5_club
ESP,GK,23,2002,2.0,0,0,0,,0.0,0.0,,,0,0,big5_club
ESP,MF,27,1998,20.6,1,28,4,14.3,1.36,0.19,0.04,0.25,0,0,big5_club
ESP,"MF,FW",17,2007,5.2,0,12,4,33.3,2.29,0.76,0.0,0.0,0,0,big5_club
ESP,MF,26,1999,0.1,0,0,0,,0.0,0.0,,,0,0,big5_club
ISR,MF,21,2004,1.0,0,2,1,50.0,1.94,0.97,0.0,0.0,0,0,big5_club
FRA,MF,22,2003,7.8,0,3,0,0.0,0.38,0.0,0.0,,0,0,big5_club
ESP,"DF,MF",32,1993,10.6,1,3,1,33.3,0.28,0.09,0.33,1.0,0,0,big5_club
ESP,MF,24,2000,9.0,0,0,0,,0.0,0.0,,,0,0,big5_club
ESP,"MF,FW",27,1997,11.6,2,19,8,42.1,1.64,0.69,0.11,0.25,0,0,big5_club
ESP,FW,32,1992,1.6,0,5,2,40.0,3.15,1.26,0.0,0.0,0,0,big5_club
ESP,DF,33,1991,23.0,0,12,1,8.3,0.52,0.04,0.0,0.0,0,0,big5_club
ESP,"MF,DF",28,1997,11.9,0,6,3,50.0,0.5,0.25,0.0,0.0,0,0,big5_club
ESP,"FW,MF",37,1988,0.8,0,1,0,0.0,1.32,0.0,0.0,,0,0,big5_club
ESP,DF,22,2003,9.3,0,4,0,0.0,0.43,0.0,0.0,,0,0,big5_club
ESP,MF,19,2005,0.2,0,0,0,,0.0,0.0,,,0,0,big5_club
ESP,"MF,FW",19,2006,19.9,2,32,16,50.0,1.61,0.8,0.06,0.13,0,0,big5_club
ESP,MF,22,2002,2.1,0,5,2,40.0,2.41,0.96,0.0,0.0,0,0,big5_club
ESP,DF,18,2007,0.6,0,0,0,,0.0,0.0,,,0,0,big5_club
COL,DF,32,1992,30.3,0,17,2,11.8,0.56,0.07,0.0,0.0,0,0,big5_club
FRA,FW,20,2004,0.9,0,1,0,0.0,1.11,0.0,0.0,,0,0,big5_club
ESP,GK,25,2000,33.0,0,0,0,,0.0,0.0,,,0,0,big5_club
FIN,GK,22,2002,5.0,0,0,0,,0.0,0.0,,,0,0,big5_club
,DF,,,1.0,0,1,0,0.0,1.0,0.0,0.0,,0,0,big5_club
ESP,MF,26,1999,19.6,3,13,4,30.8,0.66,0.2,0.23,0.75,0,0,big5_club
ALB,DF,25,2000,4.9,0,3,0,0.0,0.62,0.0,0.0,,0,0,big5_club
ESP,MF,19,2006,2.4,0,3,0,0.0,1.26,0.0,0.0,,0,0,big5_club
SVK,DF,29,1995,36.8,0,17,8,47.1,0.46,0.22,0.0,0.0,0,0,big5_club
ESP,"MF,FW",21,2003,18.9,2,33,14,42.4,1.75,0.74,0.06,0.14,0,0,big5_club
ESP,"DF,MF",25,2000,7.8,1,4,2,50.0,0.51,0.26,0.25,0.5,0,0,big5_club
ESP,DF,19,2006,0.5,0,1,0,0.0,2.09,0.0,0.0,,0,0,big5_club
EQG,"MF,DF",32,1993,24.9,2,7,3,42.9,0.28,0.12,0.29,0.67,0,0,big5_club
ESP,DF,28,1997,29.6,1,7,1,14.3,0.24,0.03,0.14,1.0,0,0,big5_club
ESP,"MF,FW",22,2003,17.8,4,25,12,48.0,1.41,0.68,0.16,0.33,0,0,big5_club
POR,MF,24,2000,30.0,7,39,16,41.0,1.3,0.53,0.18,0.44,0,0,big5_club
ESP,MF,31,1993,29.8,1,36,13,36.1,1.21,0.44,0.03,0.08,0,0,big5_club
JPN,"MF,FW",30,1994,7.4,1,17,2,11.8,2.3,0.27,0.06,0.5,0,0,big5_club
ESP,"DF,MF",27,1997,6.5,0,0,0,,0.0,0.0,,,0,0,big5_club
KVX,FW,31,1994,34.8,23,114,50,43.9,3.28,1.44,0.16,0.36,5,7,big5_club
ANG,"FW,MF",23,2002,5.6,0,9,7,77.8,1.59,1.24,0.0,0.0,0,0,big5_club
ESP,"MF,DF",24,2000,18.0,1,11,3,27.3,0.61,0.17,0.09,0.33,0,0,big5_club
ESP,"MF,FW",23,2001,23.8,0,29,4,13.8,1.22,0.17,0.0,0.0,0,0,big5_club
ESP,GK,34,1991,1.5,0,0,0,,0.0,0.0,,,0,0,big5_club
CRO,FW,34,1991,32.6,17,103,41,39.8,3.16,1.26,0.11,0.27,6,8,big5_club
ESP,DF,21,2004,3.8,1,6,3,50.0,1.57,0.79,0.17,0.33,0,0,big5_club
ESP,DF,30,1994,34.1,3,19,4,21.1,0.56,0.12,0.16,0.75,0,0,big5_club
CMR,DF,23,2001,28.2,1,11,4,36.4,0.39,0.14,0.09,0.25,0,0,big5_club
ESP,MF,22,2002,1.8,1,2,1,50.0,1.13,0.57,0.5,1.0,0,0,big5_club
ESP,MF,22,2002,10.6,0,9,4,44.4,0.85,0.38,0.0,0.0,0,0,big5_club
ESP,DF,20,2005,2.1,0,0,0,,0.0,0.0,,,0,0,big5_club
ESP,DF,30,1994,18.6,0,6,1,16.7,0.32,0.05,0.0,0.0,0,0,big5_club
ESP,MF,27,1998,33.5,0,23,5,21.7,0.69,0.15,0.0,0.0,0,0,big5_club
ESP,DF,24,2001,17.8,0,3,0,0.0,0.17,0.0,0.0,,0,0,big5_club
ESP,DF,33,1992,7.2,0,1,0,0.0,0.14,0.0,0.0,,0,0,big5_club
ESP,MF,28,1997,5.0,2,8,4,50.0,1.61,0.81,0.25,0.5,0,0,big5_club
ESP,MF,31,1994,25.5,0,29,9,31.0,1.14,0.35,0.0,0.0,0,0,big5_club
ESP,MF,31,1994,13.3,0,11,2,18.2,0.82,0.15,0.0,0.0,0,0,big5_club
ESP,FW,24,2000,11.6,7,39,23,59.0,3.37,1.99,0.18,0.3,0,0,big5_club
ESP,MF,22,2002,6.9,0,6,0,0.0,0.86,0.0,0.0,,0,0,big5_club
ESP,"MF,FW",32,1993,24.8,2,31,10,32.3,1.25,0.4,0.06,0.2,0,0,big5_club
ESP,GK,32,1993,36.5,0,0,0,,0.0,0.0,,,0,0,big5_club
SUR,"FW,MF",30,1995,1.8,0,3,0,0.0,1.71,0.0,0.0,,0,0,big5_club
FRA,"DF,MF",28,1996,28.3,1,19,3,15.8,0.67,0.11,0.05,0.33,0,0,big5_club
ESP,"MF,FW",22,2003,29.5,6,81,31,38.3,2.74,1.05,0.07,0.19,0,0,big5_club
ESP,GK,29,1995,36.0,0,0,0,,0.0,0.0,,,0,0,big5_club
ESP,MF,27,1997,27.4,4,24,11,45.8,0.88,0.4,0.17,0.36,0,0,big5_club
ESP,MF,29,1996,0.2,0,0,0,,0.0,0.0,,,0,0,big5_club
ESP,DF,31,1994,17.9,0,3,0,0.0,0.17,0.0,0.0,,0,0,big5_club
ANG,DF,26,1999,19.8,1,10,3,30.0,0.5,0.15,0.1,0.33,0,0,big5_club
ESP,DF,30,1995,23.0,1,5,1,20.0,0.22,0.04,0.2,1.0,0,0,big5_club
CIV,DF,31,1994,13.7,1,6,1,16.7,0.44,0.07,0.17,1.0,0,0,big5_club
URU,"FW,MF",27,1998,27.1,9,57,21,36.8,2.1,0.77,0.12,0.33,2,2,big5_club
EGY,"MF,FW",23,2002,21.6,0,34,8,23.5,1.58,0.37,0.0,0.0,0,0,big5_club
ROU,GK,27,1998,2.0,0,0,0,,0.0,0.0,,,0,0,big5_club
MAR,"MF,FW",24,2001,27.2,6,81,35,43.2,2.98,1.29,0.07,0.17,0,0,big5_club
ESP,DF,23,2002,19.0,0,7,1,14.3,0.37,0.05,0.0,0.0,0,0,big5_club
CRO,"MF,FW",27,1998,5.4,0,9,3,33.3,1.67,0.56,0.0,0.0,0,0,big5_club
GHA,MF,27,1998,18.7,0,9,2,22.2,0.48,0.11,0.0,0.0,0,0,big5_club
BEL,MF,30,1995,14.8,1,9,4,44.4,0.61,0.27,0.11,0.25,0,0,big5_club
ESP,DF,30,1995,12.2,0,10,2,20.0,0.82,0.16,0.0,0.0,0,0,big5_club
SRB,"MF,FW",26,1999,8.2,1,9,5,55.6,1.09,0.61,0.11,0.2,0,0,big5_club
ESP,DF,19,2006,0.5,0,0,0,,0.0,0.0,,,0,0,big5_club
ESP,DF,30,1995,25.1,0,15,3,20.0,0.6,0.12,0.0,0.0,0,0,big5_club
URU,MF,26,1998,11.3,0,8,1,12.5,0.71,0.09,0.0,0.0,0,0,big5_club
ESP,DF,27,1997,2.5,0,1,0,0.0,0.4,0.0,0.0,,0,0,big5_club
ESP,DF,21,2003,0.2,0,0,0,,0.0,0.0,,,0,0,big5_club
ENG,MF,27,1997,2.2,0,3,1,33.3,1.35,0.45,0.0,0.0,0,0,big5_club
ESP,MF,17,2007,1.0,0,2,0,0.0,2.0,0.0,0.0,,0,0,big5_club
NIG,DF,23,2002,19.0,0,3,0,0.0,0.16,0.0,0.0,,0,0,big5_club
VEN,FW,35,1989,11.5,2,24,5,20.8,2.09,0.44,0.08,0.4,0,1,big5_club
ESP,MF,40,1984,10.4,0,7,1,14.3,0.67,0.1,0.0,0.0,0,0,big5_club
ARG,MF,28,1997,22.9,0,15,2,13.3,0.65,0.09,0.0,0.0,0,0,big5_club
URU,FW,23,2002,2.0,0,5,2,40.0,2.51,1.01,0.0,0.0,0,0,big5_club
ARG,"MF,FW",21,2004,9.1,0,13,5,38.5,1.43,0.55,0.0,0.0,0,0,big5_club
ESP,FW,24,2001,4.0,0,8,2,25.0,2.0,0.5,0.0,0.0,0,0,big5_club
GHA,DF,27,1998,0.9,0,0,0,,0.0,0.0,,,0,0,big5_club
BRA,FW,27,1998,12.6,4,26,12,46.2,2.06,0.95,0.15,0.33,0,0,big5_club
URU,"DF,MF",33,1992,16.5,2,20,9,45.0,1.21,0.55,0.1,0.22,0,0,big5_club
ROU,DF,27,1998,31.2,0,31,9,29.0,0.99,0.29,0.0,0.0,0,0,big5_club
ARG,GK,29,1996,34.0,0,0,0,,0.0,0.0,,,0,0,big5_club
ESP,"MF,FW",23,2002,5.0,0,9,4,44.4,1.8,0.8,0.0,0.0,0,0,big5_club
ESP,GK,28,1997,4.0,0,0,0,,0.0,0.0,,,0,0,big5_club
FRA,DF,34,1991,35.9,2,50,18,36.0,1.39,0.5,0.04,0.11,0,0,big5_club
ESP,"MF,FW",22,2002,13.7,2,17,8,47.1,1.24,0.58,0.12,0.25,0,0,big5_club
ESP,MF,30,1994,13.1,0,20,5,25.0,1.53,0.38,0.0,0.0,0,0,big5_club
MAR,"MF,FW",21,2004,7.9,0,18,6,33.3,2.28,0.76,0.0,0.0,0,0,big5_club
ESP,"MF,FW",30,1994,25.0,3,52,15,28.8,2.08,0.6,0.02,0.07,2,3,big5_club
ALB,DF,33,1992,6.5,0,4,0,0.0,0.62,0.0,0.0,,0,0,big5_club
ESP,"FW,MF",28,1997,27.4,10,62,28,45.2,2.27,1.02,0.15,0.32,1,1,big5_club
NED,DF,20,2004,5.0,0,1,0,0.0,0.2,0.0,0.0,,0,0,big5_club
ITA,DF,28,1997,5.2,0,3,1,33.3,0.57,0.19,0.0,0.0,0,0,big5_club
SEN,DF,20,2004,20.0,2,11,3,27.3,0.55,0.15,0.18,0.67,0,0,big5_club
SEN,"MF,DF",31,1994,22.2,2,20,8,40.0,0.9,0.36,0.1,0.25,0,0,big5_club
ESP,MF,27,1998,20.8,0,44,6,13.6,2.12,0.29,0.0,0.0,0,0,big5_club
ESP,DF,22,2003,0.5,0,1,0,0.0,2.0,0.0,0.0,,0,0,big5_club
ESP,DF,27,1998,29.8,1,18,3,16.7,0.6,0.1,0.06,0.33,0,0,big5_club
ANG,FW,27,1997,4.2,3,13,6,46.2,3.13,1.44,0.23,0.5,0,1,big5_club
ESP,MF,19,2006,0.1,0,0,0,,0.0,0.0,,,0,0,big5_club
ESP,"FW,MF",24,2001,9.1,5,27,14,51.9,2.95,1.53,0.19,0.36,0,0,big5_club
ESP,MF,29,1995,17.9,0,22,4,18.2,1.23,0.22,0.0,0.0,0,0,big5_club
ESP,"MF,FW",32,1992,23.3,4,47,19,40.4,2.01,0.81,0.09,0.21,0,0,big5_club
ARG,MF,37,1988,1.6,0,1,1,100.0,0.62,0.62,0.0,0.0,0,0,big5_club
ESP,MF,30,1994,23.4,1,13,4,30.8,0.55,0.17,0.08,0.25,0,0,big5_club
MAR,"MF,FW",23,2001,25.0,10,73,26,35.6,2.92,1.04,0.14,0.38,0,0,big5_club
ESP,GK,38,1987,1.0,0,0,0,,0.0,0.0,,,0,0,big5_club
ESP,"DF,MF",29,1996,20.1,4,31,12,38.7,1.54,0.6,0.13,0.33,0,0,big5_club
BRA,"MF,FW",25,2000,27.2,8,90,34,37.8,3.31,1.25,0.09,0.24,0,0,big5_club
COL,FW,26,1999,28.7,11,89,27,30.3,3.1,0.94,0.11,0.37,1,1,big5_club
COD,FW,34,1991,6.3,3,21,9,42.9,3.32,1.42,0.14,0.33,0,0,big5_club
ESP,MF,20,2005,0.0,0,0,0,,0.0,0.0,,,0,0,big5_club
ESP,DF,31,1993,13.7,1,4,3,75.0,0.29,0.22,0.25,0.33,0,0,big5_club
ARG,FW,31,1994,4.2,1,8,2,25.0,1.89,0.47,0.0,0.0,1,1,big5_club
ARG,MF,29,1996,15.5,2,30,11,36.7,1.94,0.71,0.07,0.18,0,0,big5_club
ESP,DF,30,1995,20.2,2,7,5,71.4,0.35,0.25,0.29,0.4,0,0,big5_club
ESP,MF,33,1992,2.6,1,7,1,14.3,2.7,0.39,0.0,0.0,1,1,big5_club
ESP,MF,18,2007,0.2,0,0,0,,0.0,0.0,,,0,0,big5_club
DOM,DF,28,1996,9.2,0,5,0,0.0,0.54,0.0,0.0,,0,0,big5_club
ESP,DF,34,1991,22.0,1,16,5,31.3,0.73,0.23,0.06,0.2,0,0,big5_club
ESP,MF,28,1996,22.5,1,17,7,41.2,0.76,0.31,0.06,0.14,0,0,big5_club
BRA,DF,24,2001,31.2,0,10,1,10.0,0.32,0.03,0.0,0.0,0,0,big5_club
COL,MF,25,2000,8.3,0,18,0,0.0,2.18,0.0,0.0,,0,0,big5_club
ESP,MF,29,1996,31.6,9,43,18,41.9,1.36,0.57,0.21,0.5,0,0,big5_club
ESP,MF,19,2006,4.3,0,13,4,30.8,3.02,0.93,0.0,0.0,0,0,big5_club
ESP,GK,30,1994,9.0,0,0,0,,0.0,0.0,,,0,0,big5_club
SUI,DF,32,1992,17.2,0,3,0,0.0,0.17,0.0,0.0,,0,0,big5_club
ESP,MF,25,2000,9.1,1,24,7,29.2,2.63,0.77,0.04,0.14,0,0,big5_club
ESP,MF,23,2001,13.2,1,7,3,42.9,0.53,0.23,0.14,0.33,0,0,big5_club
MAR,MF,28,1996,14.4,0,8,1,12.5,0.56,0.07,0.0,0.0,0,0,big5_club
ARG,DF,22,2003,20.9,1,11,5,45.5,0.53,0.24,0.09,0.2,0,0,big5_club
MEX,MF,28,1997,6.0,1,4,2,50.0,0.66,0.33,0.25,0.5,0,0,big5_club
ESP,GK,28,1997,28.0,0,0,0,,0.0,0.0,,,0,0,big5_club
ESP,DF,21,2004,6.5,0,1,0,0.0,0.15,0.0,0.0,,0,0,big5_club
UKR,GK,26,1999,6.0,0,0,0,,0.0,0.0,,,0,0,big5_club
GER,DF,32,1993,16.6,1,13,1,7.7,0.79,0.06,0.08,1.0,0,0,big5_club
TUR,MF,20,2005,22.4,4,49,19,38.8,2.19,0.85,0.08,0.21,0,0,big5_club
FRA,MF,25,2000,29.1,1,45,7,15.6,1.55,0.24,0.02,0.14,0,0,big5_club
MAR,"MF,FW",25,1999,14.0,1,15,7,46.7,1.07,0.5,0.07,0.14,0,0,big5_club
ESP,MF,20,2004,1.0,0,2,0,0.0,2.09,0.0,0.0,,0,0,big5_club
ESP,DF,33,1992,10.9,0,5,1,20.0,0.46,0.09,0.0,0.0,0,0,big5_club
ESP,MF,28,1996,5.4,0,3,0,0.0,0.56,0.0,0.0,,0,0,big5_club
ESP,MF,18,2007,0.5,0,0,0,,0.0,0.0,,,0,0,big5_club
AUT,DF,33,1992,4.7,0,4,1,25.0,0.85,0.21,0.0,0.0,0,0,big5_club
ESP,DF,21,2004,0.8,0,1,1,100.0,1.18,1.18,0.0,0.0,0,0,big5_club
ESP,DF,20,2005,22.6,2,20,5,25.0,0.88,0.22,0.1,0.4,0,0,big5_club
ESP,DF,18,2007,0.3,0,0,0,,0.0,0.0,,,0,0,big5_club
FRA,MF,22,2002,17.0,1,13,2,15.4,0.77,0.12,0.08,0.5,0,0,big5_club
BRA,FW,19,2006,0.1,0,0,0,,0.0,0.0,,,0,0,big5_club
URU,"MF,DF",27,1998,30.4,5,51,22,43.1,1.68,0.72,0.1,0.23,0,0,big5_club
FRA,DF,30,1995,2.3,0,0,0,,0.0,0.0,,,0,0,big5_club
ESP,"DF,MF",25,1999,10.3,1,6,2,33.3,0.58,0.19,0.17,0.5,0,0,big5_club
ARG,"MF,FW",17,2007,11.5,1,30,7,23.3,2.6,0.61,0.03,0.14,0,0,big5_club
ESP,FW,21,2004,10.7,6,21,11,52.4,1.96,1.03,0.29,0.55,0,0,big5_club
ESP,MF,19,2006,0.1,0,0,0,,0.0,0.0,,,0,0,big5_club
ENG,MF,22,2003,21.3,6,51,26,51.0,2.4,1.22,0.12,0.23,0,0,big5_club
FRA,FW,26,1998,28.9,25,146,63,43.2,5.06,2.18,0.12,0.27,8,9,big5_club
ESP,DF,21,2004,0.1,0,0,0,,0.0,0.0,,,0,0,big5_club
ESP,MF,21,2004,1.1,0,2,1,50.0,1.87,0.94,0.0,0.0,0,0,big5_club
ESP,DF,22,2003,19.0,2,14,4,28.6,0.74,0.21,0.14,0.5,0,0,big5_club
BRA,"MF,FW",24,2001,7.6,1,27,11,40.7,3.55,1.45,0.04,0.09,0,0,big5_club
ESP,MF,17,2007,6.6,0,6,2,33.3,0.91,0.3,0.0,0.0,0,0,big5_club
BEL,GK,33,1992,32.0,0,0,0,,0.0,0.0,,,0,0,big5_club
ENG,DF,26,1998,12.9,0,10,2,20.0,0.77,0.15,0.0,0.0,0,0,big5_club
ESP,DF,18,2006,0.9,0,0,0,,0.0,0.0,,,0,0,big5_club
BRA,"FW,MF",25,2000,31.3,16,100,46,46.0,3.2,1.47,0.12,0.26,4,5,big5_club
ESP,DF,22,2003,25.9,2,9,3,33.3,0.35,0.12,0.22,0.67,0,0,big5_club
ESP,FW,22,2002,0.0,0,0,0,,0.0,0.0,,,0,0,big5_club
BRA,DF,27,1998,12.7,2,21,9,42.9,1.66,0.71,0.1,0.22,0,0,big5_club
ESP,DF,27,1997,9.4,1,6,2,33.3,0.64,0.21,0.17,0.5,0,0,big5_club
ESP,MF,23,2001,19.6,3,35,11,31.4,1.79,0.56,0.09,0.27,0,0,big5_club
ESP,DF,31,1994,8.0,0,4,2,50.0,0.5,0.25,0.0,0.0,0,0,big5_club
ESP,FW,20,2005,0.0,0,0,0,,0.0,0.0,,,0,0,big5_club
RUS,MF,22,2003,5.1,0,14,3,21.4,2.75,0.59,0.0,0.0,0,0,big5_club
ESP,MF,23,2002,15.0,0,20,6,30.0,1.34,0.4,0.0,0.0,0,0,big5_club
ESP,"MF,FW",28,1997,18.4,6,36,16,44.4,1.95,0.87,0.14,0.31,1,2,big5_club
ESP,MF,28,1997,25.7,4,35,19,54.3,1.36,0.74,0.11,0.21,0,0,big5_club
ESP,FW,19,2006,0.2,0,0,0,,0.0,0.0,,,0,0,big5_club
CRO,DF,28,1996,23.9,1,13,3,23.1,0.54,0.13,0.08,0.33,0,0,big5_club
POR,MF,28,1996,20.3,8,46,18,39.1,2.27,0.89,0.17,0.44,0,0,big5_club
ESP,FW,20,2005,0.7,0,1,1,100.0,1.45,1.45,0.0,0.0,0,0,big5_club
ESP,MF,18,2007,0.1,0,0,0,,0.0,0.0,,,0,0,big5_club
ESP,DF,28,1997,23.1,0,6,1,16.7,0.26,0.04,0.0,0.0,0,0,big5_club
ESP,DF,22,2003,0.0,0,0,0,,0.0,0.0,,,0,0,big5_club
KEN,MF,22,2003,1.0,0,1,0,0.0,0.97,0.0,0.0,,0,0,big5_club
VEN,DF,23,2002,30.8,1,21,5,23.8,0.68,0.16,0.05,0.2,0,0,big5_club
ESP,MF,23,2002,24.6,1,13,1,7.7,0.53,0.04,0.08,1.0,0,0,big5_club
ESP,FW,22,2002,1.5,0,7,2,28.6,4.67,1.33,0.0,0.0,0,0,big5_club
ESP,DF,19,2006,25.0,2,15,5,33.3,0.6,0.2,0.13,0.4,0,0,big5_club
ESP,MF,19,2006,0.0,0,1,0,0.0,90.0,0.0,0.0,,0,0,big5_club
CRO,"MF,FW",22,2002,11.4,3,23,7,30.4,2.03,0.62,0.13,0.43,0,0,big5_club
ESP,DF,21,2004,1.1,0,0,0,,0.0,0.0,,,0,0,big5_club
ESP,MF,23,2002,0.8,0,3,0,0.0,3.55,0.0,0.0,,0,0,big5_club
ESP,FW,28,1997,30.1,15,79,36,45.6,2.62,1.2,0.1,0.22,7,7,big5_club
ISL,FW,20,2004,9.3,9,27,19,70.4,2.91,2.05,0.33,0.47,0,0,big5_club
ESP,MF,22,2003,16.7,0,13,4,30.8,0.78,0.24,0.0,0.0,0,0,big5_club
ESP,DF,24,2000,30.0,0,12,0,0.0,0.4,0.0,0.0,,0,0,big5_club
JPN,MF,24,2001,16.7,2,28,12,42.9,1.68,0.72,0.07,0.17,0,0,big5_club
NGA,FW,28,1997,1.7,0,4,0,0.0,2.35,0.0,0.0,,0,0,big5_club
ESP,GK,23,2001,1.0,0,0,0,,0.0,0.0,,,0,0,big5_club
ESP,"DF,MF",24,2001,0.1,0,0,0,,0.0,0.0,,,0,0,big5_club
BRA,MF,20,2005,1.0,0,1,0,0.0,1.02,0.0,0.0,,0,0,big5_club
VEN,MF,27,1998,5.8,0,5,1,20.0,0.86,0.17,0.0,0.0,0,0,big5_club
ESP,GK,30,1995,37.0,0,0,0,,0.0,0.0,,,0,0,big5_club
ESP,DF,29,1995,2.2,1,1,1,100.0,0.45,0.45,1.0,1.0,0,0,big5_club
BEL,"MF,FW",30,1995,3.6,0,7,0,0.0,1.96,0.0,0.0,,0,0,big5_club
ESP,"DF,MF",27,1998,0.1,0,0,0,,0.0,0.0,,,0,0,big5_club
NGA,FW,25,2000,22.9,10,61,30,49.2,2.66,1.31,0.11,0.23,3,3,big5_club
CHI,"FW,MF",36,1988,14.5,4,25,9,36.0,1.72,0.62,0.12,0.33,1,1,big5_club
ESP,MF,26,1999,3.5,1,11,7,63.6,3.17,2.02,0.09,0.14,0,0,big5_club
FRA,MF,25,2000,18.0,1,17,5,29.4,0.95,0.28,0.06,0.2,0,0,big5_club
ESP,"DF,MF",23,2002,28.5,1,20,3,15.0,0.7,0.11,0.05,0.33,0,0,big5_club
ESP,DF,22,2003,14.2,1,11,3,27.3,0.78,0.21,0.09,0.33,0,0,big5_club
NGA,"MF,FW",27,1998,10.4,1,23,3,13.0,2.22,0.29,0.04,0.33,0,0,big5_club
ESP,DF,35,1989,13.5,0,1,0,0.0,0.07,0.0,0.0,,0,0,big5_club
SUI,MF,28,1997,24.3,5,19,8,42.1,0.78,0.33,0.26,0.63,0,0,big5_club
BEL,MF,27,1997,2.0,1,2,1,50.0,1.0,0.5,0.5,1.0,0,0,big5_club
ARG,DF,26,1999,0.1,0,0,0,,0.0,0.0,,,0,0,big5_club
POR,DF,31,1994,3.3,0,0,0,,0.0,0.0,,,0,0,big5_club
CHI,"DF,MF",27,1997,23.3,0,5,2,40.0,0.21,0.09,0.0,0.0,0,0,big5_club
ESP,"FW,MF",25,2000,16.5,4,41,14,34.1,2.49,0.85,0.1,0.29,0,1,big5_club
ESP,MF,31,1994,0.3,0,0,0,,0.0,0.0,,,0,0,big5_club
ESP,"MF,DF",22,2003,15.6,2,17,8,47.1,1.09,0.51,0.12,0.25,0,0,big5_club
ESP,"MF,DF",21,2003,22.1,0,14,1,7.1,0.63,0.05,0.0,0.0,0,0,big5_club
ESP,DF,23,2002,24.5,2,19,8,42.1,0.78,0.33,0.11,0.25,0,0,big5_club
FRA,MF,23,2002,29.8,1,15,2,13.3,0.5,0.07,0.07,0.5,0,0,big5_club
ESP,MF,21,2004,3.0,0,2,0,0.0,0.66,0.0,0.0,,0,0,big5_club
BRA,DF,29,1996,10.4,1,10,2,20.0,0.96,0.19,0.1,0.5,0,0,big5_club
ESP,FW,21,2004,0.7,0,4,1,25.0,5.81,1.45,0.0,0.0,0,0,big5_club
FRA,FW,28,1996,9.6,2,17,7,41.2,1.77,0.73,0.12,0.29,0,0,big5_club
SRB,"DF,MF",33,1991,26.1,2,31,9,29.0,1.19,0.34,0.06,0.22,0,0,big5_club
GRE,GK,31,1994,33.0,0,0,0,,0.0,0.0,,,0,0,big5_club
ESP,"MF,FW",22,2002,10.9,2,15,6,40.0,1.37,0.55,0.13,0.33,0,0,big5_club
ESP,DF,22,2002,1.1,0,0,0,,0.0,0.0,,,0,0,big5_club
SUI,"MF,FW",26,1998,17.7,3,41,8,19.5,2.31,0.45,0.05,0.25,1,1,big5_club
BEL,MF,20,2005,0.5,0,1,0,0.0,2.0,0.0,0.0,,0,0,big5_club
FRA,DF,23,2002,7.3,0,9,0,0.0,1.24,0.0,0.0,,0,0,big5_club
NOR,GK,34,1990,5.0,0,0,0,,0.0,0.0,,,0,0,big5_club
NED,"MF,FW",28,1997,18.1,3,36,14,38.9,1.99,0.77,0.08,0.21,0,1,big5_club
FRA,MF,30,1995,8.4,1,6,2,33.3,0.72,0.24,0.17,0.5,0,0,big5_club
ESP,DF,25,1999,19.5,0,13,0,0.0,0.67,0.0,0.0,,0,0,big5_club
ESP,DF,23,2002,28.9,0,11,1,9.1,0.38,0.03,0.0,0.0,0,0,big5_club
ESP,FW,29,1995,3.0,0,9,1,11.1,3.0,0.33,0.0,0.0,0,0,big5_club
ESP,"MF,FW",23,2002,19.6,4,28,8,28.6,1.43,0.41,0.14,0.5,0,0,big5_club
FRA,DF,32,1993,12.8,0,6,1,16.7,0.47,0.08,0.0,0.0,0,0,big5_club
POR,MF,25,2000,11.3,0,9,3,33.3,0.8,0.27,0.0,0.0,0,0,big5_club
SUI,DF,27,1998,14.9,2,11,3,27.3,0.74,0.2,0.18,0.67,0,0,big5_club
SUI,MF,26,1999,16.7,0,20,3,15.0,1.2,0.18,0.0,0.0,0,0,big5_club
ARG,MF,31,1994,14.5,4,15,5,33.3,1.03,0.34,0.27,0.8,0,0,big5_club
ESP,FW,25,1999,22.0,10,36,14,38.9,1.64,0.64,0.25,0.64,1,2,big5_club
ESP,"MF,FW",22,2003,22.9,4,31,12,38.7,1.35,0.52,0.13,0.33,0,0,big5_club
ESP,"DF,MF",22,2003,10.8,0,8,2,25.0,0.74,0.18,0.0,0.0,0,0,big5_club
ESP,"MF,DF",26,1998,24.7,2,24,3,12.5,0.97,0.12,0.04,0.33,1,3,big5_club
ESP,DF,30,1995,27.2,1,13,3,23.1,0.48,0.11,0.08,0.33,0,0,big5_club
ESP,GK,24,2000,18.0,0,0,0,,0.0,0.0,,,0,0,big5_club
BEL,"MF,FW",24,2001,13.7,6,51,19,37.3,3.72,1.39,0.06,0.16,3,3,big5_club
ARG,FW,24,2001,15.2,1,34,9,26.5,2.24,0.59,0.03,0.11,0,0,big5_club
ESP,MF,31,1993,29.2,3,44,5,11.4,1.51,0.17,0.07,0.6,0,0,big5_club
GUI,DF,28,1996,6.0,1,4,3,75.0,0.66,0.5,0.25,0.33,0,0,big5_club
ARG,DF,32,1993,3.9,0,1,0,0.0,0.26,0.0,0.0,,0,0,big5_club
ESP,DF,22,2003,0.0,0,0,0,,0.0,0.0,,,0,0,big5_club
MKD,GK,31,1993,20.0,0,0,0,,0.0,0.0,,,0,0,big5_club
POR,"DF,MF",26,1999,15.5,0,5,1,20.0,0.32,0.06,0.0,0.0,0,0,big5_club
NGA,FW,28,1997,10.1,4,25,10,40.0,2.47,0.99,0.16,0.4,0,0,big5_club
ESP,DF,28,1997,10.1,0,9,1,11.1,0.89,0.1,0.0,0.0,0,0,big5_club
ESP,"DF,MF",24,2001,0.1,0,0,0,,0.0,0.0,,,0,0,big5_club
SEN,MF,20,2005,0.3,0,0,0,,0.0,0.0,,,0,0,big5_club
ESP,MF,21,2003,27.5,10,46,20,43.5,1.67,0.73,0.22,0.5,0,0,big5_club
USA,DF,20,2004,3.8,0,1,0,0.0,0.26,0.0,0.0,,0,0,big5_club
ESP,MF,26,1999,3.7,1,6,3,50.0,1.62,0.81,0.17,0.33,0,0,big5_club
ESP,DF,29,1996,18.8,1,11,3,27.3,0.59,0.16,0.09,0.33,0,0,big5_club
ESP,GK,24,2001,10.0,0,0,0,,0.0,0.0,,,0,0,big5_club
ESP,FW,32,1993,12.5,5,24,11,45.8,1.92,0.88,0.17,0.36,1,1,big5_club
ESP,MF,16,2008,0.9,0,1,0,0.0,1.08,0.0,0.0,,0,0,big5_club
ESP,MF,36,1989,15.5,1,3,1,33.3,0.19,0.06,0.0,0.0,1,1,big5_club
GEO,FW,24,2000,23.4,13,65,32,49.2,2.77,1.37,0.2,0.41,0,0,big5_club
ESP,FW,33,1992,14.9,10,39,16,41.0,2.61,1.07,0.18,0.44,3,3,big5_club
ESP,MF,18,2007,0.6,0,0,0,,0.0,0.0,,,0,0,big5_club
MAR,MF,21,2004,2.1,0,6,2,33.3,2.87,0.96,0.0,0.0,0,0,big5_club
ARG,DF,27,1998,10.4,0,2,0,0.0,0.19,0.0,0.0,,0,0,big5_club
CMR,FW,21,2003,2.8,1,7,3,42.9,2.46,1.05,0.14,0.33,0,0,big5_club
CPV,DF,24,2001,0.3,0,0,0,,0.0,0.0,,,0,0,big5_club
BRA,GK,24,2001,28.0,0,0,0,,0.0,0.0,,,0,0,big5_club
ISR,MF,26,1999,1.7,1,2,1,50.0,1.2,0.6,0.5,1.0,0,0,big5_club
CIV,"MF,FW",30,1995,26.6,8,63,25,39.7,2.37,0.94,0.11,0.28,1,1,big5_club
SEN,MF,26,1999,23.7,5,47,13,27.7,1.98,0.55,0.09,0.31,1,1,big5_club
ESP,FW,20,2005,0.2,0,0,0,,0.0,0.0,,,0,0,big5_club
ESP,DF,20,2005,21.3,0,2,2,100.0,0.09,0.09,0.0,0.0,0,0,big5_club
ESP,DF,23,2002,22.0,1,5,1,20.0,0.23,0.05,0.2,1.0,0,0,big5_club
POR,DF,22,2003,27.6,0,9,3,33.3,0.33,0.11,0.0,0.0,0,0,big5_club
ESP,MF,28,1996,26.7,3,27,7,25.9,1.01,0.26,0.11,0.43,0,0,big5_club
URU,DF,23,2002,26.4,1,15,3,20.0,0.57,0.11,0.07,0.33,0,0,big5_club
ESP,DF,26,1999,21.9,1,18,5,27.8,0.82,0.23,0.06,0.2,0,0,big5_club
CAN,MF,26,1999,20.2,7,27,11,40.7,1.34,0.54,0.26,0.64,0,0,big5_club
CAN,FW,25,2000,10.0,2,16,7,43.8,1.6,0.7,0.13,0.29,0,0,big5_club
GHA,MF,32,1993,10.4,0,11,2,18.2,1.06,0.19,0.0,0.0,0,0,big5_club
FRA,DF,20,2004,1.0,0,0,0,,0.0,0.0,,,0,0,big5_club
ESP,MF,22,2002,1.8,0,2,1,50.0,1.13,0.57,0.0,0.0,0,0,big5_club
CIV,DF,36-032,1990,2.8,0,1,1,100.0,0.35,0.35,0.0,0.0,0,0,big5_club
FRA,MF,17-334,2008,0.1,0,0,0,,0.0,0.0,,,0,0,big5_club
NED,MF,30-310,1995,13.8,0,13,5,38.5,0.95,0.36,0.0,0.0,0,1,big5_club
HAI,DF,29-333,1996,22.7,0,9,1,11.1,0.4,0.04,0.0,0.0,0,0,big5_club
FRA,DF,19-352,2006,0.4,0,1,0,0.0,2.73,0.0,0.0,,0,0,big5_club
FRA,DF,21-019,2005,4.3,0,2,0,0.0,0.47,0.0,0.0,,0,0,big5_club
FRA,FW,26-039,2000,1.9,1,3,1,33.3,1.55,0.52,0.33,1.0,0,0,big5_club
ALG,"DF,MF",36-112,1990,9.6,0,3,0,0.0,0.31,0.0,0.0,,0,0,big5_club
CTA,FW,26-101,2000,7.4,2,22,9,40.9,2.96,1.21,0.05,0.11,1,1,big5_club
ALG,MF,32-119,1994,31.9,0,5,0,0.0,0.16,0.0,0.0,,0,0,big5_club
CMR,MF,19-203,2006,3.7,2,7,3,42.9,1.87,0.8,0.29,0.67,0,0,big5_club
BFA,GK,29-223,1996,29.5,0,0,0,,0.0,0.0,,,0,0,big5_club
ALG,MF,26-191,1999,10.5,2,11,5,45.5,1.05,0.48,0.0,0.0,2,2,big5_club
GAB,"DF,MF",22-281,2003,24.9,0,12,3,25.0,0.48,0.12,0.0,0.0,0,0,big5_club
GAB,MF,31-089,1995,1.5,1,5,1,20.0,3.38,0.68,0.2,1.0,0,0,big5_club
MTN,DF,32-291,1993,34.0,0,11,2,18.2,0.32,0.06,0.0,0.0,0,0,big5_club
FRA,"FW,MF",21-153,2004,2.5,0,1,0,0.0,0.4,0.0,0.0,,0,0,big5_club
FRA,FW,20-226,2005,5.8,1,15,4,26.7,2.6,0.69,0.07,0.25,0,0,big5_club
FRA,"MF,DF",25-345,2000,21.8,2,16,5,31.3,0.73,0.23,0.13,0.4,0,0,big5_club
FRA,MF,23-358,2002,21.0,2,36,8,22.2,1.71,0.38,0.06,0.25,0,0,big5_club
FRA,MF,19-146,2007,4.2,0,2,1,50.0,0.48,0.24,0.0,0.0,0,0,big5_club
FRA,DF,19-077,2007,6.0,0,0,0,,0.0,0.0,,,0,0,big5_club
FRA,GK,24-072,2002,2.5,0,0,0,,0.0,0.0,,,0,0,big5_club
FRA,"MF,FW",25-203,2000,20.2,3,34,16,47.1,1.68,0.79,0.09,0.19,0,1,big5_club
FRA,GK,19-340,2006,2.0,0,0,0,,0.0,0.0,,,0,0,big5_club
MLI,DF,23-082,2003,30.2,1,13,5,38.5,0.43,0.17,0.08,0.2,0,0,big5_club
FRA,MF,39-042,1987,7.2,0,10,1,10.0,1.38,0.14,0.0,0.0,0,0,big5_club
NGA,FW,18-291,2007,14.1,5,23,14,60.9,1.63,0.99,0.22,0.36,0,0,big5_club
FRA,"FW,MF",19-163,2006,12.9,4,28,12,42.9,2.18,0.93,0.14,0.33,0,0,big5_club
FRA,MF,24-102,2002,23.7,2,33,14,42.4,1.39,0.59,0.06,0.14,0,0,big5_club
SEN,MF,28-249,1997,2.4,0,4,1,25.0,1.64,0.41,0.0,0.0,0,0,big5_club
SUI,DF,23-011,2003,11.2,3,8,3,37.5,0.72,0.27,0.38,1.0,0,0,big5_club
CIV,DF,24-184,2001,21.6,0,6,0,0.0,0.28,0.0,0.0,,0,0,big5_club
CMR,"MF,FW",25-272,2000,28.0,3,62,17,27.4,2.22,0.61,0.05,0.18,0,0,big5_club
GUF,GK,33-205,1992,27.3,0,0,0,,0.0,0.0,,,0,0,big5_club
GHA,MF,28-201,1997,26.0,0,7,0,0.0,0.27,0.0,0.0,,0,0,big5_club
CHI,DF,29-021,1997,9.6,1,7,2,28.6,0.73,0.21,0.14,0.5,0,0,big5_club
NOR,"MF,DF",23-293,2002,13.8,0,10,2,20.0,0.72,0.14,0.0,0.0,0,0,big5_club
NGA,DF,27-286,1998,1.5,0,0,0,,0.0,0.0,,,0,0,big5_club
GHA,DF,27-313,1998,25.9,0,1,0,0.0,0.04,0.0,0.0,,0,0,big5_club
GHA,"MF,FW",21-179,2004,6.9,0,18,6,33.3,2.59,0.86,0.0,0.0,0,0,big5_club
HAI,"MF,FW",24-245,2001,16.9,1,22,12,54.5,1.3,0.71,0.05,0.08,0,1,big5_club
FRA,MF,21-333,2004,31.4,3,25,8,32.0,0.8,0.25,0.12,0.38,0,0,big5_club
MTN,DF,23-290,2002,17.1,0,13,2,15.4,0.76,0.12,0.0,0.0,0,0,big5_club
MLI,"FW,MF",26-170,1999,30.8,12,93,39,41.9,3.02,1.27,0.1,0.23,3,4,big5_club
CIV,MF,23-220,2002,3.6,0,3,0,0.0,0.84,0.0,0.0,,0,0,big5_club
FRA,FW,18-158,2007,0.0,0,0,0,,0.0,0.0,,,0,0,big5_club
GHA,"DF,MF",25-119,2001,19.8,1,15,5,33.3,0.76,0.25,0.07,0.2,0,0,big5_club
FRA,MF,24-059,2002,7.6,0,6,1,16.7,0.79,0.13,0.0,0.0,0,0,big5_club
MAR,"MF,DF",24-363,2001,9.0,1,5,1,20.0,0.56,0.11,0.2,1.0,0,0,big5_club
FRA,"MF,FW",27-317,1998,6.5,0,11,3,27.3,1.7,0.46,0.0,0.0,0,0,big5_club
FRA,MF,18-075,2008,6.8,0,4,0,0.0,0.59,0.0,0.0,,0,0,big5_club
FRA,MF,20-086,2006,0.3,0,0,0,,0.0,0.0,,,0,0,big5_club
FRA,FW,23-301,2002,13.6,3,33,12,36.4,2.42,0.88,0.09,0.25,0,0,big5_club
CIV,DF,25-048,2001,23.7,2,9,4,44.4,0.38,0.17,0.22,0.5,0,0,big5_club
FRA,DF,21-164,2004,3.5,0,2,1,50.0,0.57,0.29,0.0,0.0,0,0,big5_club
CAN,FW,26-273,1999,0.1,0,0,0,,0.0,0.0,,,0,0,big5_club
MTQ,GK,25-114,2001,6.6,0,0,0,,0.0,0.0,,,0,0,big5_club
FRA,MF,18-221,2007,0.1,0,0,0,,0.0,0.0,,,0,0,big5_club
CIV,MF,20-026,2006,0.0,0,0,0,,0.0,0.0,,,0,0,big5_club
FRA,FW,22-270,2003,0.1,0,0,0,,0.0,0.0,,,0,0,big5_club
FRA,DF,24-021,2002,14.3,0,2,1,50.0,0.14,0.07,0.0,0.0,0,0,big5_club
FRA,DF,31-156,1994,28.3,1,12,6,50.0,0.42,0.21,0.08,0.17,0,0,big5_club
MLI,DF,23-225,2002,18.7,1,21,5,23.8,1.12,0.27,0.05,0.2,0,0,big5_club
FRA,GK,27-054,1999,24.4,0,0,0,,0.0,0.0,,,0,0,big5_club
MLI,MF,19-316,2006,3.8,0,4,1,25.0,1.06,0.26,0.0,0.0,0,0,big5_club
FRA,MF,27-362,1998,29.9,1,22,5,22.7,0.74,0.17,0.05,0.2,0,0,big5_club
FRA,MF,19-070,2007,0.1,0,0,0,,0.0,0.0,,,0,0,big5_club
FRA,MF,24-245,2001,30.8,2,25,8,32.0,0.81,0.26,0.08,0.25,0,0,big5_club
FRA,DF,28-297,1997,3.6,1,5,2,40.0,1.37,0.55,0.2,0.5,0,0,big5_club
CIV,DF,22-308,2003,17.4,0,7,1,14.3,0.4,0.06,0.0,0.0,0,0,big5_club
CMR,MF,25-187,2000,12.9,5,27,9,33.3,2.09,0.7,0.19,0.56,0,0,big5_club
FRA,FW,20-255,2005,0.2,0,1,0,0.0,5.63,0.0,0.0,,0,0,big5_club
MLI,MF,23-098,2003,19.4,5,43,14,32.6,2.21,0.72,0.12,0.36,0,0,big5_club
MAD,DF,34-236,1991,31.0,0,8,1,12.5,0.26,0.03,0.0,0.0,0,0,big5_club
FRA,"MF,DF",29-028,1997,9.3,1,9,3,33.3,0.97,0.32,0.11,0.33,0,0,big5_club
CIV,DF,21-064,2005,3.2,0,3,0,0.0,0.94,0.0,0.0,,0,0,big5_club
FRA,FW,32-091,1994,31.3,8,55,17,30.9,1.76,0.54,0.15,0.47,0,0,big5_club
GNB,"FW,MF",30-202,1995,8.0,2,31,5,16.1,3.9,0.63,0.06,0.4,0,0,big5_club
SEN,MF,22-220,2003,11.7,1,23,10,43.5,1.96,0.85,0.04,0.1,0,0,big5_club
FRA,MF,33-002,1993,2.0,0,4,0,0.0,2.0,0.0,0.0,,0,0,big5_club
POL,GK,26-192,1999,9.6,0,0,0,,0.0,0.0,,,0,0,big5_club
FRA,DF,19-268,2006,4.2,0,4,1,25.0,0.96,0.24,0.0,0.0,0,0,big5_club
FRA,"MF,FW",30-059,1996,29.2,9,33,13,39.4,1.13,0.45,0.09,0.23,6,8,big5_club
GLP,"MF,FW",23-085,2003,13.3,5,34,16,47.1,2.55,1.2,0.15,0.31,0,0,big5_club
FRA,DF,22-225,2003,14.9,0,6,2,33.3,0.4,0.13,0.0,0.0,0,0,big5_club
SEN,FW,21-015,2005,0.1,0,1,0,0.0,7.5,0.0,0.0,,0,0,big5_club
GUI,MF,32-085,1994,8.2,2,13,4,30.8,1.58,0.49,0.15,0.5,0,1,big5_club
SEN,DF,24-045,2002,25.8,1,9,5,55.6,0.35,0.19,0.11,0.2,0,0,big5_club
JPN,"MF,DF",25-354,2000,29.2,0,17,6,35.3,0.58,0.21,0.0,0.0,0,0,big5_club
CHI,FW,21-060,2005,0.3,0,0,0,,0.0,0.0,,,0,0,big5_club
FRA,MF,19-289,2006,1.2,0,0,0,,0.0,0.0,,,0,0,big5_club
FRA,DF,20-084,2006,4.3,0,4,2,50.0,0.94,0.47,0.0,0.0,0,0,big5_club
FRA,"DF,MF",24-133,2002,4.7,0,0,0,,0.0,0.0,,,0,0,big5_club
SUI,"FW,MF",25-129,2001,5.9,1,6,2,33.3,1.02,0.34,0.17,0.5,0,0,big5_club
MLI,"MF,FW",25-113,2001,13.8,3,20,8,40.0,1.45,0.58,0.15,0.38,0,0,big5_club
FRA,DF,30-313,1995,26.6,1,12,4,33.3,0.45,0.15,0.08,0.25,0,0,big5_club
SEN,DF,18-146,2008,0.0,0,0,0,,0.0,0.0,,,0,0,big5_club
FRA,FW,25-347,2000,4.2,1,6,2,33.3,1.42,0.47,0.17,0.5,0,0,big5_club
SEN,"FW,MF",25-229,2000,32.8,8,77,28,36.4,2.35,0.85,0.09,0.25,1,3,big5_club
FRA,FW,19-314,2006,4.1,1,8,2,25.0,1.94,0.48,0.13,0.5,0,0,big5_club
COD,GK,31-299,1994,3.5,0,0,0,,0.0,0.0,,,0,0,big5_club
HUN,"DF,MF",35-132,1991,26.0,0,16,3,18.8,0.62,0.12,0.0,0.0,0,0,big5_club
FRA,MF,22-295,2003,14.1,0,9,2,22.2,0.64,0.14,0.0,0.0,0,0,big5_club
TAN,FW,33-155,1992,17.1,2,42,16,38.1,2.45,0.93,0.05,0.13,0,0,big5_club
SEN,GK,32-339,1993,29.5,0,0,0,,0.0,0.0,,,0,0,big5_club
FRA,FW,20-073,2006,1.2,1,4,3,75.0,3.46,2.6,0.25,0.33,0,0,big5_club
FRA,GK,20-004,2006,1.0,0,0,0,,0.0,0.0,,,0,0,big5_club
SEN,MF,24-167,2001,28.5,4,34,9,26.5,1.19,0.32,0.12,0.44,0,0,big5_club
GER,FW,24-327,2001,2.5,0,6,3,50.0,2.36,1.18,0.0,0.0,0,0,big5_club
CMR,MF,21-284,2004,19.5,1,22,4,18.2,1.13,0.2,0.05,0.25,0,0,big5_club
MAR,"MF,FW",32-252,1993,11.3,1,19,4,21.1,1.68,0.35,0.05,0.25,0,1,big5_club
FRA,DF,17-215,2008,5.5,1,1,1,100.0,0.18,0.18,1.0,1.0,0,0,big5_club
FRA,"MF,DF",34-064,1992,2.2,0,3,0,0.0,1.34,0.0,0.0,,0,0,big5_club
FRA,"MF,DF",23-260,2002,4.2,0,4,2,50.0,0.94,0.47,0.0,0.0,0,0,big5_club
ALG,"DF,MF",28-031,1998,26.0,1,16,5,31.3,0.62,0.19,0.0,0.0,1,1,big5_club
MAR,MF,24-091,2002,14.8,2,21,9,42.9,1.42,0.61,0.1,0.22,0,0,big5_club
DEN,"FW,MF",31-341,1994,3.6,0,4,0,0.0,1.1,0.0,0.0,,0,0,big5_club
SEN,"MF,FW",24-344,2001,8.0,2,30,9,30.0,3.76,1.13,0.07,0.22,0,0,big5_club
FRA,MF,32-168,1993,29.8,3,43,13,30.2,1.44,0.44,0.07,0.23,0,0,big5_club
FRA,MF,29-076,1997,4.6,3,21,3,14.3,4.61,0.66,0.14,1.0,0,0,big5_club
MLI,MF,28-116,1998,2.9,1,2,2,100.0,0.69,0.69,0.5,0.5,0,0,big5_club
MNE,MF,19-151,2006,8.5,0,11,5,45.5,1.3,0.59,0.0,0.0,0,0,big5_club
FRA,MF,23-010,2003,1.0,0,3,1,33.3,3.0,1.0,0.0,0.0,0,0,big5_club
FRA,FW,21-106,2005,1.2,0,4,2,50.0,3.46,1.73,0.0,0.0,0,0,big5_club
COD,"DF,MF",32-201,1993,2.5,0,1,1,100.0,0.4,0.4,0.0,0.0,0,0,big5_club
COL,MF,32-267,1993,3.0,0,6,1,16.7,1.98,0.33,0.0,0.0,0,0,big5_club
THA,DF,20-142,2006,0.1,0,0,0,,0.0,0.0,,,0,0,big5_club
FRA,"MF,FW",35-214,1990,5.6,1,13,1,7.7,2.31,0.18,0.08,1.0,0,0,big5_club
FRA,MF,33-121,1993,27.1,11,74,27,36.5,2.73,0.99,0.12,0.33,2,3,big5_club
FRA,MF,20-041,2006,1.1,0,0,0,,0.0,0.0,,,0,0,big5_club
FRA,DF,21-074,2005,22.4,3,22,4,18.2,0.98,0.18,0.14,0.75,0,0,big5_club
FRA,DF,33-184,1992,9.0,0,2,0,0.0,0.22,0.0,0.0,,0,0,big5_club
FRA,DF,18-143,2008,2.1,0,1,0,0.0,0.47,0.0,0.0,,0,0,big5_club
FRA,DF,27-124,1999,32.5,0,23,5,21.7,0.71,0.15,0.0,0.0,0,0,big5_club
MLI,MF,23-335,2002,25.8,3,53,14,26.4,2.05,0.54,0.06,0.21,0,0,big5_club
FRA,GK,35-295,1990,1.0,0,0,0,,0.0,0.0,,,0,0,big5_club
FRA,"MF,DF",30-068,1996,33.4,1,47,17,36.2,1.41,0.51,0.02,0.06,0,0,big5_club
POR,MF,16-200,2009,0.1,1,1,1,100.0,7.5,7.5,1.0,1.0,0,0,big5_club
GUI,MF,28-078,1998,5.5,1,10,2,20.0,1.83,0.37,0.1,0.5,0,0,big5_club
BIH,DF,19-314,2006,6.8,0,1,1,100.0,0.15,0.15,0.0,0.0,0,0,big5_club
FRA,FW,28-131,1998,20.0,12,60,31,51.7,3.01,1.55,0.18,0.35,1,1,big5_club
FRA,"FW,MF",20-104,2006,8.9,5,36,12,33.3,4.06,1.35,0.14,0.42,0,0,big5_club
FRA,GK,21-176,2004,33.0,0,0,0,,0.0,0.0,,,0,0,big5_club
FRA,MF,33-031,1993,19.1,2,13,3,23.1,0.68,0.16,0.15,0.67,0,0,big5_club
AUT,DF,22-057,2004,20.3,2,16,4,25.0,0.79,0.2,0.13,0.5,0,0,big5_club
KSA,MF,26-313,1999,15.0,2,8,3,37.5,0.53,0.2,0.25,0.67,0,0,big5_club
FRA,MF,31-038,1995,22.1,12,60,27,45.0,2.71,1.22,0.18,0.41,1,1,big5_club
BRA,DF,26-291,1999,5.7,0,7,2,28.6,1.24,0.35,0.0,0.0,0,0,big5_club
POR,MF,32-301,1993,0.1,0,0,0,,0.0,0.0,,,0,0,big5_club
BEL,GK,28-077,1998,2.5,0,0,0,,0.0,0.0,,,0,0,big5_club
FRA,MF,18-237,2007,25.8,0,16,5,31.3,0.62,0.19,0.0,0.0,0,0,big5_club
ALG,DF,34-217,1991,26.9,1,14,4,28.6,0.52,0.15,0.07,0.25,0,0,big5_club
FRA,MF,35-297,1990,25.9,2,27,6,22.2,1.04,0.23,0.07,0.33,0,0,big5_club
TUR,GK,26-002,2000,31.5,0,0,0,,0.0,0.0,,,0,0,big5_club
IDN,DF,29-031,1997,8.8,0,3,1,33.3,0.34,0.11,0.0,0.0,0,0,big5_club
COD,DF,31-292,1994,10.6,0,7,3,42.9,0.66,0.28,0.0,0.0,0,0,big5_club
FRA,"MF,FW",19-149,2006,6.3,3,14,7,50.0,2.22,1.11,0.21,0.43,0,0,big5_club
POR,MF,25-125,2001,22.8,4,37,8,21.6,1.62,0.35,0.11,0.5,0,0,big5_club
FRA,"MF,FW",29-354,1996,3.8,1,7,4,57.1,1.86,1.07,0.14,0.25,0,0,big5_club
MAR,FW,23-206,2002,4.8,5,24,9,37.5,5.0,1.87,0.21,0.56,0,0,big5_club
ISL,MF,23-047,2003,27.3,8,50,17,34.0,1.83,0.62,0.16,0.47,0,0,big5_club
NOR,MF,21-152,2004,3.1,1,4,3,75.0,1.29,0.97,0.0,0.0,1,1,big5_club
BEL,"FW,MF",21-113,2005,26.3,8,68,30,44.1,2.58,1.14,0.09,0.2,2,2,big5_club
FRA,DF,18-124,2008,0.4,0,0,0,,0.0,0.0,,,0,0,big5_club
ALG,MF,31-184,1994,14.3,2,18,6,33.3,1.26,0.42,0.06,0.17,1,1,big5_club
BEL,DF,22-351,2003,26.7,1,22,6,27.3,0.82,0.22,0.05,0.17,0,0,big5_club
COD,MF,21-205,2004,17.0,1,20,5,25.0,1.17,0.29,0.05,0.2,0,0,big5_club
FRA,MF,20-235,2005,1.0,0,2,0,0.0,1.96,0.0,0.0,,0,0,big5_club
FRA,FW,39-239,1986,17.9,7,41,16,39.0,2.29,0.89,0.1,0.25,3,4,big5_club
MAR,MF,24-350,2001,5.6,1,12,4,33.3,2.14,0.71,0.08,0.25,0,0,big5_club
FRA,DF,21-098,2005,0.6,0,0,0,,0.0,0.0,,,0,0,big5_club
FRA,DF,28-247,1997,24.9,3,33,12,36.4,1.33,0.48,0.09,0.25,0,0,big5_club
FRA,MF,18-286,2007,2.1,1,10,4,40.0,4.86,1.95,0.1,0.25,0,0,big5_club
BEL,DF,34-257,1991,21.2,2,19,5,26.3,0.9,0.24,0.11,0.4,0,0,big5_club
POR,DF,23-308,2002,7.9,0,9,0,0.0,1.14,0.0,0.0,,0,0,big5_club
FRA,MF,22-318,2003,0.0,0,0,0,,0.0,0.0,,,0,0,big5_club
BEL,DF,20-246,2005,0.2,0,0,0,,0.0,0.0,,,0,0,big5_club
SEN,DF,21-247,2004,16.0,0,8,2,25.0,0.5,0.12,0.0,0.0,0,0,big5_club
BFA,MF,21-258,2004,28.9,2,9,5,55.6,0.31,0.17,0.22,0.4,0,0,big5_club
CMR,MF,21-163,2004,23.5,2,21,6,28.6,0.89,0.25,0.1,0.33,0,0,big5_club
SEN,FW,26-065,2000,13.5,10,45,24,53.3,3.34,1.78,0.2,0.38,1,2,big5_club
CIV,DF,24-175,2001,22.0,0,8,1,12.5,0.36,0.05,0.0,0.0,0,0,big5_club
SEN,GK,29-218,1996,3.0,0,0,0,,0.0,0.0,,,0,0,big5_club
FRA,MF,22-214,2003,0.1,0,0,0,,0.0,0.0,,,0,0,big5_club
CMR,"DF,MF",25-247,2000,14.6,0,10,2,20.0,0.69,0.14,0.0,0.0,0,0,big5_club
TOG,MF,22-152,2003,15.2,1,16,2,12.5,1.05,0.13,0.06,0.5,0,0,big5_club
SEN,DF,25-145,2001,1.5,0,0,0,,0.0,0.0,,,0,0,big5_club
BRA,DF,29-279,1996,13.5,1,8,1,12.5,0.59,0.07,0.13,1.0,0,0,big5_club
FRA,MF,27-349,1998,20.0,4,39,14,35.9,1.95,0.7,0.1,0.29,0,0,big5_club
NOR,"MF,DF",23-196,2002,6.2,0,8,1,12.5,1.29,0.16,0.0,0.0,0,0,big5_club
FRA,MF,33-115,1993,25.8,1,22,5,22.7,0.85,0.19,0.05,0.2,0,0,big5_club
BFA,MF,20-124,2006,0.0,0,0,0,,0.0,0.0,,,0,0,big5_club
CIV,FW,24-168,2001,7.6,1,13,6,46.2,1.72,0.79,0.08,0.17,0,1,big5_club
TUN,DF,28-001,1998,29.0,0,14,2,14.3,0.48,0.07,0.0,0.0,0,0,big5_club
GHA,DF,23-279,2002,9.3,0,4,2,50.0,0.43,0.22,0.0,0.0,0,0,big5_club
GLP,MF,27-213,1998,20.9,3,19,9,47.4,0.91,0.43,0.16,0.33,0,0,big5_club
FRA,"MF,FW",23-149,2002,19.5,10,59,19,32.2,3.02,0.97,0.14,0.42,2,2,big5_club
GRE,"MF,DF",24-326,2001,8.3,1,7,4,57.1,0.84,0.48,0.14,0.25,0,0,big5_club
SEN,FW,25-144,2001,10.5,4,28,10,35.7,2.68,0.96,0.14,0.4,0,1,big5_club
FRA,DF,23-060,2003,0.3,0,0,0,,0.0,0.0,,,0,0,big5_club
FRA,MF,23-238,2002,21.0,2,17,7,41.2,0.81,0.33,0.12,0.29,0,0,big5_club
BEN,"FW,MF",27-335,1998,11.9,5,30,12,40.0,2.52,1.01,0.17,0.42,0,1,big5_club
SUI,GK,31-355,1994,31.0,0,0,0,,0.0,0.0,,,0,0,big5_club
BRA,"DF,MF",26-000,2000,23.9,3,17,7,41.2,0.71,0.29,0.18,0.43,0,0,big5_club
CZE,"MF,FW",22-329,2003,10.2,1,9,5,55.6,0.88,0.49,0.11,0.2,0,0,big5_club
FRA,MF,17-126,2009,0.3,0,2,0,0.0,6.67,0.0,0.0,,0,0,big5_club
POR,"MF,FW",21-069,2005,19.1,4,40,14,35.0,2.09,0.73,0.1,0.29,0,0,big5_club
ENG,"DF,MF",28-271,1997,27.6,1,14,7,50.0,0.51,0.25,0.07,0.14,0,1,big5_club
ANG,DF,33-201,1992,31.5,0,5,0,0.0,0.16,0.0,0.0,,0,0,big5_club
FRA,MF,31-297,1994,25.6,11,54,27,50.0,2.11,1.06,0.17,0.33,2,3,big5_club
SVK,GK,29-051,1997,29.0,0,0,0,,0.0,0.0,,,0,0,big5_club
BRA,"FW,MF",19-310,2006,13.5,5,50,26,52.0,3.7,1.93,0.08,0.15,1,1,big5_club
FRA,FW,18-251,2007,0.1,0,0,0,,0.0,0.0,,,0,0,big5_club
GHA,"FW,MF",22-207,2003,0.4,0,2,0,0.0,5.14,0.0,0.0,,0,0,big5_club
GEO,FW,25-208,2000,2.0,1,10,4,40.0,5.03,2.01,0.1,0.25,0,0,big5_club
NED,"DF,MF",32-138,1994,8.2,0,7,1,14.3,0.85,0.12,0.0,0.0,0,0,big5_club
FRA,"MF,FW",19-092,2007,12.6,0,6,3,50.0,0.48,0.24,0.0,0.0,0,0,big5_club
BEL,"MF,FW",21-057,2005,8.3,2,19,9,47.4,2.28,1.08,0.11,0.22,0,0,big5_club
URU,FW,25-096,2001,7.7,2,16,7,43.8,2.08,0.91,0.13,0.29,0,0,big5_club
FRA,MF,21-026,2005,3.3,0,7,2,28.6,2.14,0.61,0.0,0.0,0,0,big5_club
SEN,DF,30-080,1996,30.7,0,4,0,0.0,0.13,0.0,0.0,,0,0,big5_club
ARG,DF,33-269,1992,14.6,0,15,1,6.7,1.03,0.07,0.0,0.0,0,0,big5_club
DEN,"MF,FW",20-234,2005,6.1,2,5,2,40.0,0.83,0.33,0.4,1.0,0,0,big5_club
FRA,DF,19-125,2007,0.1,0,0,0,,0.0,0.0,,,0,0,big5_club
BEL,MF,28-070,1998,4.6,0,4,1,25.0,0.87,0.22,0.0,0.0,0,0,big5_club
CZE,"FW,MF",25-149,2000,17.4,11,44,18,40.9,2.53,1.03,0.25,0.61,0,0,big5_club
ALG,"MF,FW",34-018,1992,2.5,0,4,1,25.0,1.6,0.4,0.0,0.0,0,0,big5_club
UKR,FW,30-181,1995,6.2,4,16,6,37.5,2.57,0.96,0.25,0.67,0,0,big5_club
NED,DF,25-006,2001,8.6,1,2,1,50.0,0.23,0.12,0.5,1.0,0,0,big5_club
FRA,FW,18-087,2008,1.5,1,10,1,10.0,6.87,0.69,0.1,1.0,0,0,big5_club
FRA,GK,29-336,1996,5.0,0,0,0,,0.0,0.0,,,0,0,big5_club
FRA,DF,21-062,2005,0.7,0,1,0,0.0,1.38,0.0,0.0,,0,0,big5_club
FRA,DF,19-169,2006,0.9,0,0,0,,0.0,0.0,,,0,0,big5_club
USA,MF,24-245,2001,21.7,1,26,8,30.8,1.2,0.37,0.04,0.13,0,0,big5_club
ENG,MF,23-208,2002,28.0,2,28,8,28.6,1.0,0.29,0.07,0.25,0,0,big5_club
FRA,MF,31-054,1995,1.0,0,1,0,0.0,1.0,0.0,0.0,,0,0,big5_club
ALG,"FW,MF",26-100,2000,14.7,8,38,17,44.7,2.58,1.15,0.21,0.47,0,0,big5_club
ENG,MF,25-269,2000,9.9,3,11,5,45.5,1.11,0.51,0.27,0.6,0,0,big5_club
BEL,MF,21-109,2005,9.2,0,3,1,33.3,0.33,0.11,0.0,0.0,0,0,big5_club
FRA,DF,30-060,1996,21.4,1,11,3,27.3,0.51,0.14,0.09,0.33,0,0,big5_club
MAR,MF,22-180,2003,6.6,0,7,1,14.3,1.05,0.15,0.0,0.0,0,0,big5_club
ENG,"DF,MF",23-145,2003,6.9,0,0,0,,0.0,0.0,,,0,0,big5_club
FRA,MF,18-178,2007,0.8,0,2,1,50.0,2.4,1.2,0.0,0.0,0,0,big5_club
CAN,"DF,FW",28-183,1997,0.6,0,0,0,,0.0,0.0,,,0,0,big5_club
ITA,"DF,MF",31-297,1994,23.5,0,15,2,13.3,0.64,0.09,0.0,0.0,0,0,big5_club
CIV,FW,21-151,2004,0.5,0,2,2,100.0,3.67,3.67,0.0,0.0,0,0,big5_club
ENG,MF,19-067,2007,3.6,2,9,3,33.3,2.5,0.83,0.22,0.67,0,0,big5_club
ARG,DF,26-364,1999,15.2,0,4,1,25.0,0.26,0.07,0.0,0.0,0,0,big5_club
CTA,"MF,DF",33-101,1993,6.5,0,4,1,25.0,0.61,0.15,0.0,0.0,0,0,big5_club
ARG,GK,34-007,1992,29.0,0,1,0,0.0,0.03,0.0,0.0,,0,0,big5_club
CIV,MF,26-100,2000,6.9,2,13,6,46.2,1.89,0.87,0.15,0.33,0,0,big5_club
FRA,DF,20-101,2006,0.0,0,0,0,,0.0,0.0,,,0,0,big5_club
ALG,MF,26-191,1999,1.5,0,4,1,25.0,2.61,0.65,0.0,0.0,0,0,big5_club
BRA,MF,25-333,2000,21.9,6,57,23,40.4,2.6,1.05,0.11,0.26,0,0,big5_club
NED,GK,28-056,1998,5.0,0,0,0,,0.0,0.0,,,0,0,big5_club
ENG,FW,23-027,2003,0.7,0,5,0,0.0,7.26,0.0,0.0,,0,0,big5_club
ARG,DF,27-121,1999,22.2,0,20,5,25.0,0.9,0.22,0.0,0.0,0,0,big5_club
ENG,MF,24-238,2001,27.4,16,116,48,41.4,4.24,1.75,0.09,0.21,6,8,big5_club
DEN,MF,25-187,2000,8.2,1,7,3,42.9,0.85,0.36,0.14,0.33,0,0,big5_club
PAN,"DF,MF",30-105,1996,11.0,2,9,2,22.2,0.82,0.18,0.22,1.0,0,0,big5_club
MAR,DF,30-058,1996,15.5,1,10,2,20.0,0.64,0.13,0.1,0.5,0,0,big5_club
FRA,"FW,MF",29-286,1996,0.0,0,0,0,,0.0,0.0,,,0,0,big5_club
MLI,MF,21-151,2004,0.3,0,1,0,0.0,3.75,0.0,0.0,,0,0,big5_club
DEN,MF,30-295,1995,30.1,4,46,14,30.4,1.53,0.46,0.09,0.29,0,0,big5_club
GAB,FW,36-343,1989,22.7,10,60,34,56.7,2.65,1.5,0.17,0.29,0,0,big5_club
ESP,"DF,MF",28-287,1997,0.4,0,0,0,,0.0,0.0,,,0,0,big5_club
NED,MF,24-344,2001,12.3,0,10,2,20.0,0.81,0.16,0.0,0.0,0,0,big5_club
FRA,FW,19-099,2007,4.2,4,8,6,75.0,1.9,1.42,0.5,0.67,0,0,big5_club
FRA,FW,19-085,2007,0.5,0,2,0,0.0,4.0,0.0,0.0,,0,0,big5_club
USA,"MF,DF",26-094,2000,25.0,2,29,10,34.5,1.16,0.4,0.07,0.2,0,0,big5_club
NGA,"MF,DF",22-331,2003,3.9,0,4,1,25.0,1.03,0.26,0.0,0.0,0,0,big5_club
FRA,FW,18-336,2007,0.2,0,1,0,0.0,5.29,0.0,0.0,,0,0,big5_club
SUI,"MF,DF",30-136,1996,2.3,0,2,1,50.0,0.85,0.43,0.0,0.0,0,0,big5_club
SEN,MF,20-122,2006,17.8,0,17,1,5.9,0.95,0.06,0.0,0.0,0,0,big5_club
FRA,MF,16-185,2009,4.8,0,5,1,20.0,1.04,0.21,0.0,0.0,0,0,big5_club
FRA,MF,35-287,1990,10.7,0,6,1,16.7,0.56,0.09,0.0,0.0,0,0,big5_club
MLI,MF,24-280,2001,15.4,1,19,3,15.8,1.23,0.19,0.05,0.33,0,0,big5_club
SEN,"MF,DF",34-116,1992,9.9,0,15,3,20.0,1.51,0.3,0.0,0.0,0,0,big5_club
LUX,FW,17-135,2009,1.7,0,3,1,33.3,1.72,0.57,0.0,0.0,0,0,big5_club
SEN,"MF,FW",27-084,1999,10.7,0,8,4,50.0,0.74,0.37,0.0,0.0,0,0,big5_club
FRA,FW,21-044,2005,0.3,0,0,0,,0.0,0.0,,,0,0,big5_club
SEN,"DF,MF",29-144,1997,9.3,0,5,1,20.0,0.54,0.11,0.0,0.0,0,0,big5_club
FRA,"MF,FW",29-293,1996,26.1,8,44,13,29.5,1.68,0.5,0.07,0.23,5,5,big5_club
GEO,"MF,FW",23-108,2003,7.8,2,23,9,39.1,2.97,1.16,0.09,0.22,0,0,big5_club
GEO,FW,32-238,1993,5.5,2,12,7,58.3,2.18,1.27,0.17,0.29,0,0,big5_club
SEN,FW,30-343,1995,21.2,4,38,12,31.6,1.79,0.57,0.11,0.33,0,1,big5_club
GEO,"MF,DF",25-190,2000,27.2,3,31,8,25.8,1.14,0.29,0.1,0.38,0,0,big5_club
SEN,"FW,MF",21-060,2005,6.0,1,6,3,50.0,1.0,0.5,0.17,0.33,0,0,big5_club
SEN,FW,19-253,2006,1.5,0,2,0,0.0,1.36,0.0,0.0,,0,0,big5_club
FRA,FW,21-301,2004,0.3,0,0,0,,0.0,0.0,,,0,0,big5_club
FRA,MF,18-183,2007,1.0,1,2,1,50.0,2.05,1.02,0.5,1.0,0,0,big5_club
CIV,"DF,MF",30-244,1995,27.6,1,14,7,50.0,0.51,0.25,0.07,0.14,0,0,big5_club
FRA,MF,28-140,1998,22.2,2,17,7,41.2,0.77,0.32,0.12,0.29,0,0,big5_club
SWE,FW,27-030,1999,2.5,0,4,1,25.0,1.59,0.4,0.0,0.0,0,0,big5_club
DEN,GK,24-199,2001,26.2,0,0,0,,0.0,0.0,,,0,0,big5_club
FRA,MF,21-208,2004,0.1,0,0,0,,0.0,0.0,,,0,0,big5_club
CIV,"DF,MF",28-007,1998,25.2,2,23,10,43.5,0.91,0.4,0.09,0.2,0,0,big5_club
FRA,MF,20-340,2005,2.4,0,7,2,28.6,2.97,0.85,0.0,0.0,0,0,big5_club
SEN,MF,22-051,2004,3.3,0,2,1,50.0,0.6,0.3,0.0,0.0,0,0,big5_club
FRA,DF,34-193,1991,18.8,0,7,2,28.6,0.37,0.11,0.0,0.0,0,0,big5_club
GAB,"DF,MF",23-027,2003,8.3,0,2,1,50.0,0.24,0.12,0.0,0.0,0,0,big5_club
CMR,MF,22-075,2004,2.5,0,3,1,33.3,1.19,0.4,0.0,0.0,0,0,big5_club
,"MF,FW",18-097,2008,4.9,2,15,4,26.7,3.06,0.82,0.13,0.5,0,0,big5_club
SEN,GK,29-025,1997,7.8,0,0,0,,0.0,0.0,,,0,0,big5_club
SEN,DF,21-351,2004,21.6,2,6,2,33.3,0.28,0.09,0.33,1.0,0,0,big5_club
GHA,DF,25-122,2001,21.8,0,6,2,33.3,0.28,0.09,0.0,0.0,0,0,big5_club
FRA,MF,19-317,2006,9.1,0,2,1,50.0,0.22,0.11,0.0,0.0,0,0,big5_club
RUS,MF,29-362,1996,18.3,5,34,18,52.9,1.86,0.98,0.15,0.28,0,0,big5_club
ESP,"MF,FW",23-208,2002,12.1,11,43,24,55.8,3.54,1.98,0.19,0.33,3,4,big5_club
BRA,"DF,MF",28-300,1997,17.1,0,2,0,0.0,0.12,0.0,0.0,,0,0,big5_club
FRA,"DF,MF",21-039,2005,13.2,0,2,1,50.0,0.15,0.08,0.0,0.0,0,0,big5_club
SUI,"DF,MF",29-188,1996,22.6,2,18,3,16.7,0.8,0.13,0.11,0.67,0,0,big5_club
MAR,MF,21-100,2005,0.5,0,1,0,0.0,2.0,0.0,0.0,,0,0,big5_club
ENG,DF,32-132,1994,7.6,1,3,2,66.7,0.39,0.26,0.33,0.5,0,0,big5_club
USA,FW,24-328,2001,24.8,13,77,32,41.6,3.11,1.29,0.13,0.31,3,3,big5_club
NGA,FW,19-284,2006,4.3,2,15,7,46.7,3.51,1.64,0.13,0.29,0,0,big5_club
FRA,MF,19-296,2006,0.4,0,0,0,,0.0,0.0,,,0,0,big5_club
NED,"MF,DF",26-239,1999,27.7,1,14,5,35.7,0.51,0.18,0.07,0.2,0,0,big5_club
FRA,"MF,DF",21-225,2004,10.7,0,12,0,0.0,1.12,0.0,0.0,,0,0,big5_club
SEN,"MF,DF",27-091,1999,11.3,0,7,1,14.3,0.62,0.09,0.0,0.0,0,0,big5_club
SEN,MF,22-146,2004,20.5,3,25,4,16.0,1.22,0.19,0.12,0.75,0,0,big5_club
FRA,FW,20-340,2005,0.7,0,1,0,0.0,1.53,0.0,0.0,,0,0,big5_club
FIN,GK,36-184,1989,16.0,0,0,0,,0.0,0.0,,,0,0,big5_club
FRA,"MF,FW",24-091,2002,26.7,6,48,19,39.6,1.8,0.71,0.13,0.32,0,0,big5_club
FRA,MF,22-036,2004,15.3,3,13,5,38.5,0.85,0.33,0.23,0.6,0,0,big5_club
DEN,FW,23-108,2003,11.9,2,19,7,36.8,1.59,0.59,0.11,0.29,0,0,big5_club
GHA,DF,27-040,1999,12.0,1,8,2,25.0,0.67,0.17,0.13,0.5,0,0,big5_club
FRA,MF,19-127,2007,0.9,0,3,2,66.7,3.51,2.34,0.0,0.0,0,0,big5_club
GER,FW,20-101,2006,1.5,0,4,1,25.0,2.73,0.68,0.0,0.0,0,0,big5_club
FRA,MF,33-073,1993,1.3,0,2,0,0.0,1.51,0.0,0.0,,0,0,big5_club
SUI,GK,28-055,1998,18.0,0,0,0,,0.0,0.0,,,0,0,big5_club
BEL,DF,18-285,2007,0.0,0,0,0,,0.0,0.0,,,0,0,big5_club
CIV,"MF,FW",24-146,2002,9.5,3,22,6,27.3,2.32,0.63,0.14,0.5,0,0,big5_club
BEL,MF,20-332,2005,1.9,1,6,2,33.3,3.16,1.05,0.17,0.5,0,0,big5_club
JPN,MF,31-131,1995,10.5,3,21,7,33.3,2.0,0.67,0.14,0.43,0,0,big5_club
GER,DF,29-248,1996,26.1,0,16,1,6.3,0.61,0.04,0.0,0.0,0,0,big5_club
BRA,"DF,MF",24-340,2001,6.8,0,3,0,0.0,0.44,0.0,0.0,,0,0,big5_club
BEL,DF,28-054,1998,12.7,0,5,1,20.0,0.39,0.08,0.0,0.0,0,0,big5_club
CIV,DF,23-153,2002,0.7,0,2,0,0.0,2.77,0.0,0.0,,0,0,big5_club
LBY,DF,24-322,2001,10.8,0,6,1,16.7,0.56,0.09,0.0,0.0,0,0,big5_club
MLI,FW,20-364,2005,1.9,0,6,0,0.0,3.16,0.0,0.0,,0,0,big5_club
POR,GK,35-238,1990,31.0,0,2,0,0.0,0.06,0.0,0.0,,0,0,big5_club
FRA,"FW,MF",19-271,2006,9.1,2,15,7,46.7,1.64,0.77,0.13,0.29,0,0,big5_club
MTN,MF,20-075,2006,2.8,0,7,3,42.9,2.52,1.08,0.0,0.0,0,0,big5_club
NGA,DF,29-146,1997,24.8,1,11,4,36.4,0.44,0.16,0.09,0.25,0,0,big5_club
FRA,MF,21-040,2005,14.2,1,29,7,24.1,2.05,0.49,0.03,0.14,0,0,big5_club
COL,"DF,MF",32-267,1993,10.1,0,7,1,14.3,0.69,0.1,0.0,0.0,0,0,big5_club
FRA,"MF,DF",30-131,1996,8.2,3,8,3,37.5,0.98,0.37,0.38,1.0,0,0,big5_club
FRA,MF,35-014,1991,7.3,0,6,1,16.7,0.82,0.14,0.0,0.0,0,0,big5_club
FRA,"DF,MF",31-154,1994,6.7,0,7,2,28.6,1.04,0.3,0.0,0.0,0,0,big5_club
KOR,MF,26-345,1999,3.2,0,4,2,50.0,1.27,0.63,0.0,0.0,0,0,big5_club
MLI,"MF,DF",28-212,1997,8.9,0,6,0,0.0,0.67,0.0,0.0,,0,0,big5_club
CMR,FW,27-100,1999,9.3,3,23,7,30.4,2.47,0.75,0.09,0.29,1,1,big5_club
FRA,MF,23-217,2002,24.1,0,22,7,31.8,0.91,0.29,0.0,0.0,0,0,big5_club
FRA,MF,23-016,2003,14.0,1,9,3,33.3,0.64,0.21,0.11,0.33,0,0,big5_club
FRA,DF,28-108,1998,21.8,0,10,2,20.0,0.46,0.09,0.0,0.0,0,0,big5_club
KOR,MF,25-075,2001,8.4,0,3,0,0.0,0.36,0.0,0.0,,0,0,big5_club
FRA,"MF,DF",20-124,2006,16.0,1,15,3,20.0,0.94,0.19,0.07,0.33,0,0,big5_club
MAD,"DF,MF",21-164,2004,2.9,0,0,0,,0.0,0.0,,,0,0,big5_club
FRA,"FW,MF",23-060,2003,27.7,6,84,22,26.2,3.03,0.79,0.07,0.27,0,1,big5_club
SWE,"FW,MF",23-148,2002,4.6,1,3,1,33.3,0.65,0.22,0.33,1.0,0,0,big5_club
GUI,MF,24-212,2001,10.2,0,11,6,54.5,1.08,0.59,0.0,0.0,0,0,big5_club
EGY,FW,28-180,1997,12.8,4,35,8,22.9,2.73,0.62,0.11,0.5,0,0,big5_club
FRA,DF,27-139,1999,25.6,0,11,3,27.3,0.43,0.12,0.0,0.0,0,0,big5_club
SWE,GK,34-139,1992,2.0,0,0,0,,0.0,0.0,,,0,0,big5_club
FRA,"MF,FW",36-080,1990,6.4,2,9,5,55.6,1.42,0.79,0.11,0.2,1,1,big5_club
FRA,DF,21-031,2005,0.5,0,0,0,,0.0,0.0,,,0,0,big5_club
FRA,DF,18-128,2008,19.1,0,3,0,0.0,0.16,0.0,0.0,,0,0,big5_club
SRB,DF,32-057,1994,1.1,0,1,0,0.0,0.89,0.0,0.0,,0,0,big5_club
FRA,"MF,FW",23-190,2002,5.3,0,4,1,25.0,0.75,0.19,0.0,0.0,0,0,big5_club
MAR,FW,39-113,1987,10.5,3,15,9,60.0,1.43,0.86,0.2,0.33,0,1,big5_club
SLE,DF,20-046,2006,21.8,0,7,2,28.6,0.32,0.09,0.0,0.0,0,0,big5_club
TUN,"MF,DF",32-158,1993,13.2,3,16,4,25.0,1.21,0.3,0.19,0.75,0,0,big5_club
SEN,DF,22-000,2004,23.3,1,17,7,41.2,0.73,0.3,0.06,0.14,0,0,big5_club
ALG,MF,21-170,2004,1.0,0,1,0,0.0,0.97,0.0,0.0,,0,0,big5_club
CMR,FW,19-296,2006,1.5,0,3,0,0.0,1.96,0.0,0.0,,0,0,big5_club
ALG,"FW,MF",26-074,2000,0.0,0,0,0,,0.0,0.0,,,0,0,big5_club
CGO,DF,18-263,2007,1.0,0,0,0,,0.0,0.0,,,0,0,big5_club
BEL,MF,27-253,1998,19.7,0,5,1,20.0,0.25,0.05,0.0,0.0,0,0,big5_club
BRA,DF,42-221,1983,9.4,0,7,1,14.3,0.74,0.11,0.0,0.0,0,0,big5_club
FRA,MF,17-190,2008,0.1,0,0,0,,0.0,0.0,,,0,0,big5_club
CIV,FW,23-145,2003,10.2,5,23,15,65.2,2.25,1.46,0.17,0.27,1,1,big5_club
FRA,MF,19-045,2007,1.5,0,2,0,0.0,1.33,0.0,0.0,,0,0,big5_club
FRA,MF,20-123,2006,1.1,0,3,1,33.3,2.84,0.95,0.0,0.0,0,0,big5_club
MAR,DF,19-252,2006,0.0,0,0,0,,0.0,0.0,,,0,0,big5_club
ALG,MF,26-246,1999,18.8,1,21,9,42.9,1.12,0.48,0.05,0.11,0,0,big5_club
SWE,"FW,MF",24-116,2002,7.2,1,17,11,64.7,2.38,1.54,0.06,0.09,0,0,big5_club
CIV,"MF,FW",29-144,1997,7.2,2,15,5,33.3,2.09,0.7,0.13,0.4,0,0,big5_club
FRA,"MF,DF",33-244,1992,28.1,1,23,6,26.1,0.82,0.21,0.04,0.17,0,0,big5_club
FRA,"MF,FW",19-346,2006,5.9,1,13,2,15.4,2.2,0.34,0.08,0.5,0,0,big5_club
ESP,FW,25-047,2001,9.8,0,22,7,31.8,2.25,0.72,0.0,0.0,0,0,big5_club
GHA,DF,21-357,2004,26.9,1,10,3,30.0,0.37,0.11,0.1,0.33,0,0,big5_club
FRA,GK,33-084,1993,8.0,0,0,0,,0.0,0.0,,,0,0,big5_club
FRA,"DF,MF",25-202,2000,26.6,2,15,5,33.3,0.56,0.19,0.13,0.4,0,0,big5_club
FRA,"FW,MF",22-128,2004,18.5,4,32,14,43.8,1.73,0.76,0.13,0.29,0,0,big5_club
FRA,MF,31-282,1994,19.7,0,19,4,21.1,0.97,0.2,0.0,0.0,0,0,big5_club
CAN,DF,26-058,2000,1.6,0,0,0,,0.0,0.0,,,0,0,big5_club
DOM,"DF,MF",29-140,1997,0.3,0,2,1,50.0,6.43,3.21,0.0,0.0,0,0,big5_club
GHA,MF,26-062,2000,10.1,0,1,0,0.0,0.1,0.0,0.0,,0,0,big5_club
MAR,"MF,FW",25-352,2000,23.7,8,54,17,31.5,2.28,0.72,0.11,0.35,2,2,big5_club
FRA,MF,29-150,1996,3.1,0,5,1,20.0,1.64,0.33,0.0,0.0,0,0,big5_club
NGA,FW,27-002,1999,5.4,2,16,8,50.0,2.95,1.48,0.13,0.25,0,0,big5_club
POR,MF,24-343,2001,5.9,0,12,4,33.3,2.03,0.68,0.0,0.0,0,0,big5_club
FRA,MF,23-023,2003,15.2,3,21,6,28.6,1.38,0.4,0.14,0.5,0,0,big5_club
SEN,GK,26-192,1999,26.0,0,0,0,,0.0,0.0,,,0,0,big5_club
BDI,MF,27-212,1998,0.8,0,0,0,,0.0,0.0,,,0,0,big5_club
FRA,FW,21-114,2005,0.1,0,0,0,,0.0,0.0,,,0,0,big5_club
FRA,"MF,DF",29-221,1996,24.0,1,17,5,29.4,0.71,0.21,0.06,0.2,0,0,big5_club
MLI,"MF,DF",29-270,1996,10.9,5,19,6,31.6,1.74,0.55,0.26,0.83,0,0,big5_club
ITA,FW,36-096,1990,7.8,2,15,5,33.3,1.91,0.64,0.13,0.4,0,0,big5_club
ITA,DF,22-150,2003,13.0,0,5,3,60.0,0.38,0.23,0.0,0.0,0,0,big5_club
MLI,DF,34-120,1992,12.8,0,4,0,0.0,0.31,0.0,0.0,,0,0,big5_club
ALG,"MF,FW",27-322,1998,24.7,9,49,20,40.8,1.98,0.81,0.12,0.3,3,4,big5_club
CIV,FW,28-314,1997,12.1,2,27,10,37.0,2.23,0.82,0.04,0.1,1,1,big5_club
FRA,"MF,FW",28-025,1998,12.2,3,25,6,24.0,2.05,0.49,0.12,0.5,0,0,big5_club
ALG,"FW,MF",34-087,1992,0.5,0,0,0,,0.0,0.0,,,0,0,big5_club
GER,GK,35-323,1990,22.0,0,0,0,,0.0,0.0,,,0,0,big5_club
BFA,MF,23-255,2002,1.3,1,2,1,50.0,1.49,0.74,0.5,1.0,0,0,big5_club
ITA,MF,21-254,2004,6.2,3,17,10,58.8,2.76,1.62,0.18,0.3,0,0,big5_club
ZIM,MF,29-339,1996,10.8,4,19,9,47.4,1.75,0.83,0.21,0.44,0,0,big5_club
FRA,FW,29-063,1997,1.7,0,7,1,14.3,4.14,0.59,0.0,0.0,0,0,big5_club
FRA,MF,28-174,1997,21.8,0,13,6,46.2,0.6,0.28,0.0,0.0,0,0,big5_club
FRA,FW,19-114,2007,0.0,0,0,0,,0.0,0.0,,,0,0,big5_club
NGA,"MF,FW",30-319,1995,22.2,3,34,11,32.4,1.53,0.49,0.09,0.27,0,0,big5_club
SEN,DF,26-080,2000,30.2,0,10,3,30.0,0.33,0.1,0.0,0.0,0,0,big5_club
FRA,DF,20-089,2006,19.3,0,4,1,25.0,0.21,0.05,0.0,0.0,0,0,big5_club
MLI,"FW,MF",34-013,1992,0.8,1,4,2,50.0,5.0,2.5,0.25,0.5,0,0,big5_club
FRA,GK,23-109,2003,12.0,0,0,0,,0.0,0.0,,,0,0,big5_club
BRA,DF,24-036,2002,21.1,1,12,3,25.0,0.57,0.14,0.08,0.33,0,0,big5_club
FRA,MF,33-002,1993,19.8,1,27,6,22.2,1.36,0.3,0.04,0.17,0,0,big5_club
FRA,FW,32-113,1994,0.9,0,0,0,,0.0,0.0,,,0,0,big5_club
FRA,MF,18-075,2008,8.3,2,9,5,55.6,1.09,0.61,0.22,0.4,0,0,big5_club
ALG,DF,27-110,1999,12.8,1,13,4,30.8,1.01,0.31,0.08,0.25,0,0,big5_club
BEL,DF,27-356,1998,12.7,0,4,0,0.0,0.31,0.0,0.0,,0,0,big5_club
FRA,DF,34-238,1991,7.4,0,1,1,100.0,0.14,0.14,0.0,0.0,0,0,big5_club
FIN,DF,26-033,2000,3.4,0,4,1,25.0,1.17,0.29,0.0,0.0,0,0,big5_club
FRA,MF,28-327,1997,9.2,2,24,7,29.2,2.62,0.76,0.08,0.29,0,0,big5_club
FRA,FW,24-284,2001,11.3,5,30,9,30.0,2.67,0.8,0.13,0.44,1,1,big5_club
MAR,DF,27-204,1998,15.3,2,27,9,33.3,1.77,0.59,0.07,0.22,0,0,big5_club
FRA,FW,23-267,2002,19.4,11,66,30,45.5,3.41,1.55,0.17,0.37,0,0,big5_club
FRA,DF,19-127,2007,0.7,0,0,0,,0.0,0.0,,,0,0,big5_club
ESP,MF,18-135,2008,7.6,1,9,3,33.3,1.19,0.4,0.11,0.33,0,0,big5_club
FRA,"FW,MF",20-358,2005,15.0,7,55,19,34.5,3.67,1.27,0.13,0.37,0,1,big5_club
ESP,MF,30-054,1996,12.6,1,19,4,21.1,1.51,0.32,0.05,0.25,0,0,big5_club
POR,FW,24-341,2001,14.6,6,58,25,43.1,3.96,1.71,0.09,0.2,1,2,big5_club
SEN,"FW,MF",18-123,2008,11.2,3,24,10,41.7,2.15,0.89,0.13,0.3,0,0,big5_club
UKR,DF,23-268,2002,26.5,1,4,3,75.0,0.15,0.11,0.25,0.33,0,0,big5_club
POR,MF,21-242,2004,14.3,5,27,6,22.2,1.89,0.42,0.19,0.83,0,0,big5_club
GEO,FW,25-104,2001,16.4,8,65,29,44.6,3.96,1.76,0.11,0.24,1,1,big5_club
KOR,"MF,FW",25-097,2001,16.9,3,37,15,40.5,2.19,0.89,0.08,0.2,0,0,big5_club
BRA,"DF,MF",22-184,2003,17.4,2,14,4,28.6,0.8,0.23,0.14,0.5,0,0,big5_club
FRA,GK,24-202,2001,17.0,0,0,0,,0.0,0.0,,,0,0,big5_club
FRA,DF,30-102,1996,19.4,0,11,3,27.3,0.57,0.15,0.0,0.0,0,0,big5_club
BRA,DF,32-013,1994,11.7,0,3,0,0.0,0.26,0.0,0.0,,0,0,big5_club
FRA,FW,17-337,2008,0.1,0,0,0,,0.0,0.0,,,0,0,big5_club
RUS,GK,27-091,1999,15.0,0,0,0,,0.0,0.0,,,0,0,big5_club
FRA,MF,19-096,2007,0.1,0,0,0,,0.0,0.0,,,0,0,big5_club
POR,DF,23-342,2002,14.0,4,30,15,50.0,2.15,1.07,0.1,0.2,1,1,big5_club
FRA,FW,29-012,1997,11.8,10,45,18,40.0,3.81,1.52,0.18,0.44,2,3,big5_club
FRA,FW,18-144,2008,0.2,0,2,1,50.0,11.25,5.63,0.0,0.0,0,0,big5_club
FRA,MF,18-308,2007,4.0,1,9,3,33.3,2.25,0.75,0.11,0.33,0,0,big5_club
ITA,GK,19-321,2006,2.0,0,0,0,,0.0,0.0,,,0,0,big5_club
FRA,"MF,FW",20-010,2006,18.6,4,35,11,31.4,1.88,0.59,0.11,0.36,0,0,big5_club
POR,MF,26-103,2000,23.5,1,34,10,29.4,1.44,0.42,0.03,0.1,0,0,big5_club
FRA,"DF,MF",20-080,2006,27.2,3,19,7,36.8,0.7,0.26,0.16,0.43,0,0,big5_club
ECU,DF,24-223,2001,21.3,0,8,1,12.5,0.38,0.05,0.0,0.0,0,0,big5_club
MAR,DF,20-041,2006,15.6,2,13,4,30.8,0.83,0.26,0.15,0.5,0,0,big5_club
ECU,MF,18-035,2008,0.5,0,1,0,0.0,2.0,0.0,0.0,,0,0,big5_club
GHA,DF,25-357,2000,13.2,0,5,1,20.0,0.38,0.08,0.0,0.0,0,0,big5_club
FRA,DF,24-363,2001,19.2,1,9,3,33.3,0.47,0.16,0.11,0.33,0,0,big5_club
FRA,"FW,MF",27-344,1998,6.3,1,20,5,25.0,3.16,0.79,0.05,0.2,0,0,big5_club
TUR,FW,23-319,2002,0.0,0,0,0,,0.0,0.0,,,0,0,big5_club
SUI,FW,29-102,1997,20.8,9,41,18,43.9,1.97,0.87,0.22,0.5,0,0,big5_club
FRA,GK,32-032,1994,32.0,0,0,0,,0.0,0.0,,,0,0,big5_club
CMR,DF,24-251,2001,0.7,0,0,0,,0.0,0.0,,,0,0,big5_club
FRA,MF,22-116,2004,10.9,0,24,6,25.0,2.2,0.55,0.0,0.0,0,0,big5_club
FRA,FW,26-039,2000,27.9,20,84,37,44.0,3.01,1.33,0.2,0.46,3,4,big5_club
SUI,MF,24-100,2002,1.5,0,1,0,0.0,0.68,0.0,0.0,,0,0,big5_club
FIN,MF,30-211,1995,0.7,0,0,0,,0.0,0.0,,,0,0,big5_club
NED,"DF,MF",32-138,1994,0.2,0,0,0,,0.0,0.0,,,0,0,big5_club
FRA,FW,20-067,2006,0.0,0,0,0,,0.0,0.0,,,0,0,big5_club
MAR,MF,24-270,2001,0.4,0,1,0,0.0,2.57,0.0,0.0,,0,0,big5_club
FRA,DF,20-318,2005,18.6,0,11,3,27.3,0.59,0.16,0.0,0.0,0,0,big5_club
FRA,FW,18-228,2007,5.9,3,22,7,31.8,3.7,1.18,0.14,0.43,0,0,big5_club
FRA,DF,26-206,1999,25.0,0,11,2,18.2,0.44,0.08,0.0,0.0,0,0,big5_club
FRA,FW,19-076,2007,0.0,0,0,0,,0.0,0.0,,,0,0,big5_club
FRA,"MF,FW",28-147,1997,17.2,5,47,14,29.8,2.74,0.82,0.06,0.21,2,2,big5_club
CMR,DF,20-333,2005,8.9,0,13,3,23.1,1.45,0.34,0.0,0.0,0,0,big5_club
FRA,MF,27-331,1998,29.5,3,29,12,41.4,0.98,0.41,0.1,0.25,0,0,big5_club
FRA,GK,20-253,2005,2.0,0,0,0,,0.0,0.0,,,0,0,big5_club
SEN,MF,21-317,2004,0.1,0,0,0,,0.0,0.0,,,0,0,big5_club
JOR,"MF,FW",28-351,1997,24.6,6,64,23,35.9,2.6,0.94,0.09,0.26,0,0,big5_club
FRA,MF,20-104,2006,1.1,1,4,1,25.0,3.75,0.94,0.25,1.0,0,0,big5_club
POL,"MF,DF",31-045,1995,13.4,1,9,3,33.3,0.67,0.22,0.11,0.33,0,0,big5_club
FRA,"DF,MF",24-011,2002,28.1,1,26,7,26.9,0.92,0.25,0.04,0.14,0,0,big5_club
POL,MF,27-017,1999,8.6,1,12,5,41.7,1.39,0.58,0.08,0.2,0,0,big5_club
CIV,MF,31-020,1995,7.3,1,9,3,33.3,1.24,0.41,0.11,0.33,0,0,big5_club
FRA,MF,31-171,1994,30.5,2,22,10,45.5,0.72,0.33,0.09,0.2,0,0,big5_club
MAR,MF,21-093,2005,0.5,0,4,2,50.0,7.5,3.75,0.0,0.0,0,0,big5_club
ARG,DF,21-028,2005,0.2,0,0,0,,0.0,0.0,,,0,0,big5_club
CIV,DF,23-153,2002,0.0,0,0,0,,0.0,0.0,,,0,0,big5_club
FRA,"MF,DF",20-217,2005,19.6,2,27,11,40.7,1.37,0.56,0.07,0.18,0,0,big5_club
GUI,DF,20-089,2006,1.0,0,0,0,,0.0,0.0,,,0,0,big5_club
IRL,DF,23-338,2002,15.1,1,4,3,75.0,0.27,0.2,0.25,0.33,0,0,big5_club
ENG,"DF,MF",29-157,1996,17.8,0,5,3,60.0,0.28,0.17,0.0,0.0,0,0,big5_club
CIV,FW,23-156,2002,1.9,0,3,1,33.3,1.58,0.53,0.0,0.0,0,0,big5_club
BEL,MF,21-294,2004,22.6,4,29,11,37.9,1.28,0.49,0.14,0.36,0,0,big5_club
FRA,"FW,MF",23-274,2002,1.2,1,2,1,50.0,1.68,0.84,0.5,1.0,0,0,big5_club
NED,FW,23-113,2003,4.9,4,17,8,47.1,3.45,1.63,0.24,0.5,0,0,big5_club
FRA,"MF,FW",22-293,2003,6.2,0,10,2,20.0,1.62,0.32,0.0,0.0,0,0,big5_club
MAR,MF,20-186,2005,5.7,0,8,1,12.5,1.41,0.18,0.0,0.0,0,0,big5_club
CIV,"DF,MF",23-222,2002,22.9,2,12,5,41.7,0.52,0.22,0.17,0.4,0,0,big5_club
FRA,MF,18-185,2007,0.6,0,1,0,0.0,1.61,0.0,0.0,,0,0,big5_club
FRA,"DF,MF",22-307,2003,23.0,0,7,3,42.9,0.3,0.13,0.0,0.0,0,0,big5_club
FRA,FW,18-101,2008,0.0,0,0,0,,0.0,0.0,,,0,0,big5_club
ARG,FW,23-232,2002,24.4,16,58,31,53.4,2.38,1.27,0.19,0.35,5,6,big5_club
PAR,"MF,FW",22-124,2004,20.9,3,61,22,36.1,2.92,1.05,0.03,0.09,1,1,big5_club
FRA,"DF,MF",23-016,2003,4.2,0,1,0,0.0,0.24,0.0,0.0,,0,0,big5_club
SWE,GK,36-119,1990,1.0,0,0,0,,0.0,0.0,,,0,0,big5_club
ECU,"MF,FW",19-023,2007,4.7,1,10,4,40.0,2.12,0.85,0.1,0.25,0,0,big5_club
DEN,DF,19-338,2006,19.9,0,4,1,25.0,0.2,0.05,0.0,0.0,0,0,big5_club
SEN,DF,20-271,2005,14.5,0,1,0,0.0,0.07,0.0,0.0,,0,0,big5_club
CIV,MF,23-074,2003,17.6,10,41,17,41.5,2.33,0.97,0.24,0.59,0,0,big5_club
FRA,MF,20-129,2006,4.5,0,3,2,66.7,0.66,0.44,0.0,0.0,0,0,big5_club
POL,"MF,DF",21-201,2004,5.0,1,2,1,50.0,0.4,0.2,0.5,1.0,0,0,big5_club
BEL,GK,20-300,2005,33.0,0,0,0,,0.0,0.0,,,0,0,big5_club
FRA,MF,20-183,2005,0.6,0,1,0,0.0,1.76,0.0,0.0,,0,0,big5_club
POR,"MF,DF",21-098,2005,6.5,0,5,3,60.0,0.77,0.46,0.0,0.0,0,0,big5_club
MAR,MF,20-233,2005,23.6,1,12,1,8.3,0.51,0.04,0.08,1.0,0,0,big5_club
ENG,"MF,DF",19-313,2006,11.6,2,17,5,29.4,1.46,0.43,0.12,0.4,0,0,big5_club
SWE,MF,24-011,2002,11.7,7,19,11,57.9,1.63,0.94,0.37,0.64,0,0,big5_club
FRA,MF,17-014,2009,0.6,0,0,0,,0.0,0.0,,,0,0,big5_club
ARG,MF,21-308,2004,24.1,2,27,10,37.0,1.12,0.42,0.07,0.2,0,0,big5_club
SEN,FW,18-223,2007,1.7,0,2,1,50.0,1.17,0.58,0.0,0.0,0,0,big5_club
FRA,MF,18-077,2008,12.1,1,9,2,22.2,0.74,0.16,0.11,0.5,0,0,big5_club
NOR,MF,28-037,1998,26.9,4,40,14,35.0,1.49,0.52,0.03,0.07,3,3,big5_club
ENG,DF,23-283,2002,28.1,3,38,12,31.6,1.35,0.43,0.08,0.25,0,0,big5_club
VEN,MF,26-127,2000,27.7,2,26,6,23.1,0.94,0.22,0.08,0.33,0,1,big5_club
FRA,MF,20-101,2006,20.8,2,15,7,46.7,0.72,0.34,0.13,0.29,0,0,big5_club
FRA,"MF,DF",33-302,1992,23.8,3,8,5,62.5,0.34,0.21,0.25,0.4,1,2,big5_club
BRA,FW,21-315,2004,16.7,6,51,19,37.3,3.06,1.14,0.12,0.32,0,0,big5_club
GHA,MF,25-030,2001,5.8,0,6,0,0.0,1.03,0.0,0.0,,0,0,big5_club
CMR,"FW,MF",26-265,1999,13.9,5,33,12,36.4,2.37,0.86,0.15,0.42,0,1,big5_club
FRA,GK,21-077,2005,32.7,0,0,0,,0.0,0.0,,,0,0,big5_club
FRA,FW,18-041,2008,0.3,0,1,0,0.0,3.1,0.0,0.0,,0,0,big5_club
CAN,FW,23-256,2002,5.2,1,11,4,36.4,2.1,0.76,0.09,0.25,0,0,big5_club
FRA,"MF,DF",19-302,2006,2.0,0,2,0,0.0,1.0,0.0,0.0,,0,0,big5_club
ARG,MF,19-171,2006,2.2,2,8,7,87.5,3.69,3.23,0.25,0.29,0,0,big5_club
NOR,GK,27-349,1998,0.3,0,0,0,,0.0,0.0,,,0,0,big5_club
SVK,MF,22-012,2004,7.2,1,14,3,21.4,1.94,0.41,0.07,0.33,0,0,big5_club
USA,DF,27-091,1999,26.7,0,6,1,16.7,0.22,0.04,0.0,0.0,0,0,big5_club
FRA,FW,19-249,2006,0.1,0,0,0,,0.0,0.0,,,0,0,big5_club
FRA,FW,20-235,2005,2.8,0,8,3,37.5,2.81,1.05,0.0,0.0,0,0,big5_club
SEN,MF,22-265,2003,13.1,1,29,11,37.9,2.21,0.84,0.03,0.09,0,0,big5_club
FRA,MF,23-029,2003,5.6,0,0,0,,0.0,0.0,,,0,0,big5_club
DEN,DF,29-072,1997,28.5,1,15,5,33.3,0.53,0.18,0.07,0.2,0,0,big5_club
ARG,"MF,FW",21-099,2005,14.5,4,33,13,39.4,2.27,0.9,0.12,0.31,0,0,big5_club
FRA,DF,18-341,2007,4.9,1,3,1,33.3,0.61,0.2,0.33,1.0,0,0,big5_club
NOR,MF,25-197,2000,9.7,1,12,2,16.7,1.24,0.21,0.08,0.5,0,0,big5_club
FRA,"MF,FW",25-133,2001,28.9,8,57,16,28.1,1.97,0.55,0.14,0.5,0,0,big5_club
LUX,MF,20,2005,0.4,0,1,0,0.0,2.65,0.0,0.0,,0,0,big5_club
FRA,"MF,FW",27,1998,23.3,5,71,26,36.6,3.05,1.12,0.06,0.15,1,2,big5_club
GER,"MF,FW",21,2004,19.4,6,48,21,43.8,2.48,1.08,0.13,0.29,0,0,big5_club
GER,MF,26,1999,0.0,0,0,0,,0.0,0.0,,,0,0,big5_club
BRA,DF,24,2001,9.2,2,4,2,50.0,0.43,0.22,0.5,1.0,0,0,big5_club
SUI,DF,27,1998,20.2,0,12,3,25.0,0.59,0.15,0.0,0.0,0,0,big5_club
FRA,DF,23,2002,16.5,1,7,1,14.3,0.42,0.06,0.14,1.0,0,0,big5_club
GRE,MF,29,1995,21.0,2,10,6,60.0,0.48,0.29,0.2,0.33,0,0,big5_club
TUN,"MF,FW",25,1999,5.5,0,6,3,50.0,1.09,0.54,0.0,0.0,0,0,big5_club
KVX,MF,27,1997,12.4,2,11,5,45.5,0.89,0.4,0.18,0.4,0,0,big5_club
SUI,MF,23,2002,26.0,6,38,13,34.2,1.46,0.5,0.11,0.31,2,2,big5_club
GER,GK,27,1998,34.0,0,1,0,0.0,0.03,0.0,0.0,,0,0,big5_club
FRA,MF,24,2001,27.0,2,20,6,30.0,0.74,0.22,0.1,0.33,0,0,big5_club
TUN,MF,21,2004,1.0,0,3,0,0.0,2.87,0.0,0.0,,0,0,big5_club
NED,DF,34,1991,9.4,0,5,3,60.0,0.53,0.32,0.0,0.0,0,0,big5_club
GER,DF,28,1997,22.6,0,12,3,25.0,0.53,0.13,0.0,0.0,0,1,big5_club
CRO,"MF,DF",28,1997,18.4,2,18,6,33.3,0.98,0.33,0.11,0.33,0,0,big5_club
DEN,MF,28,1996,2.3,0,3,0,0.0,1.29,0.0,0.0,,0,0,big5_club
GER,MF,30,1995,11.3,1,14,5,35.7,1.24,0.44,0.07,0.2,0,0,big5_club
GER,"MF,FW",20,2005,16.3,2,41,16,39.0,2.52,0.98,0.05,0.13,0,0,big5_club
AUT,FW,31,1994,10.1,6,29,10,34.5,2.86,0.99,0.17,0.5,1,1,big5_club
USA,DF,18,2006,19.2,1,9,5,55.6,0.47,0.26,0.11,0.2,0,0,big5_club
GER,FW,28,1997,2.2,1,6,3,50.0,2.73,1.36,0.17,0.33,0,0,big5_club
GER,MF,27,1998,31.1,3,30,9,30.0,0.96,0.29,0.1,0.33,0,0,big5_club
POR,FW,20,2005,7.1,2,26,7,26.9,3.68,0.99,0.08,0.29,0,0,big5_club
COD,"MF,FW",27,1998,4.6,1,17,4,23.5,3.7,0.87,0.06,0.25,0,0,big5_club
GER,MF,17,2008,0.1,0,0,0,,0.0,0.0,,,0,0,big5_club
NGA,FW,19,2006,0.5,0,3,0,0.0,5.74,0.0,0.0,,0,0,big5_club
GER,"MF,DF",25,2000,2.8,0,0,0,,0.0,0.0,,,0,0,big5_club
GER,MF,21,2004,16.2,3,10,5,50.0,0.62,0.31,0.3,0.6,0,0,big5_club
CAN,DF,24,2000,5.8,1,4,1,25.0,0.69,0.17,0.25,1.0,0,0,big5_club
SEN,MF,17,2007,1.6,0,0,0,,0.0,0.0,,,0,0,big5_club
GER,DF,16,2009,0.0,0,0,0,,0.0,0.0,,,0,0,big5_club
POR,FW,18,2007,0.3,0,1,0,0.0,3.1,0.0,0.0,,0,0,big5_club
FRA,DF,26,1998,19.9,1,8,2,25.0,0.4,0.1,0.13,0.5,0,0,big5_club
TUR,DF,18,2007,0.1,0,0,0,,0.0,0.0,,,0,0,big5_club
GER,MF,16,2009,0.0,0,0,0,,0.0,0.0,,,0,0,big5_club
PER,MF,18,2007,0.2,0,1,0,0.0,6.43,0.0,0.0,,0,0,big5_club
ENG,"FW,MF",32,1993,26.4,36,119,67,56.3,4.51,2.54,0.22,0.39,10,11,big5_club
JPN,DF,26,1999,10.2,1,10,3,30.0,0.98,0.29,0.1,0.33,0,0,big5_club
GER,"MF,FW",22,2003,7.6,3,30,9,30.0,3.95,1.19,0.07,0.22,1,1,big5_club
SWE,FW,18,2007,0.1,0,0,0,,0.0,0.0,,,0,0,big5_club
GER,GK,21,2003,12.3,0,0,0,,0.0,0.0,,,0,0,big5_club
GER,DF,29,1996,22.4,2,8,5,62.5,0.36,0.22,0.25,0.4,0,0,big5_club
GER,MF,30,1995,25.3,2,28,10,35.7,1.11,0.39,0.07,0.2,0,0,big5_club
CRO,DF,25,2000,20.6,2,7,4,57.1,0.34,0.19,0.29,0.5,0,0,big5_club
KOR,DF,28,1996,17.8,1,5,3,60.0,0.28,0.17,0.2,0.33,0,0,big5_club
AUT,DF,28,1997,22.2,3,17,8,47.1,0.77,0.36,0.18,0.38,0,0,big5_club
GER,MF,17,2008,14.2,5,42,21,50.0,2.95,1.48,0.12,0.24,0,0,big5_club
GER,MF,30,1995,21.6,5,35,11,31.4,1.62,0.51,0.14,0.45,0,0,big5_club
COL,MF,28,1997,27.2,15,88,37,42.0,3.24,1.36,0.17,0.41,0,0,big5_club
GER,GK,39,1986,20.7,0,0,0,,0.0,0.0,,,0,0,big5_club
BRA,MF,16,2008,0.4,0,0,0,,0.0,0.0,,,0,0,big5_club
FRA,MF,23,2001,25.7,15,102,50,49.0,3.96,1.94,0.15,0.3,0,0,big5_club
SEN,FW,24,2001,11.2,8,38,21,55.3,3.4,1.88,0.21,0.38,0,0,big5_club
POR,MF,31,1993,8.7,5,12,5,41.7,1.38,0.57,0.42,1.0,0,0,big5_club
FRA,DF,24,2000,5.1,0,6,0,0.0,1.17,0.0,0.0,,0,0,big5_club
GER,MF,30,1995,13.5,8,50,17,34.0,3.69,1.26,0.16,0.47,0,0,big5_club
GER,GK,36,1988,1.0,0,0,0,,0.0,0.0,,,0,0,big5_club
GER,"DF,MF",20,2005,14.5,3,30,9,30.0,2.07,0.62,0.1,0.33,0,0,big5_club
GER,FW,16,2008,0.3,0,2,1,50.0,6.0,3.0,0.0,0.0,0,0,big5_club
ARG,DF,20,2005,4.1,1,1,1,100.0,0.24,0.24,1.0,1.0,0,0,big5_club
GER,DF,19,2006,0.2,0,1,0,0.0,5.63,0.0,0.0,,0,0,big5_club
AUT,"MF,FW",21,2003,10.2,2,18,2,11.1,1.76,0.2,0.11,1.0,0,0,big5_club
USA,FW,19,2006,0.2,0,1,0,0.0,5.29,0.0,0.0,,0,0,big5_club
SWE,MF,23,2002,27.3,2,12,4,33.3,0.44,0.15,0.17,0.5,0,0,big5_club
GER,DF,31,1994,6.9,3,5,4,80.0,0.72,0.58,0.0,0.0,3,3,big5_club
GER,MF,24,2000,24.2,2,33,7,21.2,1.36,0.29,0.06,0.29,0,1,big5_club
ITA,DF,20,2005,1.5,0,0,0,,0.0,0.0,,,0,0,big5_club
POR,"FW,MF",23,2002,9.1,2,23,8,34.8,2.53,0.88,0.09,0.25,0,0,big5_club
SUI,GK,27,1997,34.0,0,0,0,,0.0,0.0,,,0,0,big5_club
ENG,MF,19,2005,19.8,0,19,6,31.6,0.96,0.3,0.0,0.0,0,0,big5_club
GER,"MF,FW",29,1996,17.8,7,38,18,47.4,2.13,1.01,0.18,0.39,0,0,big5_club
NOR,MF,27,1997,25.2,0,12,1,8.3,0.48,0.04,0.0,0.0,0,0,big5_club
GER,"MF,FW",23,2002,13.3,7,31,14,45.2,2.33,1.05,0.23,0.5,0,0,big5_club
ITA,DF,17,2008,5.7,1,3,1,33.3,0.53,0.18,0.33,1.0,0,0,big5_club
AUT,MF,31,1994,20.2,1,20,4,20.0,0.99,0.2,0.05,0.25,0,0,big5_club
USA,FW,16,2009,0.0,0,0,0,,0.0,0.0,,,0,0,big5_club
GER,"MF,FW",22,2002,22.5,9,50,20,40.0,2.22,0.89,0.18,0.45,0,0,big5_club
GER,DF,25,1999,28.0,5,32,9,28.1,1.14,0.32,0.16,0.56,0,0,big5_club
GER,DF,29,1995,5.4,0,2,1,50.0,0.37,0.19,0.0,0.0,0,0,big5_club
GER,MF,34,1991,6.8,0,8,1,12.5,1.17,0.15,0.0,0.0,0,0,big5_club
ALG,DF,30,1995,17.0,5,17,7,41.2,1.0,0.41,0.18,0.43,2,2,big5_club
TUR,MF,27,1998,0.9,0,1,0,0.0,1.11,0.0,0.0,,0,0,big5_club
ITA,MF,17,2008,4.3,1,9,5,55.6,2.11,1.17,0.11,0.2,0,0,big5_club
GUI,FW,29,1996,26.0,17,84,40,47.6,3.23,1.54,0.19,0.4,1,3,big5_club
GER,DF,29,1996,32.0,2,16,6,37.5,0.5,0.19,0.13,0.33,0,0,big5_club
BRA,MF,23,2002,11.1,2,9,4,44.4,0.81,0.36,0.22,0.5,0,0,big5_club
GER,"MF,FW",23,2002,14.7,4,34,14,41.2,2.31,0.95,0.12,0.29,0,0,big5_club
FRA,"FW,MF",23,2002,15.7,6,30,16,53.3,1.91,1.02,0.2,0.38,0,0,big5_club
BEL,DF,25,2000,23.8,1,15,7,46.7,0.63,0.29,0.07,0.14,0,0,big5_club
SUI,DF,22,2003,18.6,0,10,2,20.0,0.54,0.11,0.0,0.0,0,0,big5_club
POR,DF,28,1997,1.6,0,1,0,0.0,0.62,0.0,0.0,,0,0,big5_club
MAR,"MF,FW",20,2004,6.5,2,12,7,58.3,1.84,1.08,0.17,0.29,0,0,big5_club
TUR,MF,19,2005,12.8,8,41,19,46.3,3.19,1.48,0.17,0.37,1,1,big5_club
GER,DF,19,2005,0.8,0,0,0,,0.0,0.0,,,0,0,big5_club
TUN,"MF,DF",30,1995,16.0,0,8,0,0.0,0.5,0.0,0.0,,0,0,big5_club
CIV,FW,22,2003,3.6,0,7,3,42.9,1.94,0.83,0.0,0.0,0,0,big5_club
ALG,MF,22,2002,19.9,2,35,9,25.7,1.76,0.45,0.06,0.22,0,0,big5_club
SWE,MF,21,2004,20.1,2,13,6,46.2,0.65,0.3,0.15,0.33,0,0,big5_club
FRA,"MF,FW",20,2005,14.8,3,29,9,31.0,1.96,0.61,0.1,0.33,0,0,big5_club
GER,FW,25,2000,0.7,0,0,0,,0.0,0.0,,,0,0,big5_club
GER,FW,25,2000,14.8,13,41,21,51.2,2.76,1.41,0.22,0.43,4,4,big5_club
BRA,GK,22,2003,12.0,0,0,0,,0.0,0.0,,,0,0,big5_club
SWE,MF,17,2008,0.7,0,0,0,,0.0,0.0,,,0,0,big5_club
GER,"MF,FW",29,1996,8.0,2,17,2,11.8,2.14,0.25,0.12,1.0,0,0,big5_club
GER,MF,33,1992,9.8,0,5,0,0.0,0.51,0.0,0.0,,0,0,big5_club
GER,GK,30,1995,22.0,0,0,0,,0.0,0.0,,,0,0,big5_club
BEL,FW,31,1993,1.5,1,5,1,20.0,3.24,0.65,0.0,0.0,1,1,big5_club
GER,"MF,DF",22,2003,29.5,4,18,9,50.0,0.61,0.3,0.22,0.44,0,0,big5_club
GER,DF,21,2004,16.7,1,4,1,25.0,0.24,0.06,0.25,1.0,0,0,big5_club
DEN,MF,20,2005,12.1,1,7,3,42.9,0.58,0.25,0.14,0.33,0,0,big5_club
DEN,"DF,MF",28,1997,17.1,2,15,6,40.0,0.88,0.35,0.13,0.33,0,0,big5_club
JPN,MF,27,1998,26.3,5,41,15,36.6,1.56,0.57,0.12,0.33,0,0,big5_club
GER,DF,29,1996,31.5,3,15,5,33.3,0.48,0.16,0.2,0.6,0,0,big5_club
USA,"DF,MF",35,1990,0.1,0,0,0,,0.0,0.0,,,0,0,big5_club
GER,FW,21,2003,1.5,1,5,2,40.0,3.38,1.35,0.2,0.5,0,0,big5_club
GER,DF,33,1991,5.8,0,1,0,0.0,0.17,0.0,0.0,,0,0,big5_club
GER,DF,32,1993,17.2,0,9,0,0.0,0.52,0.0,0.0,,0,0,big5_club
BFA,MF,20,2005,3.9,0,7,2,28.6,1.82,0.52,0.0,0.0,0,0,big5_club
GER,MF,22,2002,14.5,5,36,13,36.1,2.49,0.9,0.14,0.38,0,0,big5_club
GER,MF,23,2001,2.8,0,4,0,0.0,1.45,0.0,0.0,,0,0,big5_club
SUI,DF,19,2005,13.1,0,5,2,40.0,0.38,0.15,0.0,0.0,0,0,big5_club
CRO,FW,22,2003,17.5,11,51,19,37.3,2.92,1.09,0.2,0.53,1,2,big5_club
GER,MF,26,1999,18.9,2,24,14,58.3,1.27,0.74,0.08,0.14,0,0,big5_club
SUI,MF,19,2005,23.1,5,51,13,25.5,2.21,0.56,0.1,0.38,0,0,big5_club
FRA,DF,23,2001,13.1,0,0,0,,0.0,0.0,,,0,0,big5_club
AUT,FW,24,2001,5.0,1,8,3,37.5,1.61,0.61,0.13,0.33,0,0,big5_club
GER,"FW,MF",31,1994,22.6,3,33,15,45.5,1.46,0.66,0.09,0.2,0,0,big5_club
GER,DF,32,1992,17.6,2,19,5,26.3,1.08,0.28,0.11,0.4,0,0,big5_club
GER,DF,31,1994,31.5,3,19,7,36.8,0.6,0.22,0.16,0.43,0,0,big5_club
GER,DF,22,2003,5.5,0,1,0,0.0,0.18,0.0,0.0,,0,0,big5_club
GER,MF,28,1996,34.0,3,44,13,29.5,1.29,0.38,0.07,0.23,0,0,big5_club
GER,"FW,MF",31,1994,0.3,0,0,0,,0.0,0.0,,,0,0,big5_club
GER,MF,23,2002,0.7,0,0,0,,0.0,0.0,,,0,0,big5_club
GER,MF,35,1990,3.2,0,4,2,50.0,1.24,0.62,0.0,0.0,0,0,big5_club
GER,GK,23,2002,34.0,0,0,0,,0.0,0.0,,,0,0,big5_club
GER,MF,25,2000,13.2,1,7,2,28.6,0.53,0.15,0.14,0.5,0,0,big5_club
AUT,DF,29,1996,14.5,1,8,2,25.0,0.55,0.14,0.13,0.5,0,0,big5_club
GER,"DF,MF",24,2000,24.3,1,17,5,29.4,0.7,0.21,0.06,0.2,0,0,big5_club
SUI,FW,18,2007,0.1,0,0,0,,0.0,0.0,,,0,0,big5_club
ITA,MF,32,1993,19.0,7,30,12,40.0,1.58,0.63,0.1,0.25,4,4,big5_club
JPN,MF,23,2001,18.1,4,38,14,36.8,2.1,0.77,0.11,0.29,0,0,big5_club
ARG,FW,19,2006,0.6,0,2,0,0.0,3.4,0.0,0.0,,0,0,big5_club
KOR,MF,22,2003,17.6,3,30,12,40.0,1.7,0.68,0.1,0.25,0,0,big5_club
GER,FW,19,2006,0.1,0,0,0,,0.0,0.0,,,0,0,big5_club
ITA,DF,20,2005,7.5,0,4,1,25.0,0.53,0.13,0.0,0.0,0,0,big5_club
GER,"MF,FW",28,1997,10.3,0,22,6,27.3,2.13,0.58,0.0,0.0,0,0,big5_club
FRA,"MF,FW",28,1996,22.0,2,17,5,29.4,0.77,0.23,0.12,0.4,0,0,big5_club
USA,MF,22,2002,5.8,1,7,2,28.6,1.21,0.35,0.14,0.5,0,0,big5_club
ARM,FW,22,2003,1.3,1,4,2,50.0,3.03,1.51,0.25,0.5,0,0,big5_club
BIH,FW,31,1994,26.5,13,67,27,40.3,2.53,1.02,0.19,0.48,0,2,big5_club
SWE,"MF,FW",22,2003,6.1,1,15,4,26.7,2.45,0.65,0.07,0.25,0,0,big5_club
GER,DF,21,2004,0.4,0,0,0,,0.0,0.0,,,0,0,big5_club
USA,"DF,MF",22,2002,29.0,2,16,10,62.5,0.55,0.35,0.13,0.2,0,0,big5_club
IDN,DF,28,1996,27.4,5,23,13,56.5,0.84,0.47,0.04,0.08,4,4,big5_club
AUT,MF,31,1993,14.7,1,23,7,30.4,1.56,0.48,0.04,0.14,0,1,big5_club
JPN,DF,20,2004,3.8,0,3,2,66.7,0.79,0.53,0.0,0.0,0,0,big5_club
GER,"MF,DF",22,2003,10.4,0,2,0,0.0,0.19,0.0,0.0,,0,0,big5_club
GER,"DF,MF",21,2004,14.5,0,10,2,20.0,0.69,0.14,0.0,0.0,0,0,big5_club
GER,DF,29,1995,1.7,0,0,0,,0.0,0.0,,,0,0,big5_club
GER,GK,27,1997,34.0,0,0,0,,0.0,0.0,,,0,0,big5_club
SUI,DF,28,1996,33.0,0,9,0,0.0,0.27,0.0,0.0,,0,0,big5_club
DEN,MF,21,2003,0.5,1,1,1,100.0,2.09,2.09,1.0,1.0,0,0,big5_club
GER,"DF,MF",27,1998,27.2,2,25,8,32.0,0.92,0.29,0.08,0.25,0,0,big5_club
GER,MF,26,1998,3.6,1,11,4,36.4,3.09,1.13,0.09,0.25,0,0,big5_club
GER,MF,23,2002,29.2,0,47,14,29.8,1.61,0.48,0.0,0.0,0,0,big5_club
JPN,"FW,MF",25,1999,12.0,3,25,11,44.0,2.09,0.92,0.12,0.27,0,0,big5_club
GER,FW,29,1995,0.1,0,0,0,,0.0,0.0,,,0,0,big5_club
GER,"MF,FW",16,2008,6.1,2,11,5,45.5,1.79,0.82,0.18,0.4,0,0,big5_club
GER,MF,24,2001,27.6,2,21,5,23.8,0.76,0.18,0.1,0.4,0,0,big5_club
FRA,"MF,DF",20,2005,1.5,0,0,0,,0.0,0.0,,,0,0,big5_club
DEN,MF,24,2001,5.5,1,8,4,50.0,1.46,0.73,0.13,0.25,0,0,big5_club
BEL,MF,25,1999,19.0,5,19,11,57.9,1.0,0.58,0.26,0.45,0,0,big5_club
NOR,"FW,MF",18,2007,3.6,0,2,2,100.0,0.56,0.56,0.0,0.0,0,0,big5_club
GAM,MF,27,1998,10.1,1,11,4,36.4,1.09,0.4,0.09,0.25,0,0,big5_club
USA,FW,21,2004,6.0,0,7,4,57.1,1.18,0.67,0.0,0.0,0,0,big5_club
LBY,DF,28,1997,13.9,0,4,1,25.0,0.29,0.07,0.0,0.0,0,0,big5_club
POR,GK,32,1992,33.0,0,1,0,0.0,0.03,0.0,0.0,,0,0,big5_club
KVX,FW,26,1998,1.3,0,0,0,,0.0,0.0,,,0,0,big5_club
POR,"FW,MF",20,2005,5.0,1,9,4,44.4,1.81,0.8,0.11,0.25,0,0,big5_club
POR,"MF,FW",25,2000,24.5,7,59,19,32.2,2.41,0.78,0.1,0.32,1,1,big5_club
GEO,MF,24,2001,10.4,0,14,2,14.3,1.34,0.19,0.0,0.0,0,0,big5_club
POR,DF,27,1997,0.5,0,1,1,100.0,1.87,1.87,0.0,0.0,0,0,big5_club
SUR,"FW,MF",24,2001,0.4,0,1,0,0.0,2.57,0.0,0.0,,0,0,big5_club
FRA,"FW,MF",29,1995,12.6,3,25,12,48.0,1.98,0.95,0.08,0.17,1,1,big5_club
GER,MF,30,1994,1.6,0,0,0,,0.0,0.0,,,0,0,big5_club
GER,DF,27,1997,21.8,0,5,1,20.0,0.23,0.05,0.0,0.0,0,0,big5_club
GER,DF,15,2009,0.0,0,0,0,,0.0,0.0,,,0,0,big5_club
CRO,DF,18,2007,27.1,6,32,10,31.3,1.18,0.37,0.16,0.5,1,1,big5_club
SUI,"MF,DF",27,1998,27.1,0,24,7,29.2,0.89,0.26,0.0,0.0,0,0,big5_club
GER,MF,25,2000,32.0,0,17,8,47.1,0.53,0.25,0.0,0.0,0,0,big5_club
ARG,"DF,MF",26,1998,22.2,1,22,6,27.3,0.99,0.27,0.05,0.17,0,0,big5_club
GER,FW,18,2007,3.3,0,9,1,11.1,2.76,0.31,0.0,0.0,0,0,big5_club
NGA,"MF,FW",26,1999,5.2,1,7,3,42.9,1.34,0.57,0.14,0.33,0,0,big5_club
GHA,"FW,MF",23,2001,25.9,5,65,22,33.8,2.51,0.85,0.08,0.23,0,1,big5_club
FRA,"FW,MF",24,2000,14.3,5,39,16,41.0,2.73,1.12,0.13,0.31,0,1,big5_club
GER,FW,31,1994,6.8,3,16,7,43.8,2.35,1.03,0.13,0.29,1,1,big5_club
NOR,GK,22,2002,1.0,0,0,0,,0.0,0.0,,,0,0,big5_club
GER,DF,18,2007,0.2,0,0,0,,0.0,0.0,,,0,0,big5_club
COM,DF,25,2000,17.8,0,3,1,33.3,0.17,0.06,0.0,0.0,0,0,big5_club
FRA,"MF,DF",21,2004,15.2,0,12,6,50.0,0.79,0.39,0.0,0.0,0,0,big5_club
DEN,FW,31,1994,3.7,1,7,3,42.9,1.89,0.81,0.14,0.33,0,0,big5_club
GER,DF,19,2006,1.0,1,2,1,50.0,1.94,0.97,0.5,1.0,0,0,big5_club
GER,MF,28,1997,9.6,1,11,4,36.4,1.14,0.41,0.09,0.25,0,0,big5_club
GER,"MF,FW",19,2005,24.1,2,47,19,40.4,1.95,0.79,0.02,0.05,1,1,big5_club
GER,DF,28,1997,16.0,0,4,1,25.0,0.25,0.06,0.0,0.0,0,0,big5_club
GEO,FW,31,1994,12.7,6,28,14,50.0,2.21,1.1,0.21,0.43,0,0,big5_club
GER,"MF,FW",25,1999,4.5,0,3,0,0.0,0.67,0.0,0.0,,0,0,big5_club
GER,GK,23,2001,31.0,0,0,0,,0.0,0.0,,,0,0,big5_club
GER,"MF,FW",23,2001,12.6,3,25,9,36.0,1.99,0.72,0.12,0.33,0,0,big5_club
GER,GK,21,2004,3.0,0,0,0,,0.0,0.0,,,0,0,big5_club
GER,"DF,MF",20,2005,14.6,1,9,4,44.4,0.61,0.27,0.11,0.25,0,0,big5_club
GER,MF,26,1999,25.0,3,25,7,28.0,1.0,0.28,0.12,0.43,0,0,big5_club
GER,"DF,MF",29,1996,25.8,1,6,1,16.7,0.23,0.04,0.17,1.0,0,0,big5_club
GER,MF,24,2001,15.4,3,18,5,27.8,1.17,0.33,0.17,0.6,0,0,big5_club
KVX,DF,30,1994,0.1,0,0,0,,0.0,0.0,,,0,0,big5_club
SUI,DF,23,2002,2.3,0,1,0,0.0,0.44,0.0,0.0,,0,0,big5_club
GER,MF,23,2002,7.6,2,9,3,33.3,1.19,0.4,0.22,0.67,0,0,big5_club
BRA,MF,26,1998,2.0,1,4,1,25.0,2.0,0.5,0.25,1.0,0,0,big5_club
GER,"DF,MF",30,1994,21.3,1,12,3,25.0,0.56,0.14,0.08,0.33,0,0,big5_club
GER,"FW,MF",25,1999,18.3,4,32,8,25.0,1.75,0.44,0.09,0.38,1,1,big5_club
AUT,"MF,FW",28,1996,13.9,2,31,8,25.8,2.23,0.58,0.06,0.25,0,0,big5_club
DEN,FW,24,2001,6.0,1,11,3,27.3,1.84,0.5,0.09,0.33,0,0,big5_club
GER,MF,27,1998,25.1,0,14,3,21.4,0.56,0.12,0.0,0.0,0,0,big5_club
GER,"DF,MF",27,1998,16.7,0,10,2,20.0,0.6,0.12,0.0,0.0,0,0,big5_club
GER,DF,30,1994,34.0,2,37,9,24.3,1.09,0.26,0.05,0.22,0,0,big5_club
GER,"MF,FW",29,1996,6.9,2,10,3,30.0,1.44,0.43,0.2,0.67,0,0,big5_club
GER,FW,31,1994,9.1,5,32,12,37.5,3.51,1.32,0.16,0.42,0,0,big5_club
GER,DF,25,1999,2.1,0,2,0,0.0,0.96,0.0,0.0,,0,0,big5_club
GER,DF,25,2000,12.0,0,5,3,60.0,0.42,0.25,0.0,0.0,0,0,big5_club
GER,FW,18,2007,0.0,0,0,0,,0.0,0.0,,,0,0,big5_club
GER,FW,18,2007,0.5,0,1,0,0.0,1.84,0.0,0.0,,0,0,big5_club
CZE,"FW,MF",23,2002,0.5,0,3,1,33.3,6.59,2.2,0.0,0.0,0,0,big5_club
KVX,DF,22,2003,27.0,1,19,4,21.1,0.7,0.15,0.05,0.25,0,0,big5_club
AUT,MF,24,2001,14.5,3,18,11,61.1,1.24,0.76,0.17,0.27,0,0,big5_club
CRO,"MF,FW",34,1991,24.5,14,64,33,51.6,2.61,1.35,0.14,0.27,5,5,big5_club
BRA,DF,24,2001,2.7,0,1,0,0.0,0.37,0.0,0.0,,0,0,big5_club
CIV,"MF,FW",19,2006,25.6,5,48,13,27.1,1.87,0.51,0.1,0.38,0,0,big5_club
BRA,DF,30,1995,25.7,0,10,0,0.0,0.39,0.0,0.0,,0,0,big5_club
USA,FW,19,2006,0.9,0,1,0,0.0,1.14,0.0,0.0,,0,0,big5_club
KVX,"FW,MF",22,2002,25.9,10,73,28,38.4,2.81,1.08,0.14,0.36,0,0,big5_club
GER,MF,30,1995,19.5,7,43,14,32.6,2.2,0.72,0.16,0.5,0,0,big5_club
TOG,"FW,MF",31,1994,2.1,0,5,2,40.0,2.37,0.95,0.0,0.0,0,0,big5_club
NGA,DF,30,1995,0.7,0,0,0,,0.0,0.0,,,0,0,big5_club
JPN,DF,27,1997,0.5,0,0,0,,0.0,0.0,,,0,0,big5_club
KVX,MF,21,2004,31.5,0,14,2,14.3,0.44,0.06,0.0,0.0,0,0,big5_club
SRB,MF,22,2003,0.1,0,0,0,,0.0,0.0,,,0,0,big5_club
GER,FW,19,2006,4.7,2,6,4,66.7,1.29,0.86,0.33,0.5,0,0,big5_club
GER,"MF,FW",21,2004,3.1,0,12,8,66.7,3.9,2.6,0.0,0.0,0,0,big5_club
GER,GK,35,1990,34.0,0,0,0,,0.0,0.0,,,0,0,big5_club
TUR,DF,25,2000,19.5,4,35,12,34.3,1.8,0.62,0.11,0.33,0,0,big5_club
CZE,DF,25,2000,25.0,1,8,3,37.5,0.32,0.12,0.13,0.33,0,0,big5_club
GER,FW,23,2002,21.6,8,53,21,39.6,2.45,0.97,0.13,0.33,1,1,big5_club
GER,MF,20,2004,1.5,0,2,0,0.0,1.32,0.0,0.0,,0,0,big5_club
FRA,DF,25,2000,0.7,1,2,1,50.0,3.05,1.53,0.5,1.0,0,0,big5_club
CZE,"DF,MF",32,1992,33.5,1,26,6,23.1,0.78,0.18,0.04,0.17,0,0,big5_club
NED,MF,24,2001,27.0,4,36,13,36.1,1.33,0.48,0.11,0.31,0,0,big5_club
CZE,FW,19,2006,0.0,0,0,0,,0.0,0.0,,,0,0,big5_club
BEL,"MF,DF",28,1997,7.5,1,8,1,12.5,1.07,0.13,0.13,1.0,0,0,big5_club
TUR,DF,24,2000,19.9,0,11,4,36.4,0.55,0.2,0.0,0.0,0,0,big5_club
GER,DF,18,2007,0.8,0,0,0,,0.0,0.0,,,0,0,big5_club
BIH,MF,24,2001,8.1,0,6,0,0.0,0.74,0.0,0.0,,0,0,big5_club
GER,DF,31,1993,4.2,0,0,0,,0.0,0.0,,,0,0,big5_club
GER,"MF,DF",23,2002,28.4,2,23,4,17.4,0.81,0.14,0.09,0.5,0,0,big5_club
PER,MF,18,2007,1.1,0,5,1,20.0,4.41,0.88,0.0,0.0,0,0,big5_club
AUT,MF,32,1992,3.1,1,8,4,50.0,2.58,1.29,0.13,0.25,0,0,big5_club
GER,FW,17,2007,1.1,0,1,0,0.0,0.9,0.0,0.0,,0,0,big5_club
ENG,DF,19,2005,9.6,0,6,3,50.0,0.63,0.31,0.0,0.0,0,0,big5_club
POL,"MF,FW",23,2002,33.5,7,62,25,40.3,1.85,0.75,0.11,0.28,0,0,big5_club
GER,"MF,FW",23,2002,17.1,3,27,10,37.0,1.58,0.58,0.11,0.3,0,0,big5_club
SUI,DF,26,1998,12.0,0,5,0,0.0,0.42,0.0,0.0,,0,0,big5_club
BIH,DF,25,2000,0.3,0,0,0,,0.0,0.0,,,0,0,big5_club
USA,"DF,MF",23,2002,25.3,0,20,3,15.0,0.79,0.12,0.0,0.0,0,0,big5_club
GER,"MF,FW",26,1999,11.4,2,20,8,40.0,1.76,0.7,0.1,0.25,0,0,big5_club
GER,"FW,MF",29,1996,7.5,5,26,13,50.0,3.46,1.73,0.12,0.23,2,2,big5_club
GER,"FW,MF",32,1993,17.7,5,42,17,40.5,2.37,0.96,0.12,0.29,0,0,big5_club
GER,GK,30,1995,34.0,0,0,0,,0.0,0.0,,,0,0,big5_club
GER,FW,27,1998,19.1,7,52,22,42.3,2.72,1.15,0.13,0.32,0,0,big5_club
NED,DF,21,2004,12.6,0,1,0,0.0,0.08,0.0,0.0,,0,0,big5_club
GER,"FW,MF",18,2006,21.7,13,74,30,40.5,3.4,1.38,0.16,0.4,1,1,big5_club
NOR,"DF,MF",25,2000,27.8,0,31,5,16.1,1.12,0.18,0.0,0.0,0,0,big5_club
GER,DF,29,1996,7.5,0,0,0,,0.0,0.0,,,0,0,big5_club
GER,"MF,DF",24,2001,19.8,0,9,2,22.2,0.46,0.1,0.0,0.0,0,0,big5_club
GER,MF,19,2006,2.2,0,5,1,20.0,2.32,0.46,0.0,0.0,0,0,big5_club
ISL,MF,22,2003,20.1,1,14,5,35.7,0.7,0.25,0.07,0.2,0,0,big5_club
ESP,MF,28,1997,29.6,3,30,5,16.7,1.01,0.17,0.1,0.6,0,0,big5_club
ARG,FW,19,2006,0.8,0,2,0,0.0,2.43,0.0,0.0,,0,0,big5_club
BRA,MF,22,2003,12.6,1,10,2,20.0,0.79,0.16,0.1,0.5,0,0,big5_club
FRA,"MF,DF",17,2007,2.5,0,3,1,33.3,1.22,0.41,0.0,0.0,0,0,big5_club
CMR,FW,19,2006,13.8,5,46,19,41.3,3.34,1.38,0.11,0.26,0,0,big5_club
ARG,MF,19,2006,1.5,0,1,0,0.0,0.67,0.0,0.0,,0,0,big5_club
BFA,DF,26,1999,28.6,5,29,10,34.5,1.01,0.35,0.17,0.5,0,0,big5_club
MAR,MF,20,2005,2.8,0,5,2,40.0,1.79,0.71,0.0,0.0,0,0,big5_club
NED,MF,21,2004,16.5,5,27,9,33.3,1.64,0.55,0.19,0.56,0,0,big5_club
ARG,MF,26,1998,12.2,0,10,2,20.0,0.82,0.16,0.0,0.0,0,0,big5_club
ARG,MF,23,2002,10.9,0,11,1,9.1,1.01,0.09,0.0,0.0,0,0,big5_club
ALG,MF,19,2005,20.5,3,54,17,31.5,2.63,0.83,0.06,0.18,0,0,big5_club
GER,GK,34,1991,10.3,0,0,0,,0.0,0.0,,,0,0,big5_club
ENG,DF,22,2003,25.5,4,18,8,44.4,0.7,0.31,0.22,0.5,0,0,big5_club
FRA,DF,20,2005,3.2,0,1,0,0.0,0.31,0.0,0.0,,0,0,big5_club
GER,MF,33,1992,11.3,2,23,7,30.4,2.04,0.62,0.09,0.29,0,0,big5_club
FRA,DF,25,2000,18.4,0,12,4,33.3,0.65,0.22,0.0,0.0,0,0,big5_club
ESP,MF,34,1991,5.3,1,4,1,25.0,0.75,0.19,0.25,1.0,0,0,big5_club
USA,MF,23,2002,18.6,6,34,13,38.2,1.83,0.7,0.18,0.46,0,0,big5_club
NED,GK,32,1993,23.7,0,0,0,,0.0,0.0,,,0,0,big5_club
FRA,"MF,FW",28,1997,7.5,4,17,6,35.3,2.27,0.8,0.24,0.67,0,0,big5_club
GER,"MF,DF",17,2007,8.2,1,8,2,25.0,0.98,0.24,0.13,0.5,0,0,big5_club
NGA,MF,26,1999,9.6,1,24,8,33.3,2.49,0.83,0.04,0.13,0,0,big5_club
CZE,FW,29,1996,22.1,16,72,34,47.2,3.26,1.54,0.17,0.35,4,5,big5_club
ECU,DF,23,2002,1.0,0,2,1,50.0,2.0,1.0,0.0,0.0,0,0,big5_club
GER,"DF,MF",30,1994,28.3,2,12,3,25.0,0.42,0.11,0.17,0.67,0,0,big5_club
GER,DF,21,2003,0.2,0,0,0,,0.0,0.0,,,0,0,big5_club
ESP,MF,29,1995,28.0,8,61,21,34.4,2.18,0.75,0.08,0.24,3,3,big5_club
NOR,DF,28,1997,9.5,0,6,3,50.0,0.63,0.32,0.0,0.0,0,0,big5_club
FRA,MF,28,1997,5.8,0,6,0,0.0,1.04,0.0,0.0,,0,0,big5_club
GER,FW,22,2003,6.1,2,18,6,33.3,2.96,0.99,0.11,0.33,0,0,big5_club
FRA,"MF,FW",27,1998,5.2,0,13,2,15.4,2.49,0.38,0.0,0.0,0,0,big5_club
GER,"FW,MF",22,2003,0.1,0,0,0,,0.0,0.0,,,0,0,big5_club
GER,"FW,MF",24,2001,9.7,1,22,6,27.3,2.27,0.62,0.05,0.17,0,0,big5_club
GER,GK,34,1991,21.0,0,0,0,,0.0,0.0,,,0,0,big5_club
GER,"DF,MF",32,1993,29.9,2,14,5,35.7,0.47,0.17,0.14,0.4,0,0,big5_club
GER,DF,31,1994,26.0,2,15,4,26.7,0.58,0.15,0.13,0.5,0,0,big5_club
GER,FW,25,2000,0.9,0,1,0,0.0,1.17,0.0,0.0,,0,0,big5_club
POL,DF,17,2007,11.8,1,14,5,35.7,1.18,0.42,0.07,0.2,0,0,big5_club
JPN,MF,24,2000,34.0,1,24,6,25.0,0.71,0.18,0.04,0.17,0,0,big5_club
GER,GK,24,2001,3.2,0,0,0,,0.0,0.0,,,0,0,big5_club
KOR,"MF,FW",32,1992,24.3,4,30,9,30.0,1.24,0.37,0.13,0.44,0,0,big5_club
USA,"DF,MF",25,1999,5.4,0,5,1,20.0,0.93,0.19,0.0,0.0,0,0,big5_club
GER,DF,27,1998,1.8,0,1,0,0.0,0.56,0.0,0.0,,0,0,big5_club
GER,MF,28,1996,23.1,12,54,22,40.7,2.33,0.95,0.07,0.18,8,8,big5_club
GER,FW,20,2005,6.2,0,13,6,46.2,2.1,0.97,0.0,0.0,0,0,big5_club
AUT,"MF,DF",22,2003,7.3,0,4,1,25.0,0.55,0.14,0.0,0.0,0,0,big5_club
GER,MF,22,2002,23.0,5,32,8,25.0,1.39,0.35,0.16,0.63,0,0,big5_club
GER,FW,28,1997,17.9,5,46,21,45.7,2.57,1.17,0.11,0.24,0,1,big5_club
AUT,MF,31,1994,23.0,1,10,2,20.0,0.43,0.09,0.1,0.5,0,0,big5_club
GER,GK,30,1994,9.7,0,0,0,,0.0,0.0,,,0,0,big5_club
SUR,FW,30,1995,10.5,3,29,15,51.7,2.76,1.43,0.1,0.2,0,0,big5_club
COD,FW,26,1998,3.7,1,8,7,87.5,2.16,1.89,0.13,0.14,0,0,big5_club
SUI,MF,32,1993,20.1,2,20,4,20.0,0.99,0.2,0.1,0.5,0,0,big5_club
JPN,"MF,DF",24,2001,3.4,0,1,0,0.0,0.29,0.0,0.0,,0,0,big5_club
GER,DF,33,1991,11.5,2,12,5,41.7,1.04,0.43,0.17,0.4,0,0,big5_club
AUT,DF,28,1997,15.5,0,11,3,27.3,0.71,0.19,0.0,0.0,0,0,big5_club
DEN,MF,22,2003,2.5,0,1,0,0.0,0.4,0.0,0.0,,0,0,big5_club
SRB,FW,18,2007,1.0,0,2,0,0.0,1.94,0.0,0.0,,0,0,big5_club
NOR,"FW,MF",20,2005,22.5,4,61,20,32.8,2.71,0.89,0.07,0.2,0,0,big5_club
GER,MF,19,2006,10.5,4,27,13,48.1,2.56,1.23,0.15,0.31,0,0,big5_club
GER,DF,28,1997,3.4,1,4,2,50.0,1.18,0.59,0.25,0.5,0,0,big5_club
GER,"MF,FW",21,2004,8.4,3,22,10,45.5,2.63,1.2,0.14,0.3,0,0,big5_club
FRA,DF,22,2002,24.2,1,8,2,25.0,0.33,0.08,0.13,0.5,0,0,big5_club
AUT,MF,25,1999,30.9,13,81,35,43.2,2.62,1.13,0.16,0.37,0,1,big5_club
DEN,FW,20,2005,10.4,3,42,13,31.0,4.06,1.26,0.07,0.23,0,0,big5_club
GER,DF,27,1998,28.4,3,24,8,33.3,0.85,0.28,0.08,0.25,1,1,big5_club
FRA,DF,20,2005,7.3,0,2,0,0.0,0.27,0.0,0.0,,0,0,big5_club
NED,MF,20,2005,6.6,0,15,4,26.7,2.26,0.6,0.0,0.0,0,0,big5_club
BEL,"FW,MF",22,2003,8.6,2,24,9,37.5,2.78,1.04,0.08,0.22,0,0,big5_club
SVN,MF,34,1990,0.0,0,0,0,,0.0,0.0,,,0,0,big5_club
SRB,DF,19,2005,2.8,0,0,0,,0.0,0.0,,,0,0,big5_club
BEL,FW,25,2000,0.6,0,3,0,0.0,5.29,0.0,0.0,,0,0,big5_club
GER,DF,29,1996,1.1,0,2,1,50.0,1.89,0.95,0.0,0.0,0,0,big5_club
BEL,GK,23,2002,11.7,0,0,0,,0.0,0.0,,,0,0,big5_club
GER,DF,21,2004,5.6,1,4,2,50.0,0.71,0.36,0.25,0.5,0,0,big5_club
AUT,MF,24,2001,29.9,0,20,7,35.0,0.67,0.23,0.0,0.0,0,0,big5_club
HUN,GK,35,1990,22.3,0,0,0,,0.0,0.0,,,0,0,big5_club
GER,DF,27,1998,27.8,2,30,6,20.0,1.08,0.22,0.07,0.33,0,0,big5_club
BRA,FW,23,2002,24.3,9,63,27,42.9,2.59,1.11,0.14,0.33,0,1,big5_club
FRA,FW,16,2009,0.0,0,1,0,0.0,22.5,0.0,0.0,,0,0,big5_club
FRA,FW,18,2006,3.9,1,9,3,33.3,2.33,0.78,0.11,0.33,0,0,big5_club
GER,"FW,MF",29,1996,0.2,0,0,0,,0.0,0.0,,,0,0,big5_club
HUN,DF,32,1992,32.8,2,20,9,45.0,0.61,0.27,0.1,0.22,0,0,big5_club
AUT,MF,27,1997,20.4,3,21,7,33.3,1.03,0.34,0.14,0.43,0,0,big5_club
NED,MF,22,2003,1.0,0,0,0,,0.0,0.0,,,0,0,big5_club
CIV,"FW,MF",18,2006,27.5,12,53,26,49.1,1.93,0.95,0.23,0.46,0,0,big5_club
GAM,FW,21,2004,3.7,3,11,4,36.4,2.95,1.07,0.27,0.75,0,0,big5_club
POL,DF,29,1995,14.3,1,4,2,50.0,0.28,0.14,0.25,0.5,0,0,big5_club
BEN,FW,23,2002,11.9,4,21,13,61.9,1.77,1.1,0.19,0.31,0,1,big5_club
POL,MF,22,2002,28.6,0,19,3,15.8,0.66,0.1,0.0,0.0,0,0,big5_club
AUS,"MF,FW",25,1999,6.6,0,16,4,25.0,2.43,0.61,0.0,0.0,0,0,big5_club
LUX,"MF,FW",28,1997,23.0,5,49,18,36.7,2.13,0.78,0.04,0.11,3,3,big5_club
ENG,MF,27,1997,1.7,0,4,2,50.0,2.4,1.2,0.0,0.0,0,0,big5_club
SWE,"DF,MF",28,1997,25.7,2,12,5,41.7,0.47,0.19,0.17,0.4,0,0,big5_club
WAL,DF,22,2003,0.3,0,0,0,,0.0,0.0,,,0,0,big5_club
GER,DF,31,1994,28.8,2,10,4,40.0,0.35,0.14,0.2,0.5,0,0,big5_club
AUS,MF,32,1993,18.0,0,19,4,21.1,1.05,0.22,0.0,0.0,0,0,big5_club
USA,MF,25,2000,21.5,1,16,4,25.0,0.74,0.19,0.06,0.25,0,0,big5_club
JPN,MF,23,2002,29.6,1,32,7,21.9,1.08,0.24,0.03,0.14,0,0,big5_club
EST,DF,32,1993,21.5,1,7,1,14.3,0.33,0.05,0.14,1.0,0,0,big5_club
GER,"MF,DF",27,1998,10.7,0,4,1,25.0,0.37,0.09,0.0,0.0,0,0,big5_club
GER,MF,23,2002,18.0,1,15,4,26.7,0.83,0.22,0.07,0.25,0,0,big5_club
GRE,MF,28,1996,12.3,1,16,3,18.8,1.3,0.24,0.06,0.33,0,0,big5_club
NED,FW,26,1999,15.0,3,23,10,43.5,1.54,0.67,0.09,0.2,1,1,big5_club
POR,"MF,FW",28,1996,22.4,2,43,15,34.9,1.92,0.67,0.05,0.13,0,0,big5_club
NOR,MF,27,1997,7.7,0,6,2,33.3,0.78,0.26,0.0,0.0,0,0,big5_club
BIH,GK,29,1995,34.0,0,0,0,,0.0,0.0,,,0,0,big5_club
ENG,FW,24,2001,3.9,2,11,6,54.5,2.82,1.54,0.18,0.33,0,0,big5_club
JPN,FW,26,1999,0.3,0,1,0,0.0,3.33,0.0,0.0,,0,0,big5_club
JPN,DF,26,1999,14.0,0,8,2,25.0,0.57,0.14,0.0,0.0,0,0,big5_club
GER,GK,28,1996,34.0,0,0,0,,0.0,0.0,,,0,0,big5_club
BEL,DF,23,2002,4.2,0,1,0,0.0,0.24,0.0,0.0,,0,0,big5_club
GER,MF,24,2001,30.5,2,17,8,47.1,0.56,0.26,0.12,0.25,0,1,big5_club
TUR,MF,28,1996,20.9,0,7,2,28.6,0.33,0.1,0.0,0.0,0,0,big5_club
ALG,MF,20,2004,5.1,0,16,4,25.0,3.11,0.78,0.0,0.0,0,0,big5_club
MAR,"MF,FW",21,2004,18.1,4,42,15,35.7,2.32,0.83,0.1,0.27,0,0,big5_club
ESP,MF,20,2005,14.6,3,15,6,40.0,1.03,0.41,0.2,0.5,0,0,big5_club
GER,MF,27,1998,18.9,7,45,23,51.1,2.39,1.22,0.16,0.3,0,0,big5_club
FRA,DF,26,1999,2.3,0,6,1,16.7,2.58,0.43,0.0,0.0,0,0,big5_club
GER,"FW,MF",29,1996,24.9,19,124,46,37.1,4.98,1.85,0.15,0.41,0,1,big5_club
BIH,FW,27,1998,16.6,12,41,22,53.7,2.46,1.32,0.27,0.5,1,1,big5_club
GER,DF,19,2006,16.8,0,3,0,0.0,0.18,0.0,0.0,,0,0,big5_club
GER,MF,24,2001,26.3,7,49,18,36.7,1.86,0.68,0.14,0.39,0,0,big5_club
ECU,FW,20,2005,0.4,0,3,1,33.3,7.11,2.37,0.0,0.0,0,0,big5_club
GER,"DF,MF",24,2000,17.6,1,19,11,57.9,1.08,0.62,0.05,0.09,0,0,big5_club
GER,DF,27,1998,25.5,0,18,7,38.9,0.71,0.27,0.0,0.0,0,0,big5_club
SRB,FW,18,2006,0.4,0,1,0,0.0,2.25,0.0,0.0,,0,0,big5_club
SUI,DF,23,2002,0.0,0,0,0,,0.0,0.0,,,0,0,big5_club
TOG,"DF,MF",25,2000,12.2,0,12,4,33.3,0.99,0.33,0.0,0.0,0,0,big5_club
SUI,DF,22,2003,10.0,0,4,0,0.0,0.4,0.0,0.0,,0,0,big5_club
GER,"DF,MF",28,1997,24.3,6,31,16,51.6,1.28,0.66,0.06,0.13,4,4,big5_club
GER,MF,23,2002,1.0,0,0,0,,0.0,0.0,,,0,0,big5_club
DEN,MF,25,2000,14.0,4,22,12,54.5,1.58,0.86,0.18,0.33,0,0,big5_club
GER,MF,29,1996,1.2,0,3,1,33.3,2.55,0.85,0.0,0.0,0,0,big5_club
NED,DF,24,2001,22.5,0,5,0,0.0,0.22,0.0,0.0,,0,0,big5_club
POR,"MF,FW",23,2002,11.3,5,35,10,28.6,3.09,0.88,0.14,0.5,0,0,big5_club
CZE,MF,27,1998,5.1,0,7,3,42.9,1.37,0.59,0.0,0.0,0,0,big5_club
GER,MF,20,2004,21.8,0,17,2,11.8,0.78,0.09,0.0,0.0,0,0,big5_club
SRB,FW,25,2000,25.1,5,71,26,36.6,2.83,1.04,0.07,0.19,0,1,big5_club
HUN,MF,26,1999,15.8,2,27,10,37.0,1.71,0.63,0.07,0.2,0,0,big5_club
GER,GK,31,1994,3.7,0,0,0,,0.0,0.0,,,0,0,big5_club
AUT,"MF,DF",38,1987,20.7,0,5,1,20.0,0.24,0.05,0.0,0.0,0,0,big5_club
NED,DF,27,1998,34.0,5,45,11,24.4,1.32,0.32,0.11,0.45,0,0,big5_club
GHA,"MF,DF",26,1999,21.1,1,28,5,17.9,1.33,0.24,0.0,0.0,1,1,big5_club
POR,DF,26,1999,21.8,0,10,1,10.0,0.46,0.05,0.0,0.0,0,0,big5_club
UKR,MF,18,2007,0.1,0,3,1,33.3,45.0,15.0,0.0,0.0,0,0,big5_club
DEN,GK,32,1992,29.3,0,0,0,,0.0,0.0,,,0,0,big5_club
GER,"MF,FW",20,2004,21.0,5,33,12,36.4,1.57,0.57,0.15,0.42,0,0,big5_club
GER,MF,31,1994,18.3,0,11,1,9.1,0.6,0.05,0.0,0.0,0,0,big5_club
KOR,"MF,FW",25,1999,13.3,4,22,8,36.4,1.65,0.6,0.18,0.5,0,0,big5_club
CRO,MF,29,1995,3.7,1,4,1,25.0,1.09,0.27,0.25,1.0,0,0,big5_club
AUT,DF,21,2003,30.1,3,29,10,34.5,0.96,0.33,0.03,0.1,2,3,big5_club
GER,MF,15,2010,0.1,0,0,0,,0.0,0.0,,,0,0,big5_club
TUR,"MF,FW",20,2004,7.2,1,16,3,18.8,2.21,0.41,0.06,0.33,0,0,big5_club
CRO,FW,23,2002,0.2,2,2,2,100.0,8.18,8.18,1.0,1.0,0,0,big5_club
GER,GK,26,1998,1.0,0,0,0,,0.0,0.0,,,0,0,big5_club
SCO,"FW,MF",28,1997,18.5,6,34,15,44.1,1.84,0.81,0.18,0.4,0,0,big5_club
TUN,MF,31,1994,31.4,5,23,10,43.5,0.73,0.32,0.22,0.5,0,0,big5_club
DEN,"DF,MF",29,1996,2.4,0,1,0,0.0,0.41,0.0,0.0,,0,0,big5_club
FRA,"DF,MF",26,1999,9.1,1,3,1,33.3,0.33,0.11,0.33,1.0,0,0,big5_club
GER,"MF,FW",28,1996,6.9,1,14,5,35.7,2.02,0.72,0.07,0.2,0,0,big5_club
GER,"MF,DF",20,2004,11.4,2,19,5,26.3,1.66,0.44,0.11,0.4,0,0,big5_club
GER,DF,18,2007,23.6,1,6,1,16.7,0.25,0.04,0.17,1.0,0,0,big5_club
GER,DF,27,1998,16.7,0,8,2,25.0,0.48,0.12,0.0,0.0,0,0,big5_club
SUI,MF,26,1998,20.5,1,37,8,21.6,1.8,0.39,0.03,0.13,0,0,big5_club
NGA,"DF,MF",25,1999,8.3,0,2,1,50.0,0.24,0.12,0.0,0.0,0,0,big5_club
SUI,"MF,DF",25,1999,7.6,1,5,2,40.0,0.66,0.26,0.2,0.5,0,0,big5_club
NOR,MF,20,2004,0.0,0,0,0,,0.0,0.0,,,0,0,big5_club
DEN,MF,28,1996,27.3,10,56,21,37.5,2.05,0.77,0.18,0.48,0,0,big5_club
SRB,FW,20,2005,5.4,3,12,4,33.3,2.21,0.74,0.25,0.75,0,0,big5_club
ARG,DF,24,2001,5.7,0,2,0,0.0,0.35,0.0,0.0,,0,0,big5_club
GER,"FW,MF",24,2000,21.6,5,62,23,37.1,2.87,1.06,0.08,0.22,0,0,big5_club
EST,GK,23,2002,2.0,0,0,0,,0.0,0.0,,,0,0,big5_club
GER,FW,21,2004,7.1,1,25,3,12.0,3.53,0.42,0.04,0.33,0,0,big5_club
GER,MF,31,1993,6.8,0,7,0,0.0,1.02,0.0,0.0,,0,0,big5_club
AUT,DF,27,1998,28.3,1,8,2,25.0,0.28,0.07,0.13,0.5,0,0,big5_club
AUT,"MF,FW",27,1998,22.3,3,43,13,30.2,1.93,0.58,0.07,0.23,0,0,big5_club
AUT,DF,27,1998,0.4,0,0,0,,0.0,0.0,,,0,0,big5_club
GER,MF,17,2007,0.4,0,0,0,,0.0,0.0,,,0,0,big5_club
GER,GK,21,2004,32.0,0,0,0,,0.0,0.0,,,0,0,big5_club
GER,DF,30,1995,7.7,0,3,1,33.3,0.39,0.13,0.0,0.0,0,0,big5_club
BEL,"DF,MF",25,2000,13.9,1,10,3,30.0,0.72,0.22,0.1,0.33,0,0,big5_club
CRO,MF,18,2007,3.9,1,5,2,40.0,1.28,0.51,0.2,0.5,0,0,big5_club
AUT,"MF,FW",25,2000,33.1,4,57,21,36.8,1.72,0.63,0.02,0.05,3,4,big5_club
GER,FW,19,2006,2.2,1,7,4,57.1,3.18,1.82,0.14,0.25,0,0,big5_club
BEL,"MF,FW",21,2004,13.0,3,17,8,47.1,1.31,0.61,0.18,0.38,0,0,big5_club
BEL,MF,26,1999,30.6,0,25,4,16.0,0.82,0.13,0.0,0.0,0,0,big5_club
FRA,MF,23,2002,0.4,0,0,0,,0.0,0.0,,,0,0,big5_club
NGA,FW,24,2000,3.7,0,16,6,37.5,4.32,1.62,0.0,0.0,0,0,big5_club
JPN,"DF,MF",25,2000,27.0,0,30,11,36.7,1.11,0.41,0.0,0.0,0,0,big5_club
GER,"DF,MF",20,2004,16.2,2,11,5,45.5,0.68,0.31,0.18,0.4,0,0,big5_club
DEN,"MF,FW",19,2005,15.2,2,27,9,33.3,1.78,0.59,0.07,0.22,0,0,big5_club
DEN,MF,25,1999,4.0,1,7,2,28.6,1.74,0.5,0.14,0.5,0,0,big5_club
HUN,MF,19,2006,0.4,0,0,0,,0.0,0.0,,,0,0,big5_club
DEN,MF,33,1992,26.8,3,38,14,36.8,1.42,0.52,0.0,0.0,3,4,big5_club
SVK,DF,29,1996,13.1,1,12,5,41.7,0.92,0.38,0.08,0.2,0,0,big5_club
GER,FW,20,2005,16.2,8,51,23,45.1,3.14,1.42,0.16,0.35,0,0,big5_club
GER,"MF,DF",18,2007,2.7,0,2,1,50.0,0.73,0.36,0.0,0.0,0,0,big5_club
FRA,DF,20,2005,13.9,0,3,0,0.0,0.22,0.0,0.0,,0,0,big5_club
NED,DF,22,2003,7.6,0,2,0,0.0,0.26,0.0,0.0,,0,0,big5_club
DEN,MF,25,2000,4.2,0,9,5,55.6,2.14,1.19,0.0,0.0,0,0,big5_club
DEN,"MF,DF",28,1997,13.6,1,14,3,21.4,1.03,0.22,0.07,0.33,0,0,big5_club
GHA,DF,21,2003,1.5,0,3,0,0.0,1.97,0.0,0.0,,0,0,big5_club
DEN,FW,26,1999,5.3,1,9,6,66.7,1.68,1.12,0.11,0.17,0,0,big5_club
POL,GK,26,1999,34.0,0,1,0,0.0,0.03,0.0,0.0,,0,0,big5_club
JPN,MF,20,2005,3.5,1,9,6,66.7,2.55,1.7,0.11,0.17,0,0,big5_club
USA,MF,22,2003,1.8,0,2,1,50.0,1.1,0.55,0.0,0.0,0,0,big5_club
GER,DF,24,2000,8.9,0,2,0,0.0,0.23,0.0,0.0,,0,0,big5_club
GRE,DF,21,2003,27.6,4,26,12,46.2,0.94,0.44,0.15,0.33,0,0,big5_club
CRO,MF,27,1998,15.2,2,27,6,22.2,1.77,0.39,0.07,0.33,0,0,big5_club
SWE,MF,26,1999,9.6,3,21,8,38.1,2.2,0.84,0.14,0.38,0,0,big5_club
GER,MF,31,1994,20.7,1,13,5,38.5,0.63,0.24,0.08,0.2,0,0,big5_club
ALG,"FW,MF",25,2000,21.3,8,60,19,31.7,2.81,0.89,0.12,0.37,1,1,big5_club
GER,DF,26,1999,19.9,1,5,1,20.0,0.25,0.05,0.2,1.0,0,0,big5_club
AUT,MF,24,2001,18.0,4,24,8,33.3,1.33,0.44,0.17,0.5,0,0,big5_club
GER,MF,18,2007,0.8,0,1,0,0.0,1.3,0.0,0.0,,0,0,big5_club
FRA,"DF,MF",20,2005,20.0,0,5,0,0.0,0.25,0.0,0.0,,0,0,big5_club
BRA,MF,26,1999,19.6,0,9,2,22.2,0.46,0.1,0.0,0.0,0,0,big5_club
CZE,"FW,MF",27,1997,0.5,0,1,0,0.0,1.91,0.0,0.0,,0,0,big5_club
GER,MF,31,1994,11.9,1,11,1,9.1,0.93,0.08,0.09,1.0,0,0,big5_club
NGA,"FW,MF",27,1997,8.8,2,27,8,29.6,3.06,0.91,0.07,0.25,0,0,big5_club
ALB,DF,32,1993,28.1,0,16,2,12.5,0.57,0.07,0.0,0.0,0,0,big5_club
BEL,"MF,FW",24,2001,24.2,3,46,16,34.8,1.9,0.66,0.07,0.19,0,0,big5_club
ITA,MF,23,2001,2.9,0,8,2,25.0,2.73,0.68,0.0,0.0,0,0,big5_club
ITA,MF,33,1992,28.5,3,37,9,24.3,1.3,0.32,0.08,0.33,0,0,big5_club
ITA,FW,19,2005,0.1,0,0,0,,0.0,0.0,,,0,0,big5_club
ITA,"MF,FW",25,2000,8.8,3,28,11,39.3,3.17,1.24,0.11,0.27,0,0,big5_club
ITA,FW,26,1999,14.6,10,57,22,38.6,3.9,1.51,0.14,0.36,2,2,big5_club
ITA,DF,21,2003,20.1,3,20,6,30.0,1.0,0.3,0.15,0.5,0,0,big5_club
ITA,DF,17,2008,15.3,0,13,4,30.8,0.85,0.26,0.0,0.0,0,0,big5_club
SWE,DF,26,1999,21.9,1,9,3,33.3,0.41,0.14,0.11,0.33,0,0,big5_club
GHA,MF,23,2002,11.2,2,25,10,40.0,2.23,0.89,0.08,0.2,0,0,big5_club
SRB,MF,23,2002,11.4,2,25,9,36.0,2.18,0.79,0.08,0.22,0,0,big5_club
ITA,MF,21,2003,17.5,0,9,1,11.1,0.52,0.06,0.0,0.0,0,0,big5_club
ITA,MF,25,2000,2.0,1,3,2,66.7,1.48,0.99,0.33,0.5,0,0,big5_club
ITA,GK,25,2000,37.0,0,0,0,,0.0,0.0,,,0,0,big5_club
ITA,GK,33,1992,1.0,0,0,0,,0.0,0.0,,,0,0,big5_club
CRO,MF,30,1995,21.5,3,24,6,25.0,1.12,0.28,0.13,0.5,0,0,big5_club
NED,MF,34,1991,29.9,1,16,4,25.0,0.54,0.13,0.06,0.25,0,0,big5_club
NED,"DF,MF",25,2000,0.1,0,0,0,,0.0,0.0,,,0,0,big5_club
POL,MF,23,2002,21.1,2,38,7,18.4,1.8,0.33,0.05,0.29,0,0,big5_club
MNE,FW,25,2000,19.9,10,99,34,34.3,4.97,1.71,0.1,0.29,0,0,big5_club
CIV,DF,24,2001,11.0,1,5,1,20.0,0.46,0.09,0.2,1.0,0,0,big5_club
ITA,MF,25,2000,15.3,0,13,5,38.5,0.85,0.33,0.0,0.0,0,0,big5_club
BIH,DF,32,1993,13.5,0,3,0,0.0,0.22,0.0,0.0,,0,0,big5_club
USA,MF,22,2002,6.4,1,7,2,28.6,1.1,0.31,0.14,0.5,0,0,big5_club
BRA,MF,26,1999,24.8,2,35,11,31.4,1.41,0.44,0.03,0.09,1,1,big5_club
GRE,DF,31,1993,7.0,0,7,2,28.6,1.0,0.29,0.0,0.0,0,0,big5_club
ARG,MF,21,2003,6.1,0,12,2,16.7,1.97,0.33,0.0,0.0,0,0,big5_club
ITA,FW,35,1990,2.1,0,2,0,0.0,0.93,0.0,0.0,,0,0,big5_club
NOR,DF,20,2005,5.4,0,1,0,0.0,0.19,0.0,0.0,,0,0,big5_club
SWE,DF,25,2000,7.3,1,8,1,12.5,1.1,0.14,0.13,1.0,0,0,big5_club
ITA,"MF,FW",31,1994,13.5,4,39,13,33.3,2.88,0.96,0.08,0.23,1,1,big5_club
ITA,GK,25,1999,16.3,0,0,0,,0.0,0.0,,,0,0,big5_club
ITA,MF,22,2003,7.8,2,14,4,28.6,1.79,0.51,0.14,0.5,0,0,big5_club
GHA,MF,22,2003,0.5,0,0,0,,0.0,0.0,,,0,0,big5_club
DEN,MF,26,1999,15.3,5,35,13,37.1,2.29,0.85,0.14,0.38,0,0,big5_club
COL,DF,27,1998,25.4,1,8,2,25.0,0.31,0.08,0.13,0.5,0,0,big5_club
ENG,"MF,FW",22,2003,17.8,3,48,17,35.4,2.69,0.95,0.06,0.18,0,0,big5_club
POR,"DF,MF",25,2000,8.2,1,4,2,50.0,0.49,0.24,0.25,0.5,0,0,big5_club
ESP,DF,25,2000,28.6,1,13,5,38.5,0.45,0.17,0.08,0.2,0,0,big5_club
SCO,MF,25,1999,17.8,1,13,2,15.4,0.73,0.11,0.08,0.5,0,0,big5_club
ITA,DF,37,1988,5.5,0,0,0,,0.0,0.0,,,0,0,big5_club
CZE,DF,22,2003,14.7,0,8,2,25.0,0.54,0.14,0.0,0.0,0,0,big5_club
ITA,GK,17,2007,3.9,0,0,0,,0.0,0.0,,,0,0,big5_club
ITA,DF,26,1999,20.2,0,11,1,9.1,0.54,0.05,0.0,0.0,0,0,big5_club
ITA,"MF,FW",24,2000,16.9,3,24,6,25.0,1.42,0.36,0.13,0.5,0,0,big5_club
ITA,DF,27,1998,7.5,0,5,0,0.0,0.66,0.0,0.0,,0,0,big5_club
CRO,MF,27,1998,20.0,2,21,2,9.5,1.05,0.1,0.1,1.0,0,0,big5_club
SUI,MF,33,1992,24.6,1,8,1,12.5,0.33,0.04,0.13,1.0,0,0,big5_club
ITA,"MF,FW",28,1997,23.5,10,82,31,37.8,3.5,1.32,0.07,0.19,4,6,big5_club
ARG,FW,20,2004,26.2,7,63,20,31.7,2.4,0.76,0.11,0.35,0,0,big5_club
SUI,MF,24,2001,8.0,0,4,1,25.0,0.5,0.13,0.0,0.0,0,0,big5_club
NED,FW,24,2000,9.0,2,24,5,20.8,2.66,0.55,0.08,0.4,0,0,big5_club
ITA,MF,26,1999,15.9,3,25,10,40.0,1.57,0.63,0.12,0.3,0,0,big5_club
NOR,DF,26,1999,23.5,0,11,2,18.2,0.47,0.09,0.0,0.0,0,0,big5_club
POL,GK,34,1991,17.7,0,0,0,,0.0,0.0,,,0,0,big5_club
SVK,"DF,MF",22,2002,30.8,0,10,3,30.0,0.32,0.1,0.0,0.0,0,0,big5_club
URU,FW,19,2005,0.4,0,0,0,,0.0,0.0,,,0,0,big5_club
ITA,DF,26,1998,9.5,0,7,2,28.6,0.73,0.21,0.0,0.0,0,0,big5_club
ITA,"MF,DF",29,1995,15.9,0,22,7,31.8,1.38,0.44,0.0,0.0,0,0,big5_club
ITA,"DF,MF",26,1999,0.6,0,1,0,0.0,1.67,0.0,0.0,,0,0,big5_club
ITA,FW,31,1993,2.5,2,6,4,66.7,2.44,1.63,0.17,0.25,1,1,big5_club
ITA,GK,23,2001,38.0,0,0,0,,0.0,0.0,,,0,0,big5_club
ITA,"DF,MF",25,1999,17.7,0,11,2,18.2,0.62,0.11,0.0,0.0,0,0,big5_club
ITA,FW,25,2000,14.2,5,30,12,40.0,2.12,0.85,0.17,0.42,0,0,big5_club
ITA,"MF,FW",25,2000,21.2,2,34,11,32.4,1.6,0.52,0.06,0.18,0,0,big5_club
GHA,MF,22,2003,9.6,1,11,2,18.2,1.15,0.21,0.09,0.5,0,0,big5_club
ZAM,MF,19,2006,2.9,0,0,0,,0.0,0.0,,,0,0,big5_club
URU,DF,20,2005,14.6,1,3,2,66.7,0.21,0.14,0.33,0.5,0,0,big5_club
ITA,FW,36,1988,2.5,1,6,1,16.7,2.38,0.4,0.17,1.0,0,0,big5_club
ITA,MF,29,1995,8.5,2,15,5,33.3,1.76,0.59,0.13,0.4,0,0,big5_club
ITA,"MF,DF",20,2005,34.2,1,29,7,24.1,0.85,0.2,0.03,0.14,0,0,big5_club
ITA,MF,21,2003,14.1,1,19,1,5.3,1.35,0.07,0.05,1.0,0,0,big5_club
ITA,MF,24,2001,4.6,2,9,6,66.7,1.97,1.31,0.22,0.33,0,0,big5_club
ITA,"MF,FW",27,1998,22.2,2,36,9,25.0,1.62,0.41,0.06,0.22,0,0,big5_club
FRA,MF,25,2000,33.9,1,28,11,39.3,0.83,0.32,0.04,0.09,0,0,big5_club
ITA,MF,22,2003,0.5,0,0,0,,0.0,0.0,,,0,0,big5_club
NED,DF,19,2006,0.1,0,0,0,,0.0,0.0,,,0,0,big5_club
SEN,FW,18,2007,3.7,2,15,3,20.0,4.03,0.81,0.13,0.67,0,0,big5_club
ITA,"MF,DF",20,2005,8.7,2,6,6,100.0,0.69,0.69,0.33,0.33,0,0,big5_club
ITA,"FW,MF",23,2002,29.7,7,57,16,28.1,1.92,0.54,0.11,0.38,1,1,big5_club
ITA,DF,28,1996,19.0,1,7,3,42.9,0.37,0.16,0.14,0.33,0,0,big5_club
TUR,FW,19,2005,10.8,4,17,8,47.1,1.57,0.74,0.24,0.5,0,0,big5_club
,FW,,,1.0,1,7,2,28.6,6.92,1.98,0.14,0.5,0,0,big5_club
COL,DF,30,1994,23.9,2,10,3,30.0,0.42,0.13,0.2,0.67,0,0,big5_club
ANG,"MF,FW",23,2002,3.7,0,12,6,50.0,3.28,1.64,0.0,0.0,0,0,big5_club
POR,DF,28,1997,18.9,0,7,0,0.0,0.37,0.0,0.0,,0,0,big5_club
ESP,DF,33,1992,13.7,2,11,4,36.4,0.8,0.29,0.18,0.5,0,0,big5_club
GRE,FW,25,1999,25.3,14,65,30,46.2,2.57,1.19,0.2,0.43,1,1,big5_club
FRA,MF,19,2006,0.0,0,0,0,,0.0,0.0,,,0,0,big5_club
SEN,MF,19,2005,11.9,2,31,10,32.3,2.6,0.84,0.06,0.2,0,0,big5_club
BRA,DF,32,1993,21.7,1,8,2,25.0,0.37,0.09,0.13,0.5,0,0,big5_club
ITA,DF,31,1993,0.2,0,0,0,,0.0,0.0,,,0,0,big5_club
BEL,DF,23,2002,10.3,0,3,0,0.0,0.29,0.0,0.0,,0,0,big5_club
CRO,DF,24,2000,18.5,0,12,4,33.3,0.65,0.22,0.0,0.0,0,0,big5_club
ESP,DF,20,2005,30.5,2,39,9,23.1,1.28,0.3,0.05,0.22,0,0,big5_club
NED,MF,19,2005,7.6,3,13,6,46.2,1.71,0.79,0.23,0.5,0,0,big5_club
FRA,GK,30,1995,38.0,0,0,0,,0.0,0.0,,,0,0,big5_club
ESP,MF,19,2005,19.2,2,45,12,26.7,2.34,0.62,0.04,0.17,0,0,big5_club
FRA,MF,24,2001,30.4,6,42,16,38.1,1.38,0.53,0.05,0.13,4,4,big5_club
GER,DF,30,1995,25.8,4,21,6,28.6,0.81,0.23,0.19,0.67,0,0,big5_club
CRO,"MF,FW",22,2003,17.4,6,28,9,32.1,1.61,0.52,0.21,0.67,0,0,big5_club
FRA,MF,25,2000,16.5,2,18,4,22.2,1.09,0.24,0.11,0.5,0,0,big5_club
ARG,MF,22,2003,30.5,3,18,9,50.0,0.59,0.3,0.17,0.33,0,0,big5_club
KVX,"MF,DF",30,1995,17.7,2,18,7,38.9,1.02,0.4,0.11,0.29,0,0,big5_club
GER,MF,25,2000,7.4,1,8,3,37.5,1.08,0.41,0.13,0.33,0,0,big5_club
ARG,MF,20,2004,32.0,12,121,48,39.7,3.78,1.5,0.1,0.25,0,2,big5_club
ESP,MF,33,1992,6.0,0,7,2,28.6,1.16,0.33,0.0,0.0,0,0,big5_club
AUT,DF,28,1997,4.4,1,8,3,37.5,1.83,0.69,0.13,0.33,0,0,big5_club
ESP,DF,21,2004,22.5,1,11,2,18.2,0.49,0.09,0.09,0.5,0,0,big5_club
ESP,FW,32,1992,10.3,0,23,8,34.8,2.23,0.77,0.0,0.0,0,1,big5_club
ITA,MF,30,1995,19.5,0,13,4,30.8,0.67,0.21,0.0,0.0,0,0,big5_club
ITA,MF,26,1999,18.3,0,21,7,33.3,1.15,0.38,0.0,0.0,0,0,big5_club
PAR,FW,29,1996,10.5,1,12,4,33.3,1.14,0.38,0.08,0.25,0,0,big5_club
GEO,MF,20,2005,0.3,0,0,0,,0.0,0.0,,,0,0,big5_club
NGA,"FW,MF",27,1997,4.5,2,8,5,62.5,1.79,1.12,0.25,0.4,0,0,big5_club
NOR,"MF,FW",27,1998,4.3,1,5,2,40.0,1.15,0.46,0.2,0.5,0,0,big5_club
IDN,GK,28,1997,34.0,0,0,0,,0.0,0.0,,,0,0,big5_club
CMR,FW,25,2000,1.0,0,2,0,0.0,1.94,0.0,0.0,,0,0,big5_club
ITA,DF,28,1996,28.2,2,12,5,41.7,0.43,0.18,0.17,0.4,0,0,big5_club
ITA,FW,28,1997,27.9,10,75,32,42.7,2.69,1.15,0.09,0.22,3,3,big5_club
ITA,DF,33,1992,5.3,0,5,2,40.0,0.95,0.38,0.0,0.0,0,0,big5_club
ITA,DF,22,2003,33.5,2,14,4,28.6,0.42,0.12,0.14,0.5,0,0,big5_club
ITA,DF,23,2002,8.0,1,2,1,50.0,0.25,0.12,0.5,1.0,0,0,big5_club
ARG,"FW,MF",36,1989,5.8,1,12,4,33.3,2.06,0.69,0.08,0.25,0,0,big5_club
ITA,"MF,DF",27,1997,28.7,0,6,0,0.0,0.21,0.0,0.0,,0,0,big5_club
ENG,FW,38,1987,23.4,7,30,14,46.7,1.28,0.6,0.23,0.5,0,0,big5_club
BEL,MF,29,1996,21.6,1,20,8,40.0,0.93,0.37,0.05,0.13,0,0,big5_club
ECU,MF,23,2002,1.6,0,2,2,100.0,1.27,1.27,0.0,0.0,0,0,big5_club
ITA,FW,27,1998,0.2,1,2,2,100.0,11.25,11.25,0.0,0.0,1,1,big5_club
ITA,GK,34,1991,4.0,0,0,0,,0.0,0.0,,,0,0,big5_club
ARG,MF,26,1998,16.2,1,23,8,34.8,1.42,0.49,0.04,0.13,0,0,big5_club
ITA,DF,32,1993,24.4,0,7,1,14.3,0.29,0.04,0.0,0.0,0,0,big5_club
ITA,MF,25,1999,4.0,0,2,1,50.0,0.5,0.25,0.0,0.0,0,0,big5_club
SEN,"MF,DF",21,2004,2.8,0,2,0,0.0,0.71,0.0,0.0,,0,0,big5_club
BIH,FW,35,1990,4.3,0,10,5,50.0,2.33,1.17,0.0,0.0,0,0,big5_club
NOR,MF,29,1996,7.1,1,11,4,36.4,1.54,0.56,0.09,0.25,0,0,big5_club
ITA,MF,22,2003,13.0,0,5,1,20.0,0.39,0.08,0.0,0.0,0,0,big5_club
ITA,DF,28,1996,14.5,0,5,2,40.0,0.34,0.14,0.0,0.0,0,0,big5_club
ITA,MF,19,2006,0.1,0,1,0,0.0,15.0,0.0,0.0,,0,0,big5_club
ITA,MF,22,2002,19.0,0,16,2,12.5,0.84,0.11,0.0,0.0,0,0,big5_club
FRA,MF,21,2003,19.6,0,8,2,25.0,0.41,0.1,0.0,0.0,0,0,big5_club
MAR,MF,26,1998,12.2,1,15,3,20.0,1.23,0.25,0.07,0.33,0,0,big5_club
MAR,MF,28,1996,0.3,0,1,0,0.0,3.33,0.0,0.0,,0,0,big5_club
ISL,"FW,MF",28,1997,25.0,5,41,15,36.6,1.64,0.6,0.05,0.13,3,3,big5_club
MAR,MF,23,2002,0.5,0,1,0,0.0,2.14,0.0,0.0,,0,0,big5_club
ITA,MF,21,2004,20.8,3,24,8,33.3,1.15,0.38,0.13,0.38,0,0,big5_club
CIV,"FW,MF",27,1997,0.3,0,0,0,,0.0,0.0,,,0,0,big5_club
ITA,DF,31,1994,3.6,0,1,0,0.0,0.28,0.0,0.0,,0,0,big5_club
ESP,GK,34,1990,37.0,0,0,0,,0.0,0.0,,,0,0,big5_club
BRA,"DF,MF",26,1998,34.8,1,25,4,16.0,0.72,0.11,0.04,0.25,0,0,big5_club
CIV,DF,19,2006,0.8,0,0,0,,0.0,0.0,,,0,0,big5_club
BIH,FW,39,1986,2.7,0,4,1,25.0,1.48,0.37,0.0,0.0,0,0,big5_club
ITA,"MF,FW",24,2000,16.9,1,24,7,29.2,1.42,0.41,0.04,0.14,0,0,big5_club
ITA,MF,22,2003,5.2,0,7,2,28.6,1.35,0.38,0.0,0.0,0,0,big5_club
ITA,MF,25,2000,6.5,0,4,1,25.0,0.62,0.15,0.0,0.0,0,0,big5_club
ENG,"FW,MF",28,1996,10.9,1,13,4,30.8,1.19,0.37,0.08,0.25,0,0,big5_club
ITA,"MF,FW",22,2003,6.5,0,9,1,11.1,1.39,0.15,0.0,0.0,0,0,big5_club
ITA,GK,30,1995,0.0,0,0,0,,0.0,0.0,,,0,0,big5_club
ITA,DF,26,1999,27.3,1,18,3,16.7,0.66,0.11,0.06,0.33,0,0,big5_club
VEN,DF,19,2006,2.4,0,0,0,,0.0,0.0,,,0,0,big5_club
ISR,"FW,MF",26,1999,9.9,2,11,4,36.4,1.11,0.4,0.18,0.5,0,0,big5_club
ITA,MF,25,2000,9.6,1,10,2,20.0,1.04,0.21,0.1,0.5,0,0,big5_club
CRO,DF,27,1997,32.4,0,8,1,12.5,0.25,0.03,0.0,0.0,0,0,big5_club
ITA,"MF,DF",23,2002,2.9,0,0,0,,0.0,0.0,,,0,0,big5_club
ITA,FW,25,2000,22.6,8,98,27,27.6,4.33,1.19,0.06,0.22,2,2,big5_club
ITA,MF,19,2006,6.0,0,8,2,25.0,1.33,0.33,0.0,0.0,0,0,big5_club
ITA,MF,24,2001,28.4,2,33,7,21.2,1.16,0.25,0.06,0.29,0,0,big5_club
DEN,GK,26,1999,1.0,0,0,0,,0.0,0.0,,,0,0,big5_club
ESP,DF,31,1993,9.0,0,2,0,0.0,0.22,0.0,0.0,,0,0,big5_club
ITA,DF,20,2005,18.8,1,10,2,20.0,0.53,0.11,0.1,0.5,0,0,big5_club
ITA,FW,18,2006,1.2,0,3,0,0.0,2.57,0.0,0.0,,0,0,big5_club
ITA,FW,24,2001,18.6,4,47,15,31.9,2.53,0.81,0.09,0.27,0,0,big5_club
GER,"DF,MF",31,1994,20.9,3,18,7,38.9,0.86,0.33,0.17,0.43,0,0,big5_club
ITA,MF,28,1997,26.9,7,64,18,28.1,2.38,0.67,0.09,0.33,1,1,big5_club
SUI,MF,24,2001,7.9,0,5,0,0.0,0.64,0.0,0.0,,0,0,big5_club
GHA,MF,24,2000,0.3,0,0,0,,0.0,0.0,,,0,0,big5_club
ESP,"MF,DF",28,1997,24.0,1,11,4,36.4,0.46,0.17,0.09,0.25,0,1,big5_club
DEN,MF,24,2001,1.1,0,1,1,100.0,0.87,0.87,0.0,0.0,0,0,big5_club
ITA,DF,22,2002,28.9,0,5,2,40.0,0.17,0.07,0.0,0.0,0,0,big5_club
BRA,MF,20,2005,6.1,0,2,0,0.0,0.33,0.0,0.0,,0,0,big5_club
ENG,"MF,DF",21,2004,24.6,2,15,6,40.0,0.61,0.24,0.13,0.33,0,0,big5_club
GHA,"FW,MF",31,1994,11.0,4,29,10,34.5,2.63,0.91,0.14,0.4,0,0,big5_club
ITA,GK,28,1997,2.0,0,0,0,,0.0,0.0,,,0,0,big5_club
ITA,MF,18,2006,0.1,0,0,0,,0.0,0.0,,,0,0,big5_club
FRA,FW,19,2006,0.1,0,0,0,,0.0,0.0,,,0,0,big5_club
ITA,MF,18,2006,0.2,0,1,0,0.0,4.09,0.0,0.0,,0,0,big5_club
CMR,MF,25,2000,0.5,0,1,0,0.0,2.0,0.0,0.0,,0,0,big5_club
ITA,"FW,MF",18,2006,10.6,3,20,5,25.0,1.88,0.47,0.15,0.6,0,0,big5_club
MEX,DF,26,1998,35.7,1,24,6,25.0,0.67,0.17,0.04,0.17,0,0,big5_club
ALB,FW,17,2007,0.0,0,0,0,,0.0,0.0,,,0,0,big5_club
BRA,MF,34,1991,7.6,3,19,7,36.8,2.5,0.92,0.11,0.29,1,1,big5_club
NED,GK,27,1998,15.5,0,0,0,,0.0,0.0,,,0,0,big5_club
BFA,DF,17,2007,0.6,0,0,0,,0.0,0.0,,,0,0,big5_club
NOR,DF,25,1999,29.1,5,22,12,54.5,0.76,0.41,0.23,0.42,0,0,big5_club
ITA,FW,23,2002,25.8,7,66,27,40.9,2.55,1.04,0.09,0.22,1,2,big5_club
ITA,FW,19,2006,0.4,0,1,1,100.0,2.25,2.25,0.0,0.0,0,0,big5_club
FRA,DF,18,2007,0.1,0,0,0,,0.0,0.0,,,0,0,big5_club
CIV,MF,28,1996,1.3,0,4,2,50.0,3.05,1.53,0.0,0.0,0,1,big5_club
ISL,MF,23,2002,30.7,1,26,6,23.1,0.85,0.2,0.04,0.17,0,0,big5_club
DEN,MF,24,2001,34.2,1,8,3,37.5,0.23,0.09,0.13,0.33,0,0,big5_club
NOR,MF,29,1996,8.1,2,10,4,40.0,1.23,0.49,0.2,0.5,0,0,big5_club
ITA,GK,32,1993,20.5,0,0,0,,0.0,0.0,,,0,0,big5_club
ROU,MF,32,1993,2.0,0,5,0,0.0,2.5,0.0,0.0,,0,1,big5_club
SWE,DF,20,2005,2.0,0,0,0,,0.0,0.0,,,0,0,big5_club
ITA,MF,24,2001,15.7,0,18,5,27.8,1.15,0.32,0.0,0.0,0,0,big5_club
UKR,MF,32,1993,24.8,6,55,15,27.3,2.21,0.6,0.05,0.2,3,3,big5_club
DEN,DF,21,2004,9.2,0,3,2,66.7,0.33,0.22,0.0,0.0,0,0,big5_club
ITA,FW,19,2006,0.4,0,0,0,,0.0,0.0,,,0,0,big5_club
ITA,"MF,DF",32,1993,10.1,0,8,0,0.0,0.79,0.0,0.0,,0,0,big5_club
ITA,MF,22,2003,4.4,0,9,3,33.3,2.03,0.68,0.0,0.0,0,0,big5_club
ARG,MF,20,2005,4.0,0,6,2,33.3,1.5,0.5,0.0,0.0,0,0,big5_club
POR,"FW,MF",25,2000,24.7,5,65,20,30.8,2.63,0.81,0.08,0.25,0,0,big5_club
NED,MF,27,1998,10.1,1,12,2,16.7,1.19,0.2,0.0,0.0,1,1,big5_club
LBY,MF,29,1996,9.4,0,9,1,11.1,0.96,0.11,0.0,0.0,0,0,big5_club
SWE,"FW,MF",24,2001,12.2,0,19,6,31.6,1.55,0.49,0.0,0.0,0,0,big5_club
FRO,DF,24,2000,14.7,0,4,1,25.0,0.27,0.07,0.0,0.0,0,0,big5_club
FRA,MF,26,1999,25.6,1,21,4,19.0,0.82,0.16,0.05,0.25,0,0,big5_club
GER,DF,23,2001,15.0,0,3,0,0.0,0.2,0.0,0.0,,0,0,big5_club
SEN,MF,25,2000,10.8,0,6,1,16.7,0.56,0.09,0.0,0.0,0,0,big5_club
COL,FW,25,1999,6.6,0,16,5,31.3,2.41,0.75,0.0,0.0,0,0,big5_club
ENG,"MF,DF",22,2003,6.6,0,3,1,33.3,0.45,0.15,0.0,0.0,0,0,big5_club
CRO,MF,25,1999,21.8,0,13,6,46.2,0.6,0.27,0.0,0.0,0,0,big5_club
CMR,DF,26,1999,2.4,0,1,0,0.0,0.42,0.0,0.0,,0,0,big5_club
GAM,MF,19,2006,2.5,0,5,2,40.0,1.97,0.79,0.0,0.0,0,0,big5_club
NGA,FW,23,2002,22.5,7,85,28,32.9,3.77,1.24,0.06,0.18,2,2,big5_club
BRA,"FW,MF",21,2003,17.0,3,47,25,53.2,2.76,1.47,0.06,0.12,0,0,big5_club
CYP,MF,27,1998,0.5,0,1,0,0.0,2.05,0.0,0.0,,0,0,big5_club
ROU,FW,18,2006,0.9,0,4,1,25.0,4.5,1.13,0.0,0.0,0,0,big5_club
BRA,FW,21,2004,0.4,0,0,0,,0.0,0.0,,,0,0,big5_club
CIV,MF,32,1992,16.7,1,13,4,30.8,0.78,0.24,0.08,0.25,0,0,big5_club
CIV,FW,20,2004,0.0,0,0,0,,0.0,0.0,,,0,0,big5_club
SCO,FW,22,2002,13.3,4,33,11,33.3,2.48,0.82,0.12,0.36,0,0,big5_club
ITA,GK,29,1996,35.0,0,0,0,,0.0,0.0,,,0,0,big5_club
DEN,"MF,DF",27,1998,26.8,2,21,11,52.4,0.78,0.41,0.1,0.18,0,0,big5_club
ARG,DF,24,2001,15.7,0,16,7,43.8,1.02,0.45,0.0,0.0,0,0,big5_club
ESP,MF,27,1997,3.4,0,0,0,,0.0,0.0,,,0,0,big5_club
ALG,MF,23,2002,21.3,2,21,6,28.6,0.98,0.28,0.1,0.33,0,0,big5_club
ITA,MF,31,1994,25.2,1,15,3,20.0,0.59,0.12,0.07,0.33,0,0,big5_club
SVN,MF,27,1998,3.4,0,2,1,50.0,0.58,0.29,0.0,0.0,0,0,big5_club
ITA,GK,30,1995,3.0,0,0,0,,0.0,0.0,,,0,0,big5_club
GER,MF,28,1997,12.3,2,19,7,36.8,1.54,0.57,0.11,0.29,0,0,big5_club
DEN,DF,19,2006,5.0,0,3,1,33.3,0.61,0.2,0.0,0.0,0,0,big5_club
SVK,FW,23,2002,5.0,0,12,4,33.3,2.42,0.81,0.0,0.0,0,0,big5_club
ESP,DF,28,1997,14.1,0,7,1,14.3,0.5,0.07,0.0,0.0,0,0,big5_club
DEN,DF,26,1998,36.8,0,8,1,12.5,0.22,0.03,0.0,0.0,0,0,big5_club
ESP,MF,21,2004,0.1,0,2,1,50.0,30.0,15.0,0.0,0.0,0,0,big5_club
ITA,DF,26,1999,24.9,1,17,8,47.1,0.68,0.32,0.06,0.13,0,0,big5_club
FRA,MF,22,2003,5.5,1,10,3,30.0,1.83,0.55,0.1,0.33,0,0,big5_club
FRA,FW,21,2003,12.7,5,22,9,40.9,1.73,0.71,0.23,0.56,0,0,big5_club
FRA,DF,29,1996,1.0,0,1,1,100.0,1.0,1.0,0.0,0.0,0,0,big5_club
BRA,"MF,DF",26,1999,19.6,1,20,6,30.0,1.02,0.31,0.05,0.17,0,0,big5_club
ITA,MF,25,1999,6.3,0,16,4,25.0,2.53,0.63,0.0,0.0,0,0,big5_club
NED,MF,29,1996,14.7,3,23,5,21.7,1.56,0.34,0.13,0.6,0,0,big5_club
ITA,MF,27,1997,30.0,7,65,22,33.8,2.17,0.73,0.11,0.32,0,0,big5_club
ITA,DF,37,1988,15.3,0,3,1,33.3,0.2,0.07,0.0,0.0,0,0,big5_club
ITA,FW,20,2005,17.5,7,57,23,40.4,3.27,1.32,0.12,0.3,0,0,big5_club
TUR,MF,31,1994,18.2,9,50,17,34.0,2.75,0.93,0.1,0.29,4,5,big5_club
ARM,MF,36,1989,17.3,4,43,14,32.6,2.48,0.81,0.09,0.29,0,0,big5_club
ESP,GK,27,1998,5.0,0,0,0,,0.0,0.0,,,0,0,big5_club
ARG,FW,27,1997,24.0,17,92,39,42.4,3.84,1.63,0.18,0.44,0,0,big5_club
BRA,MF,23,2001,18.0,1,15,7,46.7,0.83,0.39,0.07,0.14,0,0,big5_club
SVN,MF,19,2006,0.1,0,0,0,,0.0,0.0,,,0,0,big5_club
SUI,DF,30,1995,31.3,2,23,6,26.1,0.73,0.19,0.09,0.33,0,0,big5_club
FRA,FW,27,1997,21.1,13,74,29,39.2,3.51,1.37,0.18,0.45,0,0,big5_club
ITA,DF,18,2007,0.2,0,0,0,,0.0,0.0,,,0,0,big5_club
ITA,"MF,DF",35,1989,2.8,0,0,0,,0.0,0.0,,,0,0,big5_club
ITA,FW,18,2006,0.1,0,0,0,,0.0,0.0,,,0,0,big5_club
ITA,FW,18,2007,0.3,0,2,0,0.0,6.67,0.0,0.0,,0,0,big5_club
ITA,MF,28,1997,28.0,3,35,5,14.3,1.25,0.18,0.09,0.6,0,0,big5_club
CRO,MF,21,2003,19.6,2,22,6,27.3,1.12,0.31,0.09,0.33,0,0,big5_club
POL,MF,31,1994,22.7,6,29,10,34.5,1.28,0.44,0.17,0.5,1,1,big5_club
ITA,GK,31,1993,0.1,0,0,0,,0.0,0.0,,,0,0,big5_club
NED,DF,33,1992,7.4,0,6,2,33.3,0.81,0.27,0.0,0.0,0,0,big5_club
GER,DF,24,2000,21.4,3,25,12,48.0,1.17,0.56,0.12,0.25,0,0,big5_club
SUI,GK,36,1988,32.9,0,0,0,,0.0,0.0,,,0,0,big5_club
ITA,"MF,DF",25,2000,30.8,3,26,13,50.0,0.85,0.42,0.12,0.23,0,0,big5_club
POL,FW,31,1994,0.4,0,2,2,100.0,5.0,5.0,0.0,0.0,0,0,big5_club
ITA,DF,31,1994,2.8,0,0,0,,0.0,0.0,,,0,0,big5_club
SRB,FW,25,2000,10.8,7,49,18,36.7,4.56,1.67,0.12,0.33,1,1,big5_club
KVX,MF,26,1999,4.2,0,19,9,47.4,4.48,2.12,0.0,0.0,0,0,big5_club
SWE,MF,25,2000,2.6,0,5,1,20.0,1.96,0.39,0.0,0.0,0,0,big5_club
ITA,MF,21,2003,6.9,1,18,5,27.8,2.63,0.73,0.06,0.2,0,0,big5_club
ITA,DF,27,1998,12.1,2,14,6,42.9,1.15,0.49,0.14,0.33,0,0,big5_club
SRB,MF,32,1992,5.3,3,9,4,44.4,1.69,0.75,0.33,0.75,0,0,big5_club
POR,"MF,FW",22,2002,23.1,3,73,23,31.5,3.16,1.0,0.04,0.13,0,0,big5_club
BRA,DF,28,1997,24.1,4,23,9,39.1,0.95,0.37,0.17,0.44,0,0,big5_club
CIV,"MF,FW",28,1997,7.5,4,24,12,50.0,3.18,1.59,0.17,0.33,0,0,big5_club
CAN,FW,25,2000,19.8,6,41,16,39.0,2.07,0.81,0.15,0.38,0,1,big5_club
POR,MF,25,2000,2.9,0,3,0,0.0,1.05,0.0,0.0,,0,0,big5_club
COL,MF,24,2001,3.3,2,5,2,40.0,1.52,0.61,0.4,1.0,0,0,big5_club
TUR,"MF,FW",20,2005,31.4,10,97,40,41.2,3.09,1.27,0.09,0.23,1,2,big5_club
FRA,MF,24,2001,27.1,3,50,15,30.0,1.84,0.55,0.06,0.2,0,0,big5_club
ENG,DF,26,1998,33.3,1,17,3,17.6,0.51,0.09,0.06,0.33,0,0,big5_club
BEL,"FW,MF",25,2000,7.4,1,26,6,23.1,3.51,0.81,0.04,0.17,0,0,big5_club
ITA,MF,27,1998,33.3,1,46,12,26.1,1.38,0.36,0.02,0.08,0,1,big5_club
ITA,GK,32,1992,8.5,0,0,0,,0.0,0.0,,,0,0,big5_club
ITA,GK,28,1997,29.5,0,0,0,,0.0,0.0,,,0,0,big5_club
ARG,"FW,MF",27,1998,0.2,0,2,0,0.0,9.47,0.0,0.0,,0,0,big5_club
FRA,"DF,MF",25,2000,36.5,2,13,4,30.8,0.36,0.11,0.15,0.5,0,0,big5_club
NED,"MF,DF",27,1998,20.3,0,28,7,25.0,1.38,0.34,0.0,0.0,0,0,big5_club
MNE,MF,19,2006,1.9,1,6,4,66.7,3.16,2.11,0.17,0.25,0,0,big5_club
USA,MF,26,1998,31.5,5,43,16,37.2,1.37,0.51,0.12,0.31,0,0,big5_club
MNE,DF,32,1992,30.9,1,16,7,43.8,0.52,0.23,0.06,0.14,0,0,big5_club
POL,MF,18,2007,0.1,0,1,0,0.0,10.0,0.0,0.0,,0,0,big5_club
ITA,GK,23,2002,2.0,0,0,0,,0.0,0.0,,,0,0,big5_club
ITA,DF,30,1995,29.6,0,9,4,44.4,0.3,0.14,0.0,0.0,0,0,big5_club
SEN,"FW,MF",28,1996,13.9,1,12,7,58.3,0.86,0.5,0.08,0.14,0,0,big5_club
ITA,FW,23,2001,7.6,2,15,5,33.3,1.97,0.66,0.13,0.4,0,0,big5_club
ITA,MF,30,1994,22.1,3,26,7,26.9,1.18,0.32,0.04,0.14,2,2,big5_club
ITA,GK,20,2005,9.0,0,0,0,,0.0,0.0,,,0,0,big5_club
ALB,DF,31,1994,1.9,0,0,0,,0.0,0.0,,,0,0,big5_club
NGA,MF,24,2001,13.2,1,9,2,22.2,0.68,0.15,0.11,0.5,0,0,big5_club
DEN,FW,24,2001,17.7,5,48,19,39.6,2.71,1.07,0.1,0.26,0,0,big5_club
ITA,GK,31,1994,27.0,0,0,0,,0.0,0.0,,,0,0,big5_club
NED,MF,23,2002,15.5,3,16,6,37.5,1.03,0.39,0.19,0.5,0,0,big5_club
ITA,DF,26,1999,16.3,1,7,5,71.4,0.43,0.31,0.14,0.2,0,0,big5_club
ITA,DF,31,1993,10.4,0,4,2,50.0,0.38,0.19,0.0,0.0,0,0,big5_club
ESP,DF,24,2000,27.5,0,12,3,25.0,0.44,0.11,0.0,0.0,0,0,big5_club
ITA,FW,23,2002,19.2,4,41,17,41.5,2.14,0.89,0.1,0.24,0,0,big5_club
ITA,FW,30,1995,23.4,3,34,14,41.2,1.45,0.6,0.09,0.21,0,1,big5_club
FRA,MF,26,1999,15.9,2,16,8,50.0,1.01,0.5,0.13,0.25,0,0,big5_club
URU,MF,33,1991,6.7,0,7,1,14.3,1.04,0.15,0.0,0.0,0,0,big5_club
ITA,MF,23,2001,5.7,0,1,0,0.0,0.18,0.0,0.0,,0,0,big5_club
POR,DF,25,2000,16.4,0,16,1,6.3,0.98,0.06,0.0,0.0,0,0,big5_club
DEN,DF,22,2003,17.1,0,6,2,33.3,0.35,0.12,0.0,0.0,0,0,big5_club
ESP,"MF,DF",32,1993,7.4,0,5,0,0.0,0.67,0.0,0.0,,0,0,big5_club
ESP,"FW,MF",38,1987,10.9,5,22,11,50.0,2.02,1.01,0.14,0.27,2,2,big5_club
SRB,FW,21,2003,2.6,0,6,1,16.7,2.32,0.39,0.0,0.0,0,0,big5_club
MAR,MF,21,2004,6.8,0,3,1,33.3,0.44,0.15,0.0,0.0,0,0,big5_club
NED,FW,26,1999,12.8,4,35,13,37.1,2.74,1.02,0.11,0.31,0,0,big5_club
CRO,MF,28,1996,19.3,2,30,12,40.0,1.56,0.62,0.07,0.17,0,0,big5_club
ARG,FW,26,1998,7.7,2,20,8,40.0,2.6,1.04,0.1,0.25,0,0,big5_club
ITA,DF,25,2000,34.0,0,6,1,16.7,0.18,0.03,0.0,0.0,0,0,big5_club
FRA,MF,25,2000,0.3,0,0,0,,0.0,0.0,,,0,0,big5_club
FRA,DF,22,2003,2.5,0,0,0,,0.0,0.0,,,0,0,big5_club
IRL,DF,25,1999,6.0,0,2,0,0.0,0.33,0.0,0.0,,0,0,big5_club
POR,DF,22,2002,33.6,0,6,2,33.3,0.18,0.06,0.0,0.0,0,0,big5_club
ITA,FW,17,2008,7.6,1,16,3,18.8,2.1,0.39,0.06,0.33,0,1,big5_club
FRA,DF,25,2000,2.2,0,0,0,,0.0,0.0,,,0,0,big5_club
GER,DF,23,2002,18.9,1,6,2,33.3,0.32,0.11,0.17,0.5,0,0,big5_club
ANG,DF,27,1997,20.3,0,9,1,11.1,0.44,0.05,0.0,0.0,0,0,big5_club
CIV,MF,24,2000,6.0,2,19,5,26.3,3.14,0.83,0.11,0.4,0,0,big5_club
ZAM,"MF,FW",24,2001,19.5,5,38,15,39.5,1.95,0.77,0.13,0.33,0,0,big5_club
MLI,MF,29,1996,29.9,3,28,8,28.6,0.94,0.27,0.11,0.38,0,0,big5_club
CHI,DF,20,2005,0.3,0,0,0,,0.0,0.0,,,0,0,big5_club
ALB,MF,21,2003,9.7,2,24,5,20.8,2.48,0.52,0.08,0.4,0,0,big5_club
GUI,MF,23,2001,7.0,0,9,4,44.4,1.28,0.57,0.0,0.0,0,0,big5_club
SRB,FW,23,2001,19.0,4,33,9,27.3,1.74,0.47,0.09,0.33,1,1,big5_club
NED,MF,20,2005,0.3,0,0,0,,0.0,0.0,,,0,0,big5_club
ISR,"MF,FW",25,2000,10.8,2,10,3,30.0,0.92,0.28,0.2,0.67,0,0,big5_club
MTN,MF,21,2004,9.4,0,5,2,40.0,0.53,0.21,0.0,0.0,0,0,big5_club
ITA,"FW,MF",26,1999,11.8,1,20,3,15.0,1.69,0.25,0.05,0.33,0,0,big5_club
TOG,MF,22,2003,0.9,0,2,0,0.0,2.14,0.0,0.0,,0,0,big5_club
ARG,"MF,FW",24,2001,28.9,1,33,8,24.2,1.14,0.28,0.03,0.13,0,0,big5_club
ESP,"FW,MF",28,1996,9.5,0,14,2,14.3,1.47,0.21,0.0,0.0,0,0,big5_club
POR,DF,20,2004,35.8,2,20,4,20.0,0.56,0.11,0.1,0.5,0,0,big5_club
MAR,FW,27,1998,11.1,3,25,10,40.0,2.25,0.9,0.12,0.3,0,0,big5_club
ITA,GK,30,1995,38.0,0,0,0,,0.0,0.0,,,0,0,big5_club
ALB,MF,29,1996,35.6,1,34,5,14.7,0.96,0.14,0.03,0.2,0,0,big5_club
MAR,MF,26,1998,5.1,0,7,1,14.3,1.37,0.2,0.0,0.0,0,0,big5_club
ESP,MF,24,2001,1.9,0,4,2,50.0,2.16,1.08,0.0,0.0,0,0,big5_club
ISL,MF,24,2000,1.6,0,3,2,66.7,1.84,1.22,0.0,0.0,0,0,big5_club
FRA,MF,30,1995,28.3,6,46,12,26.1,1.62,0.42,0.13,0.5,0,0,big5_club
BEL,MF,26,1999,31.0,3,43,11,25.6,1.39,0.36,0.07,0.27,0,0,big5_club
SUI,MF,23,2002,7.8,0,7,2,28.6,0.9,0.26,0.0,0.0,0,0,big5_club
NED,FW,18,2006,0.1,0,1,0,0.0,18.0,0.0,0.0,,0,0,big5_club
USA,FW,26,1998,17.9,8,54,25,46.3,3.02,1.4,0.15,0.32,0,1,big5_club
FRA,FW,27,1997,15.1,7,29,16,55.2,1.92,1.06,0.07,0.13,5,5,big5_club
GER,DF,19,2006,0.1,0,0,0,,0.0,0.0,,,0,0,big5_club
ITA,"MF,DF",19,2005,27.1,2,22,7,31.8,0.81,0.26,0.09,0.29,0,0,big5_club
ENG,DF,27,1997,28.4,0,9,2,22.2,0.32,0.07,0.0,0.0,0,0,big5_club
BEL,DF,23,2002,20.0,1,7,1,14.3,0.35,0.05,0.14,1.0,0,0,big5_club
CRO,MF,39,1985,31.2,2,20,8,40.0,0.64,0.26,0.1,0.25,0,0,big5_club
ITA,DF,25,1999,28.1,0,19,3,15.8,0.68,0.11,0.0,0.0,0,0,big5_club
FRA,GK,30,1995,36.6,0,0,0,,0.0,0.0,,,0,0,big5_club
GER,FW,32,1993,7.3,1,16,5,31.3,2.19,0.68,0.06,0.2,0,1,big5_club
ECU,MF,27,1998,11.5,1,9,1,11.1,0.78,0.09,0.11,1.0,0,0,big5_club
ITA,GK,35,1990,1.4,0,0,0,,0.0,0.0,,,0,0,big5_club
POR,FW,26,1999,20.6,9,63,24,38.1,3.06,1.17,0.11,0.29,2,2,big5_club
ENG,"MF,FW",29,1996,12.6,3,29,6,20.7,2.3,0.48,0.1,0.5,0,0,big5_club
NGA,"FW,MF",26,1999,0.3,0,0,0,,0.0,0.0,,,0,0,big5_club
ITA,MF,23,2001,14.6,1,18,6,33.3,1.23,0.41,0.06,0.17,0,0,big5_club
MEX,FW,24,2001,9.9,0,27,9,33.3,2.72,0.91,0.0,0.0,0,0,big5_club
SRB,DF,24,2001,31.9,5,26,6,23.1,0.82,0.19,0.19,0.83,0,0,big5_club
FRA,MF,26,1999,24.5,2,45,18,40.0,1.84,0.74,0.04,0.11,0,0,big5_club
USA,MF,22,2002,1.0,0,0,0,,0.0,0.0,,,0,0,big5_club
SUI,"MF,DF",20,2004,9.3,2,13,4,30.8,1.4,0.43,0.15,0.5,0,0,big5_club
ESP,DF,20,2005,0.5,0,0,0,,0.0,0.0,,,0,0,big5_club
ITA,DF,26,1999,28.0,0,8,3,37.5,0.29,0.11,0.0,0.0,0,0,big5_club
ITA,GK,28,1997,10.9,0,0,0,,0.0,0.0,,,0,0,big5_club
BRA,"MF,FW",22,2002,9.3,4,29,16,55.2,3.13,1.73,0.14,0.25,0,0,big5_club
KVX,DF,31,1994,19.9,2,15,4,26.7,0.75,0.2,0.13,0.5,0,0,big5_club
CMR,MF,29,1995,14.0,4,23,9,39.1,1.65,0.64,0.17,0.44,0,0,big5_club
ITA,MF,22,2003,6.8,1,10,3,30.0,1.47,0.44,0.1,0.33,0,0,big5_club
SCO,MF,24,2001,8.9,1,10,3,30.0,1.12,0.34,0.1,0.33,0,0,big5_club
BRA,"FW,MF",28,1997,10.2,3,17,4,23.5,1.66,0.39,0.18,0.75,0,0,big5_club
MKD,"MF,FW",25,1999,19.8,1,27,9,33.3,1.36,0.45,0.04,0.11,0,0,big5_club
BRA,"MF,FW",21,2003,3.8,0,9,2,22.2,2.4,0.53,0.0,0.0,0,0,big5_club
ITA,"DF,MF",31,1993,25.3,2,25,9,36.0,0.99,0.36,0.08,0.22,0,0,big5_club
ITA,FW,21,2003,0.4,0,0,0,,0.0,0.0,,,0,0,big5_club
BRA,DF,34,1991,18.6,0,3,0,0.0,0.16,0.0,0.0,,0,0,big5_club
BEL,MF,34,1991,12.9,5,27,11,40.7,2.09,0.85,0.07,0.18,3,3,big5_club
ITA,"MF,DF",32,1993,21.1,3,21,7,33.3,0.99,0.33,0.14,0.43,0,0,big5_club
ITA,FW,24,2000,4.5,1,15,5,33.3,3.31,1.1,0.07,0.2,0,0,big5_club
ITA,DF,21,2004,1.3,0,1,0,0.0,0.76,0.0,0.0,,0,0,big5_club
URU,"DF,MF",27,1997,15.2,0,8,3,37.5,0.53,0.2,0.0,0.0,0,0,big5_club
ITA,"MF,FW",31,1993,24.4,2,49,13,26.5,2.0,0.53,0.04,0.15,0,0,big5_club
ESP,"MF,DF",24,2001,16.5,1,15,5,33.3,0.91,0.3,0.07,0.2,0,0,big5_club
ITA,GK,29,1996,0.1,0,0,0,,0.0,0.0,,,0,0,big5_club
NED,"FW,MF",26,1999,7.4,1,9,4,44.4,1.22,0.54,0.11,0.25,0,0,big5_club
ITA,MF,30,1995,3.4,0,2,1,50.0,0.58,0.29,0.0,0.0,0,0,big5_club
DEN,FW,22,2003,30.6,12,60,25,41.7,1.96,0.82,0.18,0.44,1,1,big5_club
BEL,FW,32,1993,0.5,1,2,1,50.0,4.09,2.05,0.5,1.0,0,0,big5_club
NED,DF,26,1998,18.7,2,8,4,50.0,0.43,0.21,0.25,0.5,0,0,big5_club
SCO,MF,28,1996,31.0,10,101,34,33.7,3.26,1.1,0.1,0.29,0,1,big5_club
SVK,MF,30,1994,27.0,1,8,4,50.0,0.3,0.15,0.13,0.25,0,0,big5_club
SRB,GK,28,1997,27.0,0,0,0,,0.0,0.0,,,0,0,big5_club
SEN,DF,23,2002,8.7,0,6,0,0.0,0.69,0.0,0.0,,0,0,big5_club
POL,FW,24,2000,5.4,1,8,3,37.5,1.47,0.55,0.0,0.0,1,1,big5_club
ESP,MF,24,2001,27.4,3,50,12,24.0,1.82,0.44,0.06,0.25,0,0,big5_club
ITA,FW,19,2006,0.5,0,0,0,,0.0,0.0,,,0,0,big5_club
AUS,DF,21,2003,29.6,1,8,1,12.5,0.27,0.03,0.13,1.0,0,0,big5_club
USA,MF,20,2005,1.5,0,1,0,0.0,0.68,0.0,0.0,,0,0,big5_club
ARG,MF,21,2004,12.1,1,10,2,20.0,0.82,0.16,0.1,0.5,0,0,big5_club
POL,FW,19,2006,0.8,0,1,0,0.0,1.29,0.0,0.0,,0,0,big5_club
ITA,GK,24,2001,17.0,0,0,0,,0.0,0.0,,,0,0,big5_club
ITA,"MF,DF",26,1998,29.4,0,23,5,21.7,0.78,0.17,0.0,0.0,0,0,big5_club
ITA,"DF,MF",25,1999,32.8,2,18,9,50.0,0.55,0.27,0.11,0.22,0,0,big5_club
ITA,GK,22,2002,1.0,0,0,0,,0.0,0.0,,,0,0,big5_club
ITA,MF,22,2003,1.3,0,0,0,,0.0,0.0,,,0,0,big5_club
BRA,FW,28,1997,11.2,2,24,7,29.2,2.14,0.63,0.08,0.29,0,0,big5_club
ITA,"FW,MF",22,2002,9.5,1,24,4,16.7,2.51,0.42,0.04,0.25,0,0,big5_club
ITA,MF,25,2000,9.7,0,16,2,12.5,1.66,0.21,0.0,0.0,0,0,big5_club
BRA,MF,31,1994,0.8,0,1,0,0.0,1.23,0.0,0.0,,0,0,big5_club
SWE,"FW,MF",22,2002,8.6,0,21,7,33.3,2.45,0.82,0.0,0.0,0,0,big5_club
ARG,DF,26,1999,25.0,0,17,4,23.5,0.68,0.16,0.0,0.0,0,0,big5_club
BEL,MF,23,2002,33.1,1,16,5,31.3,0.48,0.15,0.06,0.2,0,0,big5_club
ARG,DF,22,2003,18.1,1,9,2,22.2,0.5,0.11,0.11,0.5,0,0,big5_club
ARG,FW,24,2001,33.2,9,73,22,30.1,2.2,0.66,0.11,0.36,1,1,big5_club
NOR,MF,21,2003,5.2,0,3,0,0.0,0.57,0.0,0.0,,0,0,big5_club
BIH,FW,35,1990,0.8,0,5,0,0.0,6.08,0.0,0.0,,0,0,big5_club
ARG,MF,29,1995,11.7,0,9,1,11.1,0.77,0.09,0.0,0.0,0,0,big5_club
FRA,FW,24,2001,3.4,2,6,3,50.0,1.75,0.87,0.33,0.67,0,0,big5_club
DEN,MF,23,2002,20.4,1,15,3,20.0,0.73,0.15,0.07,0.33,0,0,big5_club
ITA,FW,27,1998,9.9,1,25,7,28.0,2.53,0.71,0.04,0.14,0,0,big5_club
SWE,MF,26,1999,5.1,0,5,2,40.0,0.98,0.39,0.0,0.0,0,0,big5_club
SUI,"MF,DF",18,2006,23.3,0,13,3,23.1,0.56,0.13,0.0,0.0,0,0,big5_club
SVN,MF,22,2003,0.0,0,0,0,,0.0,0.0,,,0,0,big5_club
JPN,GK,22,2002,20.0,0,0,0,,0.0,0.0,,,0,0,big5_club
CRO,GK,27,1998,25.0,0,0,0,,0.0,0.0,,,0,0,big5_club
ITA,DF,35,1990,34.1,2,25,6,24.0,0.73,0.18,0.08,0.33,0,0,big5_club
ITA,DF,29,1996,16.8,0,4,1,25.0,0.24,0.06,0.0,0.0,0,0,big5_club
ITA,MF,17,2007,0.2,0,0,0,,0.0,0.0,,,0,0,big5_club
NED,"FW,MF",26,1998,0.5,0,2,1,50.0,3.91,1.96,0.0,0.0,0,0,big5_club
SUI,DF,21,2004,1.4,0,0,0,,0.0,0.0,,,0,0,big5_club
NGA,MF,20,2004,16.0,0,13,3,23.1,0.81,0.19,0.0,0.0,0,0,big5_club
CHI,MF,24,2000,6.0,1,9,1,11.1,1.51,0.17,0.11,1.0,0,0,big5_club
SUI,"FW,MF",25,2000,7.3,0,10,4,40.0,1.37,0.55,0.0,0.0,0,0,big5_club
ITA,DF,20,2005,5.1,0,2,0,0.0,0.39,0.0,0.0,,0,0,big5_club
ITA,MF,24,2001,9.7,0,19,7,36.8,1.95,0.72,0.0,0.0,0,0,big5_club
ITA,"DF,MF",22,2003,5.5,0,6,1,16.7,1.09,0.18,0.0,0.0,0,0,big5_club
DEN,FW,21,2003,16.8,2,20,8,40.0,1.19,0.48,0.1,0.25,0,0,big5_club
GER,MF,27,1998,25.3,1,29,8,27.6,1.15,0.32,0.03,0.13,0,0,big5_club
COL,MF,37,1988,5.6,1,10,2,20.0,1.78,0.36,0.0,0.0,1,1,big5_club
BRA,FW,19,2006,1.4,1,3,1,33.3,2.21,0.74,0.33,1.0,0,0,big5_club
CZE,FW,17,2007,0.4,0,0,0,,0.0,0.0,,,0,0,big5_club
ANG,FW,28,1996,11.7,3,28,7,25.0,2.4,0.6,0.04,0.14,2,3,big5_club
DEN,MF,24,2001,9.4,0,4,2,50.0,0.42,0.21,0.0,0.0,0,0,big5_club
ROU,MF,26,1998,14.2,0,3,0,0.0,0.21,0.0,0.0,,0,0,big5_club
BRA,DF,21,2004,2.2,0,4,0,0.0,1.82,0.0,0.0,,0,0,big5_club
FRA,"MF,FW",25,2000,17.8,2,28,9,32.1,1.58,0.51,0.04,0.11,1,1,big5_club
ALG,MF,27,1998,21.1,2,25,7,28.0,1.18,0.33,0.08,0.29,0,0,big5_club
SUI,MF,28,1997,32.1,1,19,5,26.3,0.59,0.16,0.05,0.2,0,0,big5_club
BRA,GK,37,1988,6.0,0,0,0,,0.0,0.0,,,0,0,big5_club
NGA,FW,22,2003,4.8,1,9,5,55.6,1.87,1.04,0.11,0.2,0,0,big5_club
ESP,DF,39,1985,5.6,0,1,0,0.0,0.18,0.0,0.0,,0,0,big5_club
BUL,DF,20,2005,6.8,0,3,1,33.3,0.44,0.15,0.0,0.0,0,0,big5_club
ENG,MF,21,2003,1.2,0,0,0,,0.0,0.0,,,0,0,big5_club
ITA,MF,21,2003,28.9,0,14,3,21.4,0.48,0.1,0.0,0.0,0,0,big5_club
ITA,DF,24,2000,35.6,1,16,3,18.8,0.45,0.08,0.06,0.33,0,0,big5_club
ITA,GK,29,1996,7.0,0,0,0,,0.0,0.0,,,0,0,big5_club
ITA,"FW,MF",32,1993,25.6,7,52,20,38.5,2.03,0.78,0.1,0.25,2,2,big5_club
POR,"DF,MF",23,2002,0.2,0,0,0,,0.0,0.0,,,0,0,big5_club
TUR,MF,19,2006,8.4,0,6,1,16.7,0.72,0.12,0.0,0.0,0,0,big5_club
SUI,MF,19,2006,0.1,0,0,0,,0.0,0.0,,,0,0,big5_club
ESP,MF,28,1997,4.6,0,5,2,40.0,1.08,0.43,0.0,0.0,0,0,big5_club
ITA,FW,16,2009,0.3,0,2,0,0.0,7.83,0.0,0.0,,0,0,big5_club
UKR,FW,28,1997,4.4,3,12,6,50.0,2.75,1.37,0.25,0.5,0,0,big5_club
ITA,MF,30,1995,34.4,2,44,8,18.2,1.28,0.23,0.05,0.25,0,0,big5_club
ESP,MF,23,2001,1.5,0,1,1,100.0,0.67,0.67,0.0,0.0,0,0,big5_club
ITA,DF,22,2003,12.2,0,3,0,0.0,0.25,0.0,0.0,,0,0,big5_club
NED,MF,22,2003,13.2,1,6,2,33.3,0.46,0.15,0.17,0.5,0,0,big5_club
NED,FW,26,1999,16.3,14,70,31,44.3,4.29,1.9,0.16,0.35,3,4,big5_club
IRL,FW,20,2004,8.6,3,27,15,55.6,3.14,1.75,0.11,0.2,0,0,big5_club
ITA,DF,29,1996,34.0,4,20,8,40.0,0.59,0.24,0.2,0.5,0,0,big5_club
POL,DF,20,2005,5.7,0,2,0,0.0,0.35,0.0,0.0,,0,0,big5_club
GRE,MF,29,1996,7.2,0,7,0,0.0,0.98,0.0,0.0,,0,0,big5_club
JAM,FW,27,1997,2.1,0,3,1,33.3,1.45,0.48,0.0,0.0,0,0,big5_club
ITA,MF,29,1996,16.3,4,32,12,37.5,1.97,0.74,0.06,0.17,2,2,big5_club
ITA,MF,19,2006,2.3,0,4,0,0.0,1.74,0.0,0.0,,0,0,big5_club
FRA,MF,24,2001,27.3,2,21,5,23.8,0.77,0.18,0.1,0.4,0,0,big5_club
ESP,DF,30,1995,23.2,3,20,6,30.0,0.86,0.26,0.15,0.5,0,0,big5_club
ARG,"MF,FW",22,2003,23.8,6,52,18,34.6,2.19,0.76,0.12,0.33,0,0,big5_club
SRB,GK,25,1999,38.0,0,0,0,,0.0,0.0,,,0,0,big5_club
MAR,MF,24,2001,11.1,1,6,4,66.7,0.54,0.36,0.17,0.25,0,0,big5_club
ITA,MF,20,2004,14.4,2,19,5,26.3,1.32,0.35,0.11,0.4,0,0,big5_club
CIV,DF,25,1999,29.8,3,23,6,26.1,0.77,0.2,0.13,0.5,0,0,big5_club
ARG,"MF,FW",31,1993,15.0,2,43,18,41.9,2.86,1.2,0.05,0.11,0,1,big5_club
FRA,FW,18,2007,2.4,1,5,2,40.0,2.08,0.83,0.2,0.5,0,0,big5_club
ITA,"MF,FW",32,1992,7.4,1,18,7,38.9,2.43,0.95,0.06,0.14,0,0,big5_club
ITA,"FW,MF",22,2003,4.3,1,11,4,36.4,2.56,0.93,0.09,0.25,0,0,big5_club
BRA,MF,21,2003,27.2,5,25,13,52.0,0.92,0.48,0.2,0.38,0,0,big5_club
TUR,"MF,DF",28,1997,30.3,1,22,4,18.2,0.73,0.13,0.05,0.25,0,0,big5_club
GAM,FW,23,2001,11.0,2,13,4,30.8,1.19,0.36,0.15,0.5,0,0,big5_club
ITA,MF,25,2000,0.1,0,0,0,,0.0,0.0,,,0,0,big5_club
ITA,FW,26,1999,28.4,9,73,30,41.1,2.57,1.06,0.12,0.3,0,1,big5_club
KVX,GK,26,1998,32.0,0,0,0,,0.0,0.0,,,0,0,big5_club
FRA,FW,26,1998,28.8,7,71,26,36.6,2.47,0.9,0.1,0.27,0,0,big5_club
BEL,MF,22,2002,7.7,0,3,1,33.3,0.39,0.13,0.0,0.0,0,0,big5_club
NED,DF,24,2000,0.0,0,0,0,,0.0,0.0,,,0,0,big5_club
ITA,MF,18,2006,0.0,0,0,0,,0.0,0.0,,,0,0,big5_club
ITA,FW,21,2003,11.8,2,21,7,33.3,1.78,0.59,0.1,0.29,0,0,big5_club
ROU,MF,26,1998,1.5,0,2,0,0.0,1.33,0.0,0.0,,0,0,big5_club
FRA,MF,17,2007,1.4,0,3,1,33.3,2.11,0.7,0.0,0.0,0,0,big5_club
ITA,FW,30,1994,21.8,8,40,21,52.5,1.84,0.97,0.15,0.29,2,3,big5_club
ITA,MF,24,2001,2.9,1,3,1,33.3,1.04,0.35,0.33,1.0,0,0,big5_club
GNB,DF,27,1998,5.7,0,3,0,0.0,0.53,0.0,0.0,,0,0,big5_club
ITA,DF,28,1997,3.5,0,2,0,0.0,0.58,0.0,0.0,,0,0,big5_club
ITA,GK,22,2003,0.1,0,0,0,,0.0,0.0,,,0,0,big5_club
CAN,MF,23,2002,30.4,6,23,10,43.5,0.76,0.33,0.26,0.6,0,0,big5_club
IDN,DF,25,2000,34.0,0,5,0,0.0,0.15,0.0,0.0,,0,0,big5_club
SCO,DF,23,2002,21.3,0,11,4,36.4,0.52,0.19,0.0,0.0,0,0,big5_club
NOR,MF,26,1999,27.3,4,43,13,30.2,1.57,0.48,0.09,0.31,0,0,big5_club
DEN,FW,22,2002,0.1,0,1,0,0.0,9.0,0.0,0.0,,0,0,big5_club
ITA,MF,20,2005,11.5,0,12,3,25.0,1.04,0.26,0.0,0.0,0,0,big5_club
ITA,FW,24,2001,2.3,0,6,1,16.7,2.56,0.43,0.0,0.0,0,0,big5_club
ANG,FW,28,1996,5.3,1,11,4,36.4,2.09,0.76,0.09,0.25,0,0,big5_club
SRB,MF,36,1988,29.6,1,11,4,36.4,0.37,0.14,0.09,0.25,0,0,big5_club
ITA,"FW,MF",26,1998,1.6,0,5,2,40.0,3.17,1.27,0.0,0.0,0,0,big5_club
BRA,DF,21,2004,1.4,0,0,0,,0.0,0.0,,,0,0,big5_club
POL,DF,25,2000,31.7,0,7,0,0.0,0.22,0.0,0.0,,0,0,big5_club
ITA,GK,23,2001,5.9,0,0,0,,0.0,0.0,,,0,0,big5_club
BIH,DF,22,2003,31.5,2,20,7,35.0,0.63,0.22,0.1,0.29,0,0,big5_club
ITA,DF,19,2006,1.0,0,1,0,0.0,1.0,0.0,0.0,,0,0,big5_club
SUI,DF,29,1996,10.5,1,2,1,50.0,0.19,0.1,0.5,1.0,0,0,big5_club
MAR,FW,27,1998,2.5,1,8,2,25.0,3.26,0.81,0.13,0.5,0,0,big5_club
MLI,DF,26,1999,11.7,0,6,1,16.7,0.51,0.09,0.0,0.0,0,0,big5_club
MAR,DF,31,1994,2.6,0,0,0,,0.0,0.0,,,0,0,big5_club
CMR,DF,31,1994,12.4,0,5,0,0.0,0.4,0.0,0.0,,0,0,big5_club
ITA,GK,32,1992,29.0,0,0,0,,0.0,0.0,,,0,0,big5_club
FRA,DF,21,2004,0.2,0,1,0,0.0,4.29,0.0,0.0,,0,0,big5_club
SWE,"MF,FW",20,2005,3.3,1,6,3,50.0,1.81,0.9,0.17,0.33,0,0,big5_club
ALB,DF,28,1996,21.2,0,6,4,66.7,0.28,0.19,0.0,0.0,0,0,big5_club
ITA,MF,22,2003,22.2,6,35,17,48.6,1.58,0.77,0.17,0.35,0,0,big5_club
SCO,FW,29,1996,21.0,6,53,18,34.0,2.52,0.86,0.11,0.33,0,0,big5_club
ITA,"MF,DF",32,1992,5.7,0,2,0,0.0,0.35,0.0,0.0,,0,0,big5_club
BEL,FW,25,2000,11.0,1,24,12,50.0,2.17,1.09,0.04,0.08,0,0,big5_club
COL,FW,34,1991,12.3,3,34,15,44.1,2.77,1.22,0.09,0.2,0,1,big5_club
TUR,MF,21,2004,11.1,1,13,3,23.1,1.17,0.27,0.08,0.33,0,0,big5_club
CMR,DF,26,1999,12.4,0,0,0,,0.0,0.0,,,0,0,big5_club
ENG,MF,23,2001,3.2,0,4,1,25.0,1.25,0.31,0.0,0.0,0,0,big5_club
URU,GK,25,2000,9.0,0,0,0,,0.0,0.0,,,0,0,big5_club
ARG,FW,30,1995,24.8,11,78,28,35.9,3.15,1.13,0.14,0.39,0,0,big5_club
CHI,DF,31,1994,23.8,2,18,8,44.4,0.76,0.34,0.11,0.25,0,0,big5_club
LTU,MF,21,2004,19.5,0,27,5,18.5,1.38,0.26,0.0,0.0,0,0,big5_club
SRB,MF,24,2001,4.6,0,0,0,,0.0,0.0,,,0,0,big5_club
ALB,MF,23,2002,12.5,0,20,4,20.0,1.59,0.32,0.0,0.0,0,1,big5_club
ITA,DF,21,2004,6.4,0,1,0,0.0,0.16,0.0,0.0,,0,0,big5_club
NOR,"MF,DF",25,2000,23.7,1,15,3,20.0,0.63,0.13,0.07,0.33,0,0,big5_club
ITA,MF,21,2003,6.8,0,12,0,0.0,1.76,0.0,0.0,,0,0,big5_club
FRA,"MF,DF",24,2000,3.9,0,4,1,25.0,1.01,0.25,0.0,0.0,0,0,big5_club
CRO,"MF,FW",27,1997,33.8,8,49,17,34.7,1.45,0.5,0.06,0.18,5,5,big5_club
ESP,MF,21,2004,12.4,1,7,2,28.6,0.56,0.16,0.14,0.5,0,0,big5_club
CRO,FW,25,1999,3.3,0,5,2,40.0,1.5,0.6,0.0,0.0,0,0,big5_club
EQG,DF,26,1999,34.3,1,15,4,26.7,0.44,0.12,0.07,0.25,0,0,big5_club
AUT,MF,29,1996,25.0,0,8,2,25.0,0.32,0.08,0.0,0.0,0,0,big5_club
MAR,MF,25,2000,5.7,0,7,2,28.6,1.23,0.35,0.0,0.0,0,0,big5_club
FRA,MF,16,2008,0.1,0,0,0,,0.0,0.0,,,0,0,big5_club
POL,FW,29,1996,10.2,3,12,6,50.0,1.17,0.59,0.25,0.5,0,0,big5_club
ITA,MF,24,2000,14.2,1,3,1,33.3,0.21,0.07,0.33,1.0,0,0,big5_club
FRA,MF,22,2003,28.4,5,57,20,35.1,2.01,0.7,0.09,0.25,0,0,big5_club
CRO,DF,18,2007,1.8,0,1,0,0.0,0.54,0.0,0.0,,0,0,big5_club
BEL,DF,34,1991,25.0,3,9,6,66.7,0.36,0.24,0.33,0.5,0,0,big5_club
ITA,GK,39,1985,2.0,0,0,0,,0.0,0.0,,,0,0,big5_club
CIV,"MF,DF",31,1994,20.7,0,16,5,31.3,0.77,0.24,0.0,0.0,0,0,big5_club
SEN,FW,18,2006,4.7,1,20,6,30.0,4.28,1.28,0.05,0.17,0,0,big5_club
ESP,FW,20,2005,2.3,1,4,1,25.0,1.75,0.44,0.25,1.0,0,0,big5_club
POL,MF,27,1997,18.8,1,36,9,25.0,1.91,0.48,0.03,0.11,0,0,big5_club
SWE,MF,30,1995,35.0,1,20,3,15.0,0.57,0.09,0.05,0.33,0,0,big5_club
ZIM,"MF,DF",25,1999,12.5,0,5,1,20.0,0.4,0.08,0.0,0.0,0,0,big5_club
COL,MF,19,2005,2.1,0,1,1,100.0,0.47,0.47,0.0,0.0,0,0,big5_club
NED,MF,25,2000,24.3,5,33,15,45.5,1.36,0.62,0.15,0.33,0,0,big5_club
ENG,FW,27,1998,22.9,10,50,25,50.0,2.18,1.09,0.12,0.24,4,4,big5_club
NED,"MF,DF",30,1995,20.1,2,9,2,22.2,0.45,0.1,0.22,1.0,0,0,big5_club
SCO,MF,18,2006,11.1,0,9,1,11.1,0.81,0.09,0.0,0.0,0,0,big5_club
NGA,GK,25,1999,29.1,0,0,0,,0.0,0.0,,,0,0,big5_club
GER,DF,17,2008,1.3,0,0,0,,0.0,0.0,,,0,0,big5_club
ITA,"DF,MF",22,2003,19.6,0,13,4,30.8,0.66,0.2,0.0,0.0,0,0,big5_club
ITA,"FW,MF",26,1999,25.1,5,72,22,30.6,2.87,0.88,0.07,0.23,0,0,big5_club
ESP,MF,26,1999,5.3,0,4,1,25.0,0.76,0.19,0.0,0.0,0,0,big5_club
FRA,DF,25,2000,32.9,3,33,6,18.2,1.0,0.18,0.06,0.33,1,1,big5_club
ROU,GK,23,2002,6.9,0,0,0,,0.0,0.0,,,0,0,big5_club
ANG,MF,25,1999,1.3,0,1,1,100.0,0.76,0.76,0.0,0.0,0,0,big5_club
GEO,DF,21,2004,4.7,0,3,1,33.3,0.64,0.21,0.0,0.0,0,0,big5_club
SVN,MF,27,1998,1.8,0,3,1,33.3,1.68,0.56,0.0,0.0,0,0,big5_club
DEN,DF,23,2002,27.5,3,11,6,54.5,0.4,0.22,0.27,0.5,0,0,big5_club
CIV,FW,28,1997,5.0,0,14,2,14.3,2.78,0.4,0.0,0.0,0,0,big5_club
