nation,pos,age,born,Playing Time_MP,Playing Time_Starts,Playing Time_Min,Playing Time_90s,Performance_Gls,Performance_Ast,Performance_G+A,Performance_G-PK,Performance_PK,Performance_PKatt,Performance_CrdY,Performance_CrdR,Per 90 Minutes_Gls,Per 90 Minutes_Ast,Per 90 Minutes_G+A,Per 90 Minutes_G-PK,Per 90 Minutes_G+A-PK,data_source
ENG,DF,27,1997,12,9,702,7.8,0,1,1,0,0,0,0,0,0.0,0.13,0.13,0.0,0.13,big5_club
ENG,"FW,MF",23,2001,31,25,2222,24.7,7,5,12,6,1,1,2,0,0.28,0.2,0.49,0.24,0.45,big5_club
DEN,MF,31,1994,7,1,106,1.2,0,0,0,0,0,0,0,0,0.0,0.0,0.0,0.0,0.0,big5_club
ESP,DF,21,2004,20,9,994,11.0,0,0,0,0,0,0,4,0,0.0,0.0,0.0,0.0,0.0,big5_club
ESP,GK,29,1995,37,37,3330,37.0,0,0,0,0,0,0,1,0,0.0,0.0,0.0,0.0,0.0,big5_club
ENG,MF,26,1999,36,35,3094,34.4,4,5,9,4,0,0,3,0,0.12,0.15,0.26,0.12,0.26,big5_club
ENG,"MF,FW",27,1998,32,21,1812,20.1,7,2,9,7,0,0,1,0,0.35,0.1,0.45,0.35,0.45,big5_club
ENG,MF,18,2007,6,0,171,1.9,0,0,0,0,0,0,0,0,0.0,0.0,0.0,0.0,0.0,big5_club
BRA,FW,28,1997,14,3,429,4.8,3,0,3,3,0,0,3,0,0.63,0.0,0.63,0.63,0.63,big5_club
BRA,DF,27,1997,32,30,2751,30.6,3,4,7,3,0,0,4,0,0.1,0.13,0.23,0.1,0.23,big5_club
BRA,"FW,MF",24,2001,30,11,1081,12.0,1,4,5,1,0,0,3,0,0.08,0.33,0.42,0.08,0.42,big5_club
NED,DF,24,2001,30,28,2454,27.3,3,5,8,3,0,0,5,0,0.11,0.18,0.29,0.11,0.29,big5_club
GER,"FW,MF",26,1999,12,7,581,6.5,2,3,5,2,0,0,1,0,0.31,0.46,0.77,0.31,0.77,big5_club
ESP,GK,30,1994,1,1,90,1.0,0,0,0,0,0,0,0,0,0.0,0.0,0.0,0.0,0.0,big5_club
BEL,"FW,MF",30,1994,31,21,2000,22.2,6,6,12,6,0,0,2,0,0.27,0.27,0.54,0.27,0.54,big5_club
NOR,MF,26,1998,24,16,1369,15.2,1,6,7,1,0,0,0,0,0.07,0.39,0.46,0.07,0.46,big5_club
ESP,MF,26,1999,38,34,2992,33.2,5,1,6,5,0,0,4,0,0.15,0.03,0.18,0.15,0.18,big5_club
ENG,MF,15,2009,6,1,157,1.7,1,0,1,1,0,0,0,0,0.57,0.0,0.57,0.57,0.57,big5_club
ESP,"MF,FW",29,1996,22,10,1036,11.5,4,3,7,4,0,0,1,0,0.35,0.26,0.61,0.35,0.61,big5_club
ENG,"MF,DF",18,2006,20,5,709,7.9,0,0,0,0,0,0,3,0,0.0,0.0,0.0,0.0,0.0,big5_club
ENG,"FW,MF",23,2002,26,16,1211,13.5,3,1,4,3,0,0,0,0,0.22,0.07,0.3,0.22,0.3,big5_club
ECU,DF,23,2002,25,20,1792,19.9,1,2,3,1,0,0,2,0,0.05,0.1,0.15,0.05,0.15,big5_club
ITA,DF,23,2002,26,22,1699,18.9,1,2,3,1,0,0,5,0,0.05,0.11,0.16,0.05,0.16,big5_club
SWE,FW,27,1998,36,26,2224,24.7,14,1,15,11,3,3,5,0,0.57,0.04,0.61,0.45,0.49,big5_club
FRA,DF,24,2001,31,30,2614,29.0,1,0,1,1,0,0,2,0,0.03,0.0,0.03,0.03,0.03,big5_club
BRA,MF,19,2006,3,0,49,0.5,0,0,0,0,0,0,0,0,0.0,0.0,0.0,0.0,0.0,big5_club
BEL,MF,23,2001,25,21,1758,19.5,2,0,2,2,0,0,3,0,0.1,0.0,0.1,0.1,0.1,big5_club
ESP,DF,22,2003,6,1,86,1.0,0,0,0,0,0,0,0,0,0.0,0.0,0.0,0.0,0.0,big5_club
FRA,MF,25,1999,18,17,1411,15.7,1,3,4,1,0,0,5,0,0.06,0.19,0.26,0.06,0.26,big5_club
ENG,MF,17,2008,1,0,17,0.2,0,0,0,0,0,0,0,0,0.0,0.0,0.0,0.0,0.0,big5_club
NED,"FW,MF",26,1999,21,5,656,7.3,4,1,5,4,0,0,0,0,0.55,0.14,0.69,0.55,0.69,big5_club
BRA,MF,27,1998,13,7,604,6.7,1,0,1,1,0,0,1,0,0.15,0.0,0.15,0.15,0.15,big5_club
ARG,MF,28,1996,36,21,1755,19.5,6,2,8,6,0,0,6,0,0.31,0.1,0.41,0.31,0.41,big5_club
ARG,GK,32,1992,32,32,2835,31.5,0,1,1,0,0,0,2,0,0.0,0.03,0.03,0.0,0.03,big5_club
CIV,MF,24,2001,13,6,588,6.5,0,1,1,0,0,0,0,0,0.0,0.15,0.15,0.0,0.15,big5_club
ENG,DF,27,1997,34,34,3035,33.7,0,0,0,0,0,0,0,1,0.0,0.0,0.0,0.0,0.0,big5_club
ENG,MF,18,2007,2,0,27,0.3,0,0,0,0,0,0,0,0,0.0,0.0,0.0,0.0,0.0,big5_club
ENG,MF,22,2003,4,1,112,1.2,0,0,0,0,0,0,0,0,0.0,0.0,0.0,0.0,0.0,big5_club
NED,DF,23,2002,30,17,1605,17.8,0,1,1,0,0,0,2,0,0.0,0.06,0.06,0.0,0.06,big5_club
ENG,MF,25,2000,23,9,876,9.7,0,2,2,0,0,0,0,0,0.0,0.21,0.21,0.0,0.21,big5_club
ENG,MF,18,2006,1,0,9,0.1,0,0,0,0,0,0,0,0,0.0,0.0,0.0,0.0,0.0,big5_club
SCO,MF,30,1994,30,28,2137,23.7,5,4,9,5,0,0,5,0,0.21,0.17,0.38,0.21,0.38,big5_club
NED,"MF,DF",21,2004,28,11,1053,11.7,0,0,0,0,0,0,5,0,0.0,0.0,0.0,0.0,0.0,big5_club
JAM,MF,27,1997,13,3,459,5.1,0,1,1,0,0,0,1,0,0.0,0.2,0.2,0.0,0.2,big5_club
FRA,DF,32,1993,31,21,1852,20.6,0,6,6,0,0,0,3,0,0.0,0.29,0.29,0.0,0.29,big5_club
NED,GK,34,1991,7,6,585,6.5,0,0,0,0,0,0,2,0,0.0,0.0,0.0,0.0,0.0,big5_club
POL,DF,27,1997,35,34,3014,33.5,3,3,6,3,0,0,9,0,0.09,0.09,0.18,0.09,0.18,big5_club
ENG,MF,23,2002,37,37,3280,36.4,10,6,16,10,0,0,7,0,0.27,0.16,0.44,0.27,0.44,big5_club
ENG,FW,29,1995,37,33,2839,31.5,16,3,19,16,0,0,4,0,0.51,0.1,0.6,0.51,0.6,big5_club
ESP,DF,28,1997,21,18,1676,18.6,0,0,0,0,0,0,1,0,0.0,0.0,0.0,0.0,0.0,big5_club
ENG,MF,31,1993,21,7,857,9.5,3,1,4,3,0,0,1,0,0.32,0.11,0.42,0.32,0.42,big5_club
ENG,FW,27,1997,12,2,286,3.2,2,0,2,2,0,0,0,0,0.63,0.0,0.63,0.63,0.63,big5_club
ENG,DF,32,1993,17,15,1324,14.7,0,0,0,0,0,0,1,0,0.0,0.0,0.0,0.0,0.0,big5_club
SWE,"DF,MF",31,1994,17,11,948,10.5,0,1,1,0,0,0,0,0,0.0,0.09,0.09,0.0,0.09,big5_club
BEL,MF,28,1997,25,21,1862,20.7,0,4,4,0,0,0,0,0,0.0,0.19,0.19,0.0,0.19,big5_club
ENG,DF,34,1991,22,14,1077,12.0,0,2,2,0,0,0,3,0,0.0,0.17,0.17,0.0,0.17,big5_club
FRA,DF,23,2001,38,38,3379,37.5,1,5,6,1,0,0,5,0,0.03,0.13,0.16,0.03,0.16,big5_club
ENG,MF,21,2003,37,34,2849,31.7,3,1,4,3,0,0,5,0,0.09,0.03,0.13,0.09,0.13,big5_club
HUN,MF,19,2005,9,2,140,1.6,0,0,0,0,0,0,1,0,0.0,0.0,0.0,0.0,0.0,big5_club
MAR,MF,25,2000,31,10,1093,12.1,3,1,4,3,0,0,2,0,0.25,0.08,0.33,0.25,0.33,big5_club
GHA,MF,25,2000,20,20,1798,20.0,10,3,13,9,1,2,6,0,0.5,0.15,0.65,0.45,0.6,big5_club
FRA,DF,24,2001,18,15,1277,14.2,0,0,0,0,0,0,1,0,0.0,0.0,0.0,0.0,0.0,big5_club
SCO,MF,19,2005,8,0,113,1.3,0,1,1,0,0,0,0,0,0.0,0.8,0.8,0.0,0.8,big5_club
ENG,MF,20,2004,1,0,7,0.1,0,0,0,0,0,0,0,0,0.0,0.0,0.0,0.0,0.0,big5_club
WAL,MF,28,1997,31,13,1204,13.4,1,3,4,1,0,0,7,0,0.07,0.22,0.3,0.07,0.3,big5_club
FRA,"MF,FW",19,2006,33,21,1672,18.6,13,0,13,11,2,2,5,0,0.7,0.0,0.7,0.59,0.59,big5_club
TUR,FW,28,1997,23,0,232,2.6,1,0,1,1,0,0,1,0,0.39,0.0,0.39,0.39,0.39,big5_club
BRA,FW,25,1999,36,32,2742,30.5,6,1,7,6,0,0,2,0,0.2,0.03,0.23,0.2,0.23,big5_club
CIV,MF,25,2000,1,0,17,0.2,0,1,1,0,0,0,0,0,0.0,5.29,5.29,0.0,5.29,big5_club
ENG,DF,23,2002,29,22,2106,23.4,0,3,3,0,0,0,5,0,0.0,0.13,0.13,0.0,0.13,big5_club
ARG,DF,20,2005,3,0,35,0.4,0,0,0,0,0,0,0,0,0.0,0.0,0.0,0.0,0.0,big5_club
NED,MF,26,1999,20,10,952,10.6,2,0,2,2,0,0,5,0,0.19,0.0,0.19,0.19,0.19,big5_club
ENG,"MF,DF",28,1997,18,8,874,9.7,0,1,1,0,0,0,1,1,0.0,0.1,0.1,0.0,0.1,big5_club
ARG,DF,28,1997,37,37,3288,36.5,0,5,5,0,0,0,8,0,0.0,0.14,0.14,0.0,0.14,big5_club
ENG,MF,26,1999,34,31,2732,30.4,7,4,11,5,2,2,6,0,0.23,0.13,0.36,0.16,0.3,big5_club
BRA,MF,18,2006,15,13,1111,12.3,5,2,7,5,0,0,1,0,0.41,0.16,0.57,0.41,0.57,big5_club
SCO,MF,30,1995,26,9,993,11.0,2,0,2,2,0,0,3,1,0.18,0.0,0.18,0.18,0.18,big5_club
USA,MF,26,1999,25,21,1773,19.7,2,2,4,2,0,0,8,0,0.1,0.1,0.2,0.1,0.2,big5_club
SRB,DF,18,2007,7,4,368,4.1,0,0,0,0,0,0,0,0,0.0,0.0,0.0,0.0,0.0,big5_club
ESP,"DF,MF",20,2005,31,26,2317,25.7,1,0,1,1,0,0,10,0,0.04,0.0,0.04,0.04,0.04,big5_club
SRB,GK,25,1999,38,38,3420,38.0,0,0,0,0,0,0,3,0,0.0,0.0,0.0,0.0,0.0,big5_club
SCO,"DF,MF",23,2002,21,8,690,7.7,0,0,0,0,0,0,1,0,0.0,0.0,0.0,0.0,0.0,big5_club
NED,MF,20,2005,1,1,45,0.5,0,0,0,0,0,0,0,0,0.0,0.0,0.0,0.0,0.0,big5_club
IRL,GK,26,1998,37,37,3330,37.0,0,0,0,0,0,0,1,0,0.0,0.0,0.0,0.0,0.0,big5_club
BFA,MF,23,2002,32,25,2276,25.3,7,3,10,7,0,0,5,0,0.28,0.12,0.4,0.28,0.4,big5_club
JAM,DF,32,1993,4,4,318,3.5,0,0,0,0,0,0,1,0,0.0,0.0,0.0,0.0,0.0,big5_club
POR,MF,22,2002,6,1,102,1.1,1,0,1,1,0,0,0,0,0.88,0.0,0.88,0.88,0.88,big5_club
NGA,MF,27,1998,6,0,92,1.0,0,1,1,0,0,0,0,0,0.0,0.98,0.98,0.0,0.98,big5_club
ISL,GK,23,2001,1,1,90,1.0,0,0,0,0,0,0,0,0,0.0,0.0,0.0,0.0,0.0,big5_club
BRA,FW,24,2001,38,37,3282,36.5,22,1,23,14,8,9,7,0,0.6,0.03,0.63,0.38,0.41,big5_club
ENG,MF,35,1990,32,22,1919,21.3,1,3,4,1,0,0,6,0,0.05,0.14,0.19,0.05,0.19,big5_club
ENG,MF,26,1998,2,0,3,0.0,0,0,0,0,0,0,0,0,0.0,0.0,0.0,0.0,0.0,big5_club
BEL,FW,18,2007,1,0,1,0.0,0,0,0,0,0,0,0,0,0.0,0.0,0.0,0.0,0.0,big5_club
ENG,"DF,MF",24,2001,36,22,1972,21.9,3,3,6,3,0,0,1,0,0.14,0.14,0.27,0.14,0.27,big5_club
GER,"MF,FW",23,2001,35,32,2745,30.5,8,3,11,8,0,1,6,1,0.26,0.1,0.36,0.26,0.36,big5_club
NOR,DF,27,1998,27,20,1810,20.1,0,1,1,0,0,0,4,0,0.0,0.05,0.05,0.0,0.05,big5_club
DEN,MF,29,1996,36,26,2247,25.0,3,1,4,3,0,0,3,0,0.12,0.04,0.16,0.12,0.16,big5_club
ITA,DF,21,2004,37,37,3258,36.2,1,1,2,1,0,0,8,0,0.03,0.03,0.06,0.03,0.06,big5_club
DEN,MF,25,2000,33,24,2054,22.8,4,4,8,4,0,0,0,0,0.18,0.18,0.35,0.18,0.35,big5_club
ENG,MF,22,2002,1,0,1,0.0,0,0,0,0,0,0,0,0,0.0,0.0,0.0,0.0,0.0,big5_club
IRL,DF,24,2001,35,32,2975,33.1,1,2,3,1,0,0,7,0,0.03,0.06,0.09,0.03,0.09,big5_club
ENG,"FW,MF",25,1999,10,0,126,1.4,0,1,1,0,0,0,0,0,0.0,0.71,0.71,0.0,0.71,big5_club
JAM,DF,28,1997,25,14,1328,14.8,0,1,1,0,0,0,2,0,0.0,0.07,0.07,0.0,0.07,big5_club
ENG,FW,18,2006,4,0,41,0.5,0,0,0,0,0,0,0,0,0.0,0.0,0.0,0.0,0.0,big5_club
NED,DF,23,2001,32,30,2763,30.7,0,2,2,0,0,0,2,0,0.0,0.07,0.07,0.0,0.07,big5_club
GER,MF,27,1998,25,15,1444,16.0,1,4,5,1,0,0,8,0,0.06,0.25,0.31,0.06,0.31,big5_club
UKR,MF,21,2004,37,30,2659,29.5,1,2,3,1,0,0,7,0,0.03,0.07,0.1,0.03,0.1,big5_club
NED,GK,22,2002,38,38,3420,38.0,0,0,0,0,0,0,3,0,0.0,0.0,0.0,0.0,0.0,big5_club
GER,MF,21,2004,18,8,719,8.0,1,1,2,1,0,0,2,0,0.13,0.13,0.25,0.13,0.25,big5_club
CMR,MF,21,2004,31,23,1652,18.4,0,0,0,0,0,0,5,0,0.0,0.0,0.0,0.0,0.0,big5_club
GRE,FW,18,2007,21,2,369,4.1,2,1,3,2,0,0,2,0,0.49,0.24,0.73,0.49,0.73,big5_club
ENG,FW,34,1990,37,26,2258,25.1,13,1,14,12,1,3,5,0,0.52,0.04,0.56,0.48,0.52,big5_club
ITA,DF,21,2003,5,2,194,2.2,0,0,0,0,0,0,2,0,0.0,0.0,0.0,0.0,0.0,big5_club
PAR,"MF,FW",22,2003,32,26,2120,23.6,5,1,6,5,0,0,9,0,0.21,0.04,0.25,0.21,0.25,big5_club
TUR,"DF,MF",25,1999,37,34,3133,34.8,1,0,1,1,0,0,6,0,0.03,0.0,0.03,0.03,0.03,big5_club
FRA,"MF,FW",23,2002,32,20,1786,19.8,3,3,6,3,0,0,2,0,0.15,0.15,0.3,0.15,0.3,big5_club
ENG,MF,17,2008,3,1,94,1.0,0,0,0,0,0,0,0,0,0.0,0.0,0.0,0.0,0.0,big5_club
ENG,MF,20,2005,27,20,1741,19.3,4,3,7,4,0,0,0,0,0.21,0.16,0.36,0.21,0.36,big5_club
ENG,MF,39,1986,20,7,784,8.7,1,1,2,0,1,1,2,0,0.11,0.11,0.23,0.0,0.11,big5_club
NED,DF,25,2000,36,36,3210,35.7,3,3,6,3,0,0,9,0,0.08,0.08,0.17,0.08,0.17,big5_club
ENG,MF,19,2005,1,0,1,0.0,0,0,0,0,0,0,0,0,0.0,0.0,0.0,0.0,0.0,big5_club
NED,DF,33,1992,24,9,1057,11.7,1,0,1,1,0,0,5,0,0.09,0.0,0.09,0.09,0.09,big5_club
JPN,"MF,FW",28,1997,25,19,1721,19.1,3,1,4,3,0,0,5,0,0.16,0.05,0.21,0.16,0.21,big5_club
ENG,DF,33,1991,33,31,2838,31.5,1,0,1,1,0,0,10,0,0.03,0.0,0.03,0.03,0.03,big5_club
NED,DF,25,1999,26,23,1903,21.1,2,3,5,2,0,0,8,0,0.09,0.14,0.24,0.09,0.24,big5_club
DEN,MF,24,2000,6,2,204,2.3,1,0,1,0,1,1,0,0,0.44,0.0,0.44,0.0,0.0,big5_club
BEL,"DF,MF",24,2000,30,17,1415,15.7,2,3,5,2,0,0,2,0,0.13,0.19,0.32,0.13,0.32,big5_club
ENG,MF,18,2007,1,0,1,0.0,0,0,0,0,0,0,0,0,0.0,0.0,0.0,0.0,0.0,big5_club
FRA,DF,27,1997,12,9,802,8.9,0,1,1,0,0,0,2,0,0.0,0.11,0.11,0.0,0.11,big5_club
GER,MF,34,1991,19,18,1636,18.2,1,3,4,1,0,0,2,0,0.06,0.17,0.22,0.06,0.22,big5_club
ENG,MF,31,1994,4,0,41,0.5,0,0,0,0,0,0,0,0,0.0,0.0,0.0,0.0,0.0,big5_club
GRE,FW,19,2006,9,1,139,1.5,1,1,2,1,0,0,0,0,0.65,0.65,1.29,0.65,1.29,big5_club
ENG,MF,19,2006,6,0,62,0.7,0,0,0,0,0,0,1,0,0.0,0.0,0.0,0.0,0.0,big5_club
GAM,MF,21,2004,34,26,2391,26.6,3,4,7,3,0,0,3,0,0.11,0.15,0.26,0.11,0.26,big5_club
SWE,MF,21,2003,29,20,1929,21.4,3,3,6,3,0,0,1,0,0.14,0.14,0.28,0.14,0.28,big5_club
ALB,FW,23,2001,24,8,860,9.6,1,1,2,1,0,0,0,0,0.1,0.1,0.21,0.1,0.21,big5_club
ENG,"FW,MF",35,1989,7,0,47,0.5,0,0,0,0,0,0,2,0,0.0,0.0,0.0,0.0,0.0,big5_club
COD,DF,27,1997,14,14,1201,13.3,1,0,1,1,0,0,1,0,0.07,0.0,0.07,0.07,0.07,big5_club
ENG,"DF,MF",22,2003,20,17,1578,17.5,0,0,0,0,0,0,6,0,0.0,0.0,0.0,0.0,0.0,big5_club
POR,MF,25,1999,31,25,2105,23.4,0,2,2,0,0,0,6,0,0.0,0.09,0.09,0.0,0.09,big5_club
TUN,MF,22,2003,27,15,1229,13.7,1,4,5,1,0,0,10,0,0.07,0.29,0.37,0.07,0.37,big5_club
SWE,DF,26,1998,19,17,1539,17.1,0,0,0,0,0,0,0,0,0.0,0.0,0.0,0.0,0.0,big5_club
DEN,"MF,FW",26,1998,28,10,1030,11.4,0,1,1,0,0,0,0,0,0.0,0.09,0.09,0.0,0.09,big5_club
ENG,MF,25,1999,37,32,2722,30.2,8,2,10,8,0,0,4,0,0.26,0.07,0.33,0.26,0.33,big5_club
ENG,MF,30,1994,13,7,684,7.6,0,1,1,0,0,0,1,0,0.0,0.13,0.13,0.0,0.13,big5_club
NED,"FW,MF",20,2004,1,0,10,0.1,0,0,0,0,0,0,0,0,0.0,0.0,0.0,0.0,0.0,big5_club
ENG,DF,28,1997,11,5,500,5.6,0,0,0,0,0,0,0,0,0.0,0.0,0.0,0.0,0.0,big5_club
IRL,MF,29,1996,18,18,1514,16.8,2,2,4,2,0,0,2,0,0.12,0.12,0.24,0.12,0.24,big5_club
ENG,"DF,MF",30,1995,33,18,1764,19.6,1,0,1,1,0,0,7,1,0.05,0.0,0.05,0.05,0.05,big5_club
ENG,"DF,MF",35,1990,36,35,3096,34.4,0,2,2,0,0,0,9,0,0.0,0.06,0.06,0.0,0.06,big5_club
FRA,MF,21,2004,35,27,2336,26.0,3,1,4,3,0,0,3,1,0.12,0.04,0.15,0.12,0.15,big5_club
FRA,"MF,FW",21,2003,29,14,1272,14.1,2,1,3,2,0,0,2,0,0.14,0.07,0.21,0.14,0.21,big5_club
BRA,"MF,DF",24,2001,20,15,1409,15.7,0,0,0,0,0,0,1,1,0.0,0.0,0.0,0.0,0.0,big5_club
RSA,"FW,MF",24,2000,26,15,1371,15.2,3,2,5,3,0,0,4,0,0.2,0.13,0.33,0.2,0.33,big5_club
ENG,"MF,FW",26,1998,23,11,1067,11.9,1,3,4,1,0,0,0,0,0.08,0.25,0.34,0.08,0.34,big5_club
SVK,GK,36,1989,35,35,3150,35.0,0,0,0,0,0,0,1,0,0.0,0.0,0.0,0.0,0.0,big5_club
GER,GK,21,2004,3,3,270,3.0,0,0,0,0,0,0,0,0,0.0,0.0,0.0,0.0,0.0,big5_club
FRA,DF,23,2002,34,34,2932,32.6,0,0,0,0,0,0,1,0,0.0,0.0,0.0,0.0,0.0,big5_club
BEL,"FW,MF",26,1999,6,0,43,0.5,0,0,0,0,0,0,0,0,0.0,0.0,0.0,0.0,0.0,big5_club
PER,DF,24,2000,7,1,169,1.9,1,0,1,1,0,0,0,0,0.53,0.0,0.53,0.53,0.53,big5_club
NED,DF,23,2001,21,21,1825,20.3,0,5,5,0,0,0,1,0,0.0,0.25,0.25,0.0,0.25,big5_club
SUI,"FW,MF",24,2000,4,0,73,0.8,0,0,0,0,0,0,0,0,0.0,0.0,0.0,0.0,0.0,big5_club
NED,FW,26,1998,29,21,1768,19.6,11,0,11,9,2,2,5,0,0.56,0.0,0.56,0.46,0.46,big5_club
ARG,MF,21,2004,24,14,1268,14.1,1,4,5,1,0,0,2,0,0.07,0.28,0.35,0.07,0.35,big5_club
BRA,MF,21,2004,27,13,1260,14.0,1,0,1,1,0,0,4,0,0.07,0.0,0.07,0.07,0.07,big5_club
FRA,DF,24,2001,8,6,471,5.2,0,0,0,0,0,0,2,0,0.0,0.0,0.0,0.0,0.0,big5_club
ENG,MF,23,2002,26,24,1955,21.7,10,1,11,5,5,6,5,0,0.46,0.05,0.51,0.23,0.28,big5_club
POR,MF,20,2005,3,0,30,0.3,0,0,0,0,0,0,2,0,0.0,0.0,0.0,0.0,0.0,big5_club
ARG,MF,24,2001,36,35,3115,34.6,10,4,14,8,2,2,10,0,0.29,0.12,0.4,0.23,0.35,big5_club
BRA,MF,18,2007,22,12,848,9.4,2,2,4,2,0,0,4,0,0.21,0.21,0.42,0.21,0.42,big5_club
ARG,MF,20,2004,1,1,45,0.5,0,0,0,0,0,0,0,0,0.0,0.0,0.0,0.0,0.0,big5_club
DEN,GK,23,2002,5,3,379,4.2,0,0,0,0,0,0,0,0,0.0,0.0,0.0,0.0,0.0,big5_club
ENG,MF,20,2004,16,5,495,5.5,0,2,2,0,0,0,0,0,0.0,0.36,0.36,0.0,0.36,big5_club
ENG,MF,18,2007,1,1,44,0.5,0,0,0,0,0,0,0,0,0.0,0.0,0.0,0.0,0.0,big5_club
NED,DF,19,2006,22,12,1148,12.8,0,0,0,0,0,0,7,0,0.0,0.0,0.0,0.0,0.0,big5_club
ENG,DF,19,2006,17,8,666,7.4,1,0,1,1,0,0,1,0,0.14,0.0,0.14,0.14,0.14,big5_club
BRA,"FW,MF",23,2001,35,31,2661,29.6,15,5,20,15,0,0,5,0,0.51,0.17,0.68,0.51,0.68,big5_club
ENG,DF,22,2003,3,2,225,2.5,0,0,0,0,0,0,0,0,0.0,0.0,0.0,0.0,0.0,big5_club
ENG,FW,22,2003,28,12,1107,12.3,1,0,1,1,0,0,4,0,0.08,0.0,0.08,0.08,0.08,big5_club
FRA,"DF,MF",22,2003,34,26,2261,25.1,2,3,5,2,0,0,5,1,0.08,0.12,0.2,0.08,0.2,big5_club
SEN,DF,19,2005,3,1,102,1.1,0,0,0,0,0,0,0,0,0.0,0.0,0.0,0.0,0.0,big5_club
ESP,DF,27,1998,34,31,2707,30.1,1,4,5,1,0,0,8,1,0.03,0.13,0.17,0.03,0.17,big5_club
ESP,FW,19,2006,8,1,257,2.9,0,1,1,0,0,0,1,0,0.0,0.35,0.35,0.0,0.35,big5_club
ECU,MF,23,2001,33,32,2795,31.1,3,1,4,3,0,0,11,1,0.1,0.03,0.13,0.1,0.13,big5_club
POR,"MF,FW",25,2000,34,30,2631,29.2,5,6,11,5,0,0,4,1,0.17,0.21,0.38,0.17,0.38,big5_club
ENG,"DF,MF",25,1999,29,20,1963,21.8,2,4,6,2,0,0,4,0,0.09,0.18,0.28,0.09,0.28,big5_club
ESP,GK,27,1997,35,35,3039,33.8,0,1,1,0,0,0,3,1,0.0,0.03,0.03,0.0,0.03,big5_club
BEL,MF,21,2004,12,4,382,4.2,0,0,0,0,0,0,0,0,0.0,0.0,0.0,0.0,0.0,big5_club
ENG,FW,17,2007,1,0,2,0.0,0,0,0,0,0,0,0,0,0.0,0.0,0.0,0.0,0.0,big5_club
ENG,DF,27,1997,16,8,795,8.8,0,0,0,0,0,0,2,0,0.0,0.0,0.0,0.0,0.0,big5_club
ENG,DF,26,1999,34,31,2783,30.9,3,0,3,3,0,0,3,1,0.1,0.0,0.1,0.1,0.1,big5_club
ENG,FW,19,2006,4,0,145,1.6,0,0,0,0,0,0,2,0,0.0,0.0,0.0,0.0,0.0,big5_club
FRA,DF,24,2000,25,20,1722,19.1,0,1,1,0,0,0,9,2,0.0,0.05,0.05,0.0,0.05,big5_club
ENG,MF,21,2004,34,29,2552,28.4,1,5,6,1,0,0,6,1,0.04,0.18,0.21,0.04,0.21,big5_club
CRO,"DF,MF",27,1998,7,0,101,1.1,0,0,0,0,0,0,1,0,0.0,0.0,0.0,0.0,0.0,big5_club
WAL,"MF,FW",24,2001,18,13,1112,12.4,0,1,1,0,0,0,4,0,0.0,0.08,0.08,0.0,0.08,big5_club
MAR,DF,22,2003,9,6,552,6.1,0,1,1,0,0,0,2,0,0.0,0.16,0.16,0.0,0.16,big5_club
USA,DF,25,2000,33,31,2827,31.4,1,0,1,1,0,0,4,0,0.03,0.0,0.03,0.03,0.03,big5_club
NGA,FW,22,2003,14,0,173,1.9,0,0,0,0,0,0,0,0,0.0,0.0,0.0,0.0,0.0,big5_club
JPN,MF,28,1996,28,22,1902,21.1,0,0,0,0,0,0,3,0,0.0,0.0,0.0,0.0,0.0,big5_club
COL,MF,29,1996,29,29,2399,26.7,4,3,7,4,0,0,7,0,0.15,0.11,0.26,0.15,0.26,big5_club
ENG,GK,28,1997,37,37,3330,37.0,0,0,0,0,0,0,5,0,0.0,0.0,0.0,0.0,0.0,big5_club
ENG,MF,27,1998,1,1,83,0.9,0,0,0,0,0,0,0,0,0.0,0.0,0.0,0.0,0.0,big5_club
ENG,MF,26,1999,12,2,424,4.7,2,0,2,2,0,0,2,0,0.42,0.0,0.42,0.42,0.42,big5_club
CIV,MF,24,2001,8,3,330,3.7,1,1,2,1,0,0,0,0,0.27,0.27,0.55,0.27,0.55,big5_club
SEN,MF,27,1998,28,24,2174,24.2,9,1,10,6,3,3,2,0,0.37,0.04,0.41,0.25,0.29,big5_club
FRA,DF,19,2006,20,14,1336,14.8,0,0,0,0,0,0,3,0,0.0,0.0,0.0,0.0,0.0,big5_club
FRA,FW,28,1997,32,25,2218,24.6,12,0,12,8,4,4,2,0,0.49,0.0,0.49,0.32,0.32,big5_club
COL,"MF,DF",30,1994,31,18,1733,19.3,0,2,2,0,0,0,7,0,0.0,0.1,0.1,0.0,0.1,big5_club
ENG,MF,16,2009,2,0,9,0.1,0,0,0,0,0,0,0,0,0.0,0.0,0.0,0.0,0.0,big5_club
NIR,"MF,FW",21,2003,21,7,796,8.8,1,0,1,0,1,1,0,0,0.11,0.0,0.11,0.0,0.0,big5_club
NOR,FW,25,2000,14,12,903,10.0,3,0,3,3,0,0,2,0,0.3,0.0,0.3,0.3,0.3,big5_club
ENG,"DF,MF",20,2004,1,0,4,0.0,0,0,0,0,0,0,0,0,0.0,0.0,0.0,0.0,0.0,big5_club
ENG,DF,25,2000,20,20,1800,20.0,2,2,4,2,0,0,4,0,0.1,0.1,0.2,0.1,0.2,big5_club
FRA,DF,25,2000,35,35,3085,34.3,1,2,3,1,0,0,4,1,0.03,0.06,0.09,0.03,0.09,big5_club
ENG,"MF,DF",34,1991,10,7,594,6.6,0,1,1,0,0,0,1,0,0.0,0.15,0.15,0.0,0.15,big5_club
FRA,FW,27,1998,1,0,3,0.0,0,0,0,0,0,0,0,0,0.0,0.0,0.0,0.0,0.0,big5_club
TRI,MF,19,2006,1,1,90,1.0,0,0,0,0,0,0,0,0,0.0,0.0,0.0,0.0,0.0,big5_club
ENG,MF,20,2005,4,0,44,0.5,0,0,0,0,0,0,0,0,0.0,0.0,0.0,0.0,0.0,big5_club
ENG,MF,25,1999,38,36,3251,36.1,1,2,3,1,0,0,6,0,0.03,0.06,0.08,0.03,0.08,big5_club
ARG,GK,32,1993,1,1,90,1.0,0,0,0,0,0,0,0,0,0.0,0.0,0.0,0.0,0.0,big5_club
ENG,MF,30,1995,31,19,1571,17.5,0,0,0,0,0,0,7,0,0.0,0.0,0.0,0.0,0.0,big5_club
ESP,"MF,FW",22,2002,34,26,2080,23.1,2,2,4,2,0,0,4,0,0.09,0.09,0.17,0.09,0.17,big5_club
GNB,FW,27,1998,37,17,1568,17.4,9,1,10,9,0,0,3,0,0.52,0.06,0.57,0.52,0.57,big5_club
ARG,MF,22,2002,20,6,689,7.7,0,1,1,0,0,0,4,0,0.0,0.13,0.13,0.0,0.13,big5_club
ENG,MF,25,1999,22,14,1168,13.0,0,1,1,0,0,0,1,0,0.0,0.08,0.08,0.0,0.08,big5_club
ENG,MF,18,2007,13,6,529,5.9,0,0,0,0,0,0,0,0,0.0,0.0,0.0,0.0,0.0,big5_club
SEN,MF,35,1989,25,25,2093,23.3,2,3,5,2,0,0,1,1,0.09,0.13,0.22,0.09,0.22,big5_club
SEN,MF,25,2000,32,32,2778,30.9,6,3,9,4,2,2,2,0,0.19,0.1,0.29,0.13,0.23,big5_club
ENG,MF,29,1995,20,18,1627,18.1,2,6,8,2,0,0,5,1,0.11,0.33,0.44,0.11,0.44,big5_club
IRL,DF,24,2001,37,35,3120,34.7,1,1,2,1,0,0,6,1,0.03,0.03,0.06,0.03,0.06,big5_club
ENG,"MF,DF",24,2001,38,38,3413,37.9,2,7,9,2,0,0,12,0,0.05,0.18,0.24,0.05,0.24,big5_club
ENG,DF,32,1992,37,37,3330,37.0,2,3,5,2,0,0,8,0,0.05,0.08,0.14,0.05,0.14,big5_club
ENG,DF,23,2002,10,7,680,7.6,1,0,1,1,0,0,1,0,0.13,0.0,0.13,0.13,0.13,big5_club
ENG,GK,31,1994,38,38,3420,38.0,0,0,0,0,0,0,4,0,0.0,0.0,0.0,0.0,0.0,big5_club
ENG,MF,26,1998,31,30,2626,29.2,8,4,12,8,0,0,6,0,0.27,0.14,0.41,0.27,0.41,big5_club
GER,MF,23,2002,16,6,682,7.6,1,0,1,1,0,0,0,0,0.13,0.0,0.13,0.13,0.13,big5_club
ENG,DF,32,1993,33,29,2591,28.8,3,1,4,3,0,0,1,1,0.1,0.03,0.14,0.1,0.14,big5_club
SCO,DF,23,2001,7,3,241,2.7,0,0,0,0,0,0,0,0,0.0,0.0,0.0,0.0,0.0,big5_club
IRL,DF,36,1988,5,1,21,0.2,0,0,0,0,0,0,0,0,0.0,0.0,0.0,0.0,0.0,big5_club
FRA,FW,22,2002,38,21,1914,21.3,8,0,8,8,0,0,3,0,0.38,0.0,0.38,0.38,0.38,big5_club
ENG,MF,22,2003,29,17,1487,16.5,0,2,2,0,0,0,9,0,0.0,0.12,0.12,0.0,0.12,big5_club
ENG,MF,19,2006,14,4,358,4.0,0,0,0,0,0,0,2,0,0.0,0.0,0.0,0.0,0.0,big5_club
ENG,MF,19,2006,11,1,218,2.4,0,0,0,0,0,0,0,0,0.0,0.0,0.0,0.0,0.0,big5_club
UKR,DF,26,1999,33,33,2958,32.9,0,1,1,0,0,0,6,0,0.0,0.03,0.03,0.0,0.03,big5_club
ESP,MF,29,1996,15,1,274,3.0,0,0,0,0,0,0,0,0,0.0,0.0,0.0,0.0,0.0,big5_club
NGA,MF,29,1996,29,29,2419,26.9,4,3,7,4,0,0,3,0,0.15,0.11,0.26,0.15,0.26,big5_club
USA,"DF,MF",27,1997,22,17,1492,16.6,1,0,1,0,1,1,5,0,0.06,0.0,0.06,0.0,0.0,big5_club
GER,GK,33,1992,38,38,3420,38.0,0,0,0,0,0,0,3,0,0.0,0.0,0.0,0.0,0.0,big5_club
NGA,DF,25,1999,30,28,2534,28.2,1,0,1,1,0,0,5,0,0.04,0.0,0.04,0.04,0.04,big5_club
ENG,MF,25,2000,37,22,1923,21.4,3,0,3,3,0,0,1,0,0.14,0.0,0.14,0.14,0.14,big5_club
ENG,MF,30,1995,7,1,94,1.0,1,0,1,1,0,0,0,0,0.96,0.0,0.96,0.96,0.96,big5_club
WAL,MF,28,1997,36,32,2673,29.7,10,7,17,10,0,0,7,0,0.34,0.24,0.57,0.34,0.57,big5_club
MAR,DF,28,1997,13,8,816,9.1,1,0,1,1,0,0,2,0,0.11,0.0,0.11,0.11,0.11,big5_club
DEN,DF,29,1996,33,33,2875,31.9,0,1,1,0,0,0,7,1,0.0,0.03,0.03,0.0,0.03,big5_club
SWE,FW,18,2007,7,0,55,0.6,0,0,0,0,0,0,1,0,0.0,0.0,0.0,0.0,0.0,big5_club
ESP,DF,25,1999,15,11,938,10.4,0,0,0,0,0,0,6,0,0.0,0.0,0.0,0.0,0.0,big5_club
ENG,MF,18,2007,32,15,1308,14.5,1,2,3,1,0,0,4,0,0.07,0.14,0.21,0.07,0.21,big5_club
NED,DF,29,1995,22,21,1791,19.9,1,0,1,1,0,0,2,0,0.05,0.0,0.05,0.05,0.05,big5_club
BRA,MF,22,2003,26,9,1041,11.6,1,1,2,1,0,0,1,0,0.09,0.09,0.17,0.09,0.17,big5_club
NOR,MF,22,2003,14,6,571,6.3,0,0,0,0,0,0,0,0,0.0,0.0,0.0,0.0,0.0,big5_club
MEX,FW,34,1991,36,27,2189,24.3,9,3,12,5,4,4,5,0,0.37,0.12,0.49,0.21,0.33,big5_club
BRA,FW,24,2001,21,10,1000,11.1,1,1,2,1,0,0,2,0,0.09,0.09,0.18,0.09,0.18,big5_club
ENG,"DF,MF",25,2000,27,20,1823,20.3,3,1,4,3,0,0,0,0,0.15,0.05,0.2,0.15,0.2,big5_club
NGA,MF,26,1999,23,10,1079,12.0,3,4,7,3,0,0,0,0,0.25,0.33,0.58,0.25,0.58,big5_club
NOR,MF,27,1998,35,34,2905,32.3,0,1,1,0,0,0,5,0,0.0,0.03,0.03,0.0,0.03,big5_club
SRB,MF,28,1996,26,20,1734,19.3,1,2,3,1,0,0,9,0,0.05,0.1,0.16,0.05,0.16,big5_club
BEL,"DF,MF",29,1995,30,20,1845,20.5,0,0,0,0,0,0,4,0,0.0,0.0,0.0,0.0,0.0,big5_club
SCO,MF,34,1991,24,6,775,8.6,2,0,2,2,0,0,3,0,0.23,0.0,0.23,0.23,0.23,big5_club
GER,MF,26,1998,29,28,2370,26.3,5,3,8,5,0,0,3,0,0.19,0.11,0.3,0.19,0.3,big5_club
JPN,MF,26,1998,28,14,1315,14.6,2,0,2,2,0,0,1,0,0.14,0.0,0.14,0.14,0.14,big5_club
USA,"MF,FW",24,2000,37,30,2449,27.2,4,5,9,4,0,0,3,0,0.15,0.18,0.33,0.15,0.33,big5_club
WAL,"FW,MF",27,1997,19,6,559,6.2,0,0,0,0,0,0,0,0,0.0,0.0,0.0,0.0,0.0,big5_club
ENG,FW,28,1997,35,30,2721,30.2,14,1,15,10,4,5,3,0,0.46,0.03,0.5,0.33,0.36,big5_club
WAL,MF,24,2000,35,35,3119,34.7,1,1,2,1,0,0,10,0,0.03,0.03,0.06,0.03,0.06,big5_club
ARG,MF,20,2004,3,0,39,0.4,0,0,0,0,0,0,1,0,0.0,0.0,0.0,0.0,0.0,big5_club
SWE,"DF,MF",26,1999,32,31,2631,29.2,0,0,0,0,0,0,6,1,0.0,0.0,0.0,0.0,0.0,big5_club
BUL,MF,25,2000,23,15,1323,14.7,0,3,3,0,0,0,3,0,0.0,0.2,0.2,0.0,0.2,big5_club
ENG,FW,28,1996,11,1,269,3.0,0,0,0,0,0,0,0,0,0.0,0.0,0.0,0.0,0.0,big5_club
SVN,DF,26,1999,25,21,1890,21.0,1,2,3,1,0,0,4,0,0.05,0.1,0.14,0.05,0.14,big5_club
ENG,"DF,MF",27,1998,29,21,1901,21.1,2,1,3,2,0,0,4,0,0.09,0.05,0.14,0.09,0.14,big5_club
ENG,"MF,DF",25,2000,34,32,2793,31.0,1,2,3,1,0,0,6,0,0.03,0.06,0.1,0.03,0.1,big5_club
WAL,DF,27,1997,35,33,2951,32.8,2,0,2,2,0,0,3,0,0.06,0.0,0.06,0.06,0.06,big5_club
SUR,FW,25,1999,16,2,258,2.9,0,0,0,0,0,0,0,0,0.0,0.0,0.0,0.0,0.0,big5_club
WAL,GK,34,1990,22,22,1980,22.0,0,0,0,0,0,0,1,0,0.0,0.0,0.0,0.0,0.0,big5_club
BRA,GK,27,1997,16,16,1440,16.0,0,0,0,0,0,0,2,0,0.0,0.0,0.0,0.0,0.0,big5_club
GER,FW,26,1998,31,10,1083,12.0,6,1,7,4,2,3,0,0,0.5,0.08,0.58,0.33,0.42,big5_club
SUI,"FW,MF",25,2000,28,19,1561,17.3,8,1,9,8,0,0,3,0,0.46,0.06,0.52,0.46,0.52,big5_club
NED,DF,25,1999,34,33,2936,32.6,0,1,1,0,0,0,5,0,0.0,0.03,0.03,0.0,0.03,big5_club
ENG,"DF,MF",31,1993,2,0,9,0.1,0,0,0,0,0,0,0,0,0.0,0.0,0.0,0.0,0.0,big5_club
ENG,MF,27,1997,23,10,1011,11.2,2,2,4,2,0,0,2,0,0.18,0.18,0.36,0.18,0.36,big5_club
BEL,DF,26,1999,12,5,429,4.8,0,0,0,0,0,0,1,0,0.0,0.0,0.0,0.0,0.0,big5_club
ITA,FW,21,2003,23,4,537,6.0,0,1,1,0,0,0,3,0,0.0,0.17,0.17,0.0,0.17,big5_club
SWE,FW,25,1999,14,8,699,7.8,3,1,4,3,0,0,0,0,0.39,0.13,0.52,0.39,0.52,big5_club
ARG,MF,26,1998,37,31,2658,29.5,2,4,6,2,0,0,7,0,0.07,0.14,0.2,0.07,0.2,big5_club
BRA,GK,32,1992,26,26,2340,26.0,0,0,0,0,0,0,1,0,0.0,0.0,0.0,0.0,0.0,big5_club
SCO,DF,31,1994,24,11,1176,13.1,1,0,1,1,0,0,0,0,0.08,0.0,0.08,0.08,0.08,big5_club
NED,"MF,FW",26,1999,36,32,2737,30.4,7,5,12,7,0,0,3,0,0.23,0.16,0.39,0.23,0.39,big5_club
NIR,DF,22,2003,15,12,929,10.3,0,1,1,0,0,0,5,0,0.0,0.1,0.1,0.0,0.1,big5_club
ENG,"MF,DF",24,2001,34,18,1937,21.5,1,2,3,1,0,0,2,0,0.05,0.09,0.14,0.05,0.14,big5_club
HUN,"MF,DF",24,2000,36,36,3231,35.9,6,7,13,6,0,1,8,1,0.17,0.19,0.36,0.17,0.36,big5_club
ITA,MF,27,1997,26,1,339,3.8,2,1,3,2,0,0,3,0,0.53,0.27,0.8,0.53,0.8,big5_club
GER,MF,22,2003,33,27,2378,26.4,5,3,8,5,0,0,1,0,0.19,0.11,0.3,0.19,0.3,big5_club
ENG,GK,28,1997,3,2,213,2.4,0,0,0,0,0,0,0,0,0.0,0.0,0.0,0.0,0.0,big5_club
GEO,GK,24,2000,10,10,867,9.6,0,0,0,0,0,0,0,0,0.0,0.0,0.0,0.0,0.0,big5_club
ENG,"FW,MF",22,2003,1,0,1,0.0,0,0,0,0,0,0,0,0,0.0,0.0,0.0,0.0,0.0,big5_club
FRA,FW,23,2002,28,21,1803,20.0,11,4,15,11,0,0,0,0,0.55,0.2,0.75,0.55,0.75,big5_club
FRA,DF,26,1999,36,36,3090,34.3,1,0,1,1,0,0,7,0,0.03,0.0,0.03,0.03,0.03,big5_club
NED,"DF,MF",24,2000,21,12,1040,11.6,0,1,1,0,0,0,1,0,0.0,0.09,0.09,0.0,0.09,big5_club
ENG,DF,28,1997,21,7,607,6.7,0,2,2,0,0,0,4,0,0.0,0.3,0.3,0.0,0.3,big5_club
HUN,DF,21,2003,34,27,2257,25.1,2,1,3,2,0,0,4,0,0.08,0.04,0.12,0.08,0.12,big5_club
EGY,MF,33,1992,27,23,2146,23.8,7,7,14,6,1,1,1,0,0.29,0.29,0.59,0.25,0.55,big5_club
ENG,MF,16,2008,19,5,560,6.2,2,1,3,2,0,0,0,0,0.32,0.16,0.48,0.32,0.48,big5_club
NED,MF,23,2002,36,34,2992,33.2,5,3,8,5,0,0,5,0,0.15,0.09,0.24,0.15,0.24,big5_club
ENG,MF,18,2007,6,0,24,0.3,0,0,0,0,0,0,0,0,0.0,0.0,0.0,0.0,0.0,big5_club
NED,DF,34,1991,38,38,3420,38.0,6,0,6,6,0,0,4,0,0.16,0.0,0.16,0.16,0.16,big5_club
JPN,DF,32,1993,8,1,175,1.9,0,1,1,0,0,0,1,0,0.0,0.51,0.51,0.0,0.51,big5_club
UZB,DF,21,2004,21,15,1432,15.9,0,0,0,0,0,0,2,0,0.0,0.0,0.0,0.0,0.0,big5_club
GHA,"MF,FW",25,2000,17,17,1397,15.5,7,1,8,7,0,0,1,0,0.45,0.06,0.52,0.45,0.52,big5_club
POR,MF,30,1994,38,34,2872,31.9,2,4,6,2,0,0,10,0,0.06,0.13,0.19,0.06,0.19,big5_club
ENG,MF,17,2007,2,0,27,0.3,0,0,0,0,0,0,0,0,0.0,0.0,0.0,0.0,0.0,big5_club
NOR,FW,25,2000,35,34,2953,32.8,27,8,35,24,3,4,2,0,0.82,0.24,1.07,0.73,0.98,big5_club
ITA,GK,26,1999,34,34,3060,34.0,0,0,0,0,0,0,8,0,0.0,0.0,0.0,0.0,0.0,big5_club
ENG,GK,22,2002,4,4,360,4.0,0,0,0,0,0,0,0,0,0.0,0.0,0.0,0.0,0.0,big5_club
BEL,"MF,FW",23,2002,30,19,1784,19.8,5,5,10,5,0,0,0,0,0.25,0.25,0.5,0.25,0.5,big5_club
ENG,DF,31,1994,9,5,439,4.9,0,0,0,0,0,0,0,0,0.0,0.0,0.0,0.0,0.0,big5_club
CRO,DF,23,2002,18,16,1372,15.2,2,2,4,2,0,0,2,0,0.13,0.13,0.26,0.13,0.26,big5_club
ENG,DF,25,2000,15,15,1350,15.0,1,1,2,1,0,0,2,0,0.07,0.07,0.13,0.07,0.13,big5_club
CRO,MF,31,1994,6,1,130,1.4,0,1,1,0,0,0,0,0,0.0,0.69,0.69,0.0,0.69,big5_club
POR,DF,26,1998,34,32,2862,31.8,1,5,6,1,0,0,5,0,0.03,0.16,0.19,0.03,0.19,big5_club
ENG,DF,20,2005,2,2,135,1.5,0,0,0,0,0,0,0,0,0.0,0.0,0.0,0.0,0.0,big5_club
NED,DF,30,1995,18,6,695,7.7,0,0,0,0,0,0,1,0,0.0,0.0,0.0,0.0,0.0,big5_club
ENG,"DF,MF",20,2005,34,29,2646,29.4,5,3,8,5,0,0,5,0,0.17,0.1,0.27,0.17,0.27,big5_club
ESP,MF,23,2002,25,17,1569,17.4,1,0,1,1,0,0,6,0,0.06,0.0,0.06,0.06,0.06,big5_club
EGY,"FW,MF",26,1999,21,8,700,7.8,3,3,6,3,0,0,3,0,0.39,0.39,0.77,0.39,0.77,big5_club
NOR,"MF,FW",22,2003,9,5,468,5.2,0,1,1,0,0,0,1,0,0.0,0.19,0.19,0.0,0.19,big5_club
ENG,MF,25,2000,33,23,2086,23.2,7,5,12,7,0,0,4,0,0.3,0.22,0.52,0.3,0.52,big5_club
ALG,DF,24,2001,17,12,974,10.8,0,2,2,0,0,0,2,0,0.0,0.18,0.18,0.0,0.18,big5_club
FRA,MF,21,2003,33,19,1786,19.8,4,12,16,4,0,0,1,0,0.2,0.6,0.81,0.2,0.81,big5_club
ENG,DF,20,2004,11,4,407,4.5,0,1,1,0,0,0,2,0,0.0,0.22,0.22,0.0,0.22,big5_club
ESP,MF,29,1996,21,17,1511,16.8,1,0,1,1,0,0,3,0,0.06,0.0,0.06,0.06,0.06,big5_club
POR,DF,28,1997,26,24,2141,23.8,2,0,2,2,0,0,3,0,0.08,0.0,0.08,0.08,0.08,big5_club
BRA,MF,21,2004,24,7,833,9.3,1,1,2,1,0,0,2,0,0.11,0.11,0.22,0.11,0.22,big5_club
NED,MF,27,1998,28,19,1631,18.1,5,2,7,5,0,0,2,0,0.28,0.11,0.39,0.28,0.39,big5_club
TUR,GK,27,1998,6,6,540,6.0,0,0,0,0,0,0,0,0,0.0,0.0,0.0,0.0,0.0,big5_club
CIV,MF,23,2002,32,27,2341,26.0,2,3,5,2,0,0,2,0,0.08,0.12,0.19,0.08,0.19,big5_club
ENG,DF,18,2006,17,11,924,10.3,0,1,1,0,0,0,2,0,0.0,0.1,0.1,0.0,0.1,big5_club
ENG,MF,17,2008,1,0,16,0.2,0,0,0,0,0,0,0,0,0.0,0.0,0.0,0.0,0.0,big5_club
SVN,FW,22,2003,30,17,1643,18.3,11,1,12,11,0,0,2,0,0.6,0.05,0.66,0.6,0.66,big5_club
POR,MF,30,1994,35,35,3063,34.0,9,21,30,5,4,6,5,0,0.26,0.62,0.88,0.15,0.76,big5_club
CMR,"MF,FW",25,1999,33,31,2609,29.0,11,3,14,11,0,0,4,0,0.38,0.1,0.48,0.38,0.48,big5_club
BRA,MF,33,1992,34,33,2571,28.6,9,2,11,9,0,0,11,1,0.32,0.07,0.39,0.32,0.39,big5_club
POR,"DF,MF",26,1999,34,29,2614,29.0,1,3,4,1,0,0,5,0,0.03,0.1,0.14,0.03,0.14,big5_club
ENG,DF,32,1993,23,19,1653,18.4,1,2,3,1,0,0,3,1,0.05,0.11,0.16,0.05,0.16,big5_club
ENG,MF,18,2007,3,0,108,1.2,0,0,0,0,0,0,0,0,0.0,0.0,0.0,0.0,0.0,big5_club
NED,"FW,MF",24,2001,24,5,626,7.0,2,1,3,2,0,0,3,0,0.29,0.14,0.43,0.29,0.43,big5_club
ENG,MF,20,2005,28,16,1662,18.5,1,2,3,1,0,0,2,0,0.05,0.11,0.16,0.05,0.16,big5_club
FRA,DF,19,2005,32,18,1740,19.3,0,0,0,0,0,0,1,0,0.0,0.0,0.0,0.0,0.0,big5_club
ARG,DF,27,1998,18,13,1233,13.7,0,0,0,0,0,0,0,1,0.0,0.0,0.0,0.0,0.0,big5_club
ENG,DF,30,1995,38,38,3219,35.8,1,1,2,1,0,0,9,0,0.03,0.03,0.06,0.03,0.06,big5_club
URU,MF,24,2001,22,8,887,9.9,0,0,0,0,0,0,1,0,0.0,0.0,0.0,0.0,0.0,big5_club
ENG,MF,26,1999,23,12,1017,11.3,3,0,3,3,0,0,2,0,0.27,0.0,0.27,0.27,0.27,big5_club
BRA,"MF,FW",26,1999,33,29,2494,27.7,10,2,12,10,0,0,4,0,0.36,0.07,0.43,0.36,0.43,big5_club
NED,DF,25,1999,13,13,1170,13.0,1,0,1,1,0,0,0,0,0.08,0.0,0.08,0.08,0.08,big5_club
MAR,"DF,MF",27,1997,20,11,985,10.9,0,0,0,0,0,0,3,0,0.0,0.0,0.0,0.0,0.0,big5_club
DEN,MF,20,2004,26,15,1449,16.1,4,4,8,4,0,0,5,0,0.25,0.25,0.5,0.25,0.5,big5_club
BEL,GK,23,2002,32,32,2880,32.0,0,0,0,0,0,0,0,0,0.0,0.0,0.0,0.0,0.0,big5_club
ENG,FW,18,2007,3,0,43,0.5,0,0,0,0,0,0,0,0,0.0,0.0,0.0,0.0,0.0,big5_club
SCO,MF,18,2007,2,0,18,0.2,0,0,0,0,0,0,0,0,0.0,0.0,0.0,0.0,0.0,big5_club
ENG,DF,20,2005,1,0,3,0.0,0,0,0,0,0,0,0,0,0.0,0.0,0.0,0.0,0.0,big5_club
NED,DF,25,1999,3,0,18,0.2,0,0,0,0,0,0,0,0,0.0,0.0,0.0,0.0,0.0,big5_club
ENG,GK,27,1998,12,11,1004,11.2,0,0,0,0,0,0,2,0,0.0,0.0,0.0,0.0,0.0,big5_club
IRL,DF,21,2004,2,0,9,0.1,0,0,0,0,0,0,0,0,0.0,0.0,0.0,0.0,0.0,big5_club
SWE,"FW,MF",23,2002,32,14,1319,14.7,0,1,1,0,0,0,0,0,0.0,0.07,0.07,0.0,0.07,big5_club
ENG,FW,24,2001,26,24,1795,19.9,6,2,8,3,3,3,3,1,0.3,0.1,0.4,0.15,0.25,big5_club
BRA,MF,27,1997,29,27,2453,27.3,9,5,14,7,2,2,6,0,0.33,0.18,0.51,0.26,0.44,big5_club
ENG,DF,33,1992,29,25,2199,24.4,1,2,3,1,0,0,11,1,0.04,0.08,0.12,0.04,0.12,big5_club
SWE,DF,30,1994,1,1,45,0.5,0,0,0,0,0,0,0,0,0.0,0.0,0.0,0.0,0.0,big5_club
SUI,DF,33,1991,16,11,1091,12.1,0,0,0,0,0,0,1,0,0.0,0.0,0.0,0.0,0.0,big5_club
ENG,"FW,MF",27,1997,37,19,1966,21.8,7,1,8,7,0,0,1,0,0.32,0.05,0.37,0.32,0.37,big5_club
ENG,"FW,MF",30,1995,33,19,1617,18.0,3,2,5,3,0,0,2,0,0.17,0.11,0.28,0.17,0.28,big5_club
ENG,MF,24,2001,28,15,1450,16.1,2,3,5,2,0,0,5,1,0.12,0.19,0.31,0.12,0.31,big5_club
ENG,DF,31,1993,2,0,21,0.2,0,0,0,0,0,0,0,0,0.0,0.0,0.0,0.0,0.0,big5_club
ENG,MF,25,1999,24,10,983,10.9,0,2,2,0,0,0,3,0,0.0,0.18,0.18,0.0,0.18,big5_club
BRA,MF,28,1996,27,23,1951,21.7,2,1,3,2,0,0,10,0,0.09,0.05,0.14,0.09,0.14,big5_club
ENG,DF,34,1990,21,18,1586,17.6,0,1,1,0,0,0,3,0,0.0,0.06,0.06,0.0,0.06,big5_club
ENG,DF,20,2004,30,24,2181,24.2,1,1,2,1,0,0,4,0,0.04,0.04,0.08,0.04,0.08,big5_club
ENG,"MF,DF",19,2006,23,15,1496,16.6,1,4,5,1,0,0,0,0,0.06,0.24,0.3,0.06,0.3,big5_club
GER,DF,23,2001,35,33,2965,32.9,4,0,4,4,0,0,4,0,0.12,0.0,0.12,0.12,0.12,big5_club
ENG,GK,33,1992,27,27,2416,26.8,0,0,0,0,0,0,2,0,0.0,0.0,0.0,0.0,0.0,big5_club
GER,"FW,MF",23,2002,33,24,1902,21.1,8,3,11,7,1,1,0,0,0.38,0.14,0.52,0.33,0.47,big5_club
ITA,MF,25,2000,35,31,2534,28.2,0,2,2,0,0,0,4,0,0.0,0.07,0.07,0.0,0.07,big5_club
ENG,FW,18,2007,1,0,14,0.2,0,0,0,0,0,0,0,0,0.0,0.0,0.0,0.0,0.0,big5_club
NED,DF,25,2000,25,21,1835,20.4,1,1,2,1,0,0,2,0,0.05,0.05,0.1,0.05,0.1,big5_club
ENG,DF,22,2002,17,14,1328,14.8,0,1,1,0,0,0,1,0,0.0,0.07,0.07,0.0,0.07,big5_club
DEN,FW,21,2003,24,8,819,9.1,7,0,7,7,0,0,0,0,0.77,0.0,0.77,0.77,0.77,big5_club
COD,FW,28,1996,19,4,531,5.9,1,0,1,1,0,0,3,0,0.17,0.0,0.17,0.17,0.17,big5_club
SCO,GK,29,1996,1,0,45,0.5,0,0,0,0,0,0,0,0,0.0,0.0,0.0,0.0,0.0,big5_club
FRA,FW,23,2002,9,0,96,1.1,0,0,0,0,0,0,0,0,0.0,0.0,0.0,0.0,0.0,big5_club
ENG,MF,24,2000,30,21,1841,20.5,3,4,7,3,0,0,0,0,0.15,0.2,0.34,0.15,0.34,big5_club
NZL,FW,33,1991,15,11,901,10.0,3,0,3,3,0,0,0,0,0.3,0.0,0.3,0.3,0.3,big5_club
SUI,MF,24,2000,24,14,1173,13.0,1,1,2,1,0,0,1,0,0.08,0.08,0.15,0.08,0.15,big5_club
FRA,MF,22,2002,14,6,553,6.1,0,2,2,0,0,0,1,0,0.0,0.33,0.33,0.0,0.33,big5_club
BRA,MF,27,1998,8,5,315,3.5,0,0,0,0,0,0,2,0,0.0,0.0,0.0,0.0,0.0,big5_club
ENG,MF,22,2002,38,37,3331,37.0,4,4,8,3,1,1,8,0,0.11,0.11,0.22,0.08,0.19,big5_club
CIV,MF,27,1997,28,25,2075,23.1,2,2,4,2,0,0,5,0,0.09,0.09,0.17,0.09,0.17,big5_club
BRA,FW,24,2001,37,28,2298,25.5,6,4,10,5,1,1,2,0,0.23,0.16,0.39,0.2,0.35,big5_club
BRA,DF,20,2005,9,6,517,5.7,0,0,0,0,0,0,0,0,0.0,0.0,0.0,0.0,0.0,big5_club
ENG,MF,22,2002,14,2,298,3.3,0,1,1,0,0,0,1,0,0.0,0.3,0.3,0.0,0.3,big5_club
BRA,GK,29,1996,5,5,437,4.9,0,0,0,0,0,0,1,0,0.0,0.0,0.0,0.0,0.0,big5_club
POR,FW,25,1999,1,0,12,0.1,0,0,0,0,0,0,0,0,0.0,0.0,0.0,0.0,0.0,big5_club
ITA,FW,24,2000,4,1,129,1.4,1,0,1,1,0,0,0,0,0.7,0.0,0.7,0.7,0.7,big5_club
GER,"DF,MF",22,2003,7,3,357,4.0,0,0,0,0,0,0,0,0,0.0,0.0,0.0,0.0,0.0,big5_club
BEL,GK,33,1992,31,30,2668,29.6,0,0,0,0,0,0,2,0,0.0,0.0,0.0,0.0,0.0,big5_club
BRA,DF,24,2001,21,14,1345,14.9,1,0,1,1,0,0,5,0,0.07,0.0,0.07,0.07,0.07,big5_club
ENG,MF,25,2000,37,35,3097,34.4,15,4,19,14,1,1,1,0,0.44,0.12,0.55,0.41,0.52,big5_club
BRA,DF,23,2002,25,25,2130,23.7,1,0,1,1,0,0,5,0,0.04,0.0,0.04,0.04,0.04,big5_club
WAL,DF,24,2001,37,36,3204,35.6,2,3,5,2,0,0,6,1,0.06,0.08,0.14,0.06,0.14,big5_club
ARG,MF,27,1998,27,17,1175,13.1,1,1,2,1,0,0,3,0,0.08,0.08,0.15,0.08,0.15,big5_club
ITA,DF,22,2003,14,11,1028,11.4,2,0,2,2,0,0,2,0,0.18,0.0,0.18,0.18,0.18,big5_club
SRB,DF,27,1997,38,37,3375,37.5,0,0,0,0,0,0,6,0,0.0,0.0,0.0,0.0,0.0,big5_club
NGA,DF,28,1996,18,18,1588,17.6,0,0,0,0,0,0,3,0,0.0,0.0,0.0,0.0,0.0,big5_club
UKR,DF,28,1996,5,4,353,3.9,0,0,0,0,0,0,0,0,0.0,0.0,0.0,0.0,0.0,big5_club
ENG,MF,21,2003,31,17,1688,18.8,1,5,6,1,0,0,1,0,0.05,0.27,0.32,0.05,0.32,big5_club
ENG,MF,27,1997,22,2,617,6.9,0,2,2,0,0,0,3,0,0.0,0.29,0.29,0.0,0.29,big5_club
GER,GK,32,1992,3,3,270,3.0,0,0,0,0,0,0,0,0,0.0,0.0,0.0,0.0,0.0,big5_club
NGA,FW,27,1997,17,3,494,5.5,4,1,5,4,0,0,2,0,0.73,0.18,0.91,0.73,0.91,big5_club
ENG,DF,19,2006,3,2,164,1.8,0,0,0,0,0,0,0,0,0.0,0.0,0.0,0.0,0.0,big5_club
COD,DF,31,1993,3,2,126,1.4,0,0,0,0,0,0,1,0,0.0,0.0,0.0,0.0,0.0,big5_club
BFA,"MF,FW",29,1995,12,9,632,7.0,1,0,1,1,0,0,1,0,0.14,0.0,0.14,0.14,0.14,big5_club
NED,FW,23,2002,31,22,1927,21.4,7,1,8,7,0,0,6,0,0.33,0.05,0.37,0.33,0.37,big5_club
MAR,"MF,FW",20,2005,28,16,1561,17.3,4,1,5,4,0,0,0,0,0.23,0.06,0.29,0.23,0.29,big5_club
ENG,MF,18,2007,18,11,761,8.5,1,1,2,1,0,0,1,0,0.12,0.12,0.24,0.12,0.24,big5_club
ENG,MF,23,2001,3,0,14,0.2,0,0,0,0,0,0,0,0,0.0,0.0,0.0,0.0,0.0,big5_club
NIR,DF,25,1999,29,24,2149,23.9,2,0,2,2,0,0,4,1,0.08,0.0,0.08,0.08,0.08,big5_club
LVA,DF,23,2002,8,3,323,3.6,0,0,0,0,0,0,2,0,0.0,0.0,0.0,0.0,0.0,big5_club
ESP,"FW,MF",20,2005,20,8,759,8.4,2,0,2,2,0,0,0,0,0.24,0.0,0.24,0.24,0.24,big5_club
FRA,"MF,FW",25,2000,36,33,2930,32.6,5,6,11,2,3,4,5,0,0.15,0.18,0.34,0.06,0.25,big5_club
SUI,MF,32,1992,34,32,2904,32.3,1,6,7,1,0,0,8,0,0.03,0.19,0.22,0.03,0.22,big5_club
SEN,MF,21,2004,20,15,1405,15.6,2,2,4,1,1,1,6,0,0.13,0.13,0.26,0.06,0.19,big5_club
NED,DF,22,2003,2,1,134,1.5,0,0,0,0,0,0,0,0,0.0,0.0,0.0,0.0,0.0,big5_club
CIV,MF,20,2005,1,1,38,0.4,0,0,0,0,0,0,0,0,0.0,0.0,0.0,0.0,0.0,big5_club
ENG,DF,30,1994,12,5,569,6.3,0,1,1,0,0,0,1,1,0.0,0.16,0.16,0.0,0.16,big5_club
NED,"DF,MF",25,2000,28,17,1693,18.8,0,0,0,0,0,0,2,0,0.0,0.0,0.0,0.0,0.0,big5_club
ESP,FW,19,2006,2,0,15,0.2,0,0,0,0,0,0,0,0,0.0,0.0,0.0,0.0,0.0,big5_club
SWE,GK,22,2003,3,3,270,3.0,0,0,0,0,0,0,0,0,0.0,0.0,0.0,0.0,0.0,big5_club
ECU,MF,22,2003,8,5,404,4.5,0,0,0,0,0,0,1,0,0.0,0.0,0.0,0.0,0.0,big5_club
COD,MF,20,2004,33,33,2889,32.1,0,1,1,0,0,0,9,0,0.0,0.03,0.03,0.0,0.03,big5_club
FRA,DF,27,1997,32,32,2784,30.9,3,3,6,3,0,0,5,0,0.1,0.1,0.19,0.1,0.19,big5_club
PAR,DF,28,1996,33,32,2798,31.1,1,1,2,1,0,0,6,0,0.03,0.03,0.06,0.03,0.06,big5_club
ENG,"FW,MF",28,1997,1,0,28,0.3,0,0,0,0,0,0,0,0,0.0,0.0,0.0,0.0,0.0,big5_club
MOZ,DF,31,1994,25,23,1966,21.8,0,1,1,0,0,0,7,1,0.0,0.05,0.05,0.0,0.05,big5_club
NED,GK,22,2003,35,35,3150,35.0,0,0,0,0,0,0,4,0,0.0,0.0,0.0,0.0,0.0,big5_club
ENG,MF,22,2003,14,2,411,4.6,0,0,0,0,0,0,1,0,0.0,0.0,0.0,0.0,0.0,big5_club
CIV,"MF,FW",23,2002,14,9,653,7.3,1,0,1,1,0,0,2,0,0.14,0.0,0.14,0.14,0.14,big5_club
NIR,"DF,MF",23,2002,38,34,3036,33.7,2,1,3,2,0,0,9,0,0.06,0.03,0.09,0.06,0.09,big5_club
HAI,FW,24,2000,32,11,1165,12.9,6,0,6,6,0,0,1,0,0.46,0.0,0.46,0.46,0.46,big5_club
CZE,GK,22,2003,7,7,630,7.0,0,0,0,0,0,0,1,0,0.0,0.0,0.0,0.0,0.0,big5_club
ENG,"MF,DF",19,2006,24,18,1478,16.4,2,2,4,2,0,0,5,0,0.12,0.12,0.24,0.12,0.24,big5_club
WAL,DF,32,1993,3,2,137,1.5,1,0,1,1,0,0,1,0,0.66,0.0,0.66,0.66,0.66,big5_club
WAL,"MF,FW",24,2001,16,6,610,6.8,2,0,2,2,0,0,2,0,0.3,0.0,0.3,0.3,0.3,big5_club
ENG,MF,18,2007,1,0,15,0.2,0,0,0,0,0,0,0,0,0.0,0.0,0.0,0.0,0.0,big5_club
ENG,MF,25,2000,16,14,1184,13.2,1,1,2,1,0,0,2,0,0.08,0.08,0.15,0.08,0.15,big5_club
ARG,DF,27,1998,23,22,1868,20.8,4,1,5,4,0,0,11,2,0.19,0.05,0.24,0.19,0.24,big5_club
ENG,FW,21,2004,2,0,9,0.1,0,0,0,0,0,0,0,0,0.0,0.0,0.0,0.0,0.0,big5_club
ITA,"DF,MF",22,2002,20,14,1339,14.9,0,1,1,0,0,0,4,0,0.0,0.07,0.07,0.0,0.07,big5_club
ENG,"DF,MF",24,2000,30,23,2055,22.8,0,0,0,0,0,0,4,0,0.0,0.0,0.0,0.0,0.0,big5_club
ENG,FW,27,1997,15,11,1001,11.1,3,0,3,3,0,0,1,0,0.27,0.0,0.27,0.27,0.27,big5_club
ITA,GK,28,1996,31,31,2790,31.0,0,0,0,0,0,0,1,0,0.0,0.0,0.0,0.0,0.0,big5_club
ENG,"FW,MF",28,1996,3,0,37,0.4,0,0,0,0,0,0,0,0,0.0,0.0,0.0,0.0,0.0,big5_club
ENG,DF,19,2006,1,0,1,0.0,0,0,0,0,0,0,0,0,0.0,0.0,0.0,0.0,0.0,big5_club
POR,MF,30,1995,33,23,2199,24.4,5,2,7,5,0,0,8,0,0.2,0.08,0.29,0.2,0.29,big5_club
ENG,DF,16,2008,1,0,1,0.0,0,0,0,0,0,0,0,0,0.0,0.0,0.0,0.0,0.0,big5_club
AUT,DF,26,1998,24,17,1494,16.6,0,0,0,0,0,0,8,0,0.0,0.0,0.0,0.0,0.0,big5_club
SWE,MF,19,2006,23,11,965,10.7,1,3,4,1,0,0,2,0,0.09,0.28,0.37,0.09,0.37,big5_club
FRA,"MF,FW",20,2005,31,13,1349,15.0,4,1,5,4,0,0,1,0,0.27,0.07,0.33,0.27,0.33,big5_club
NED,DF,24,2001,35,35,3041,33.8,4,1,5,4,0,0,9,1,0.12,0.03,0.15,0.12,0.15,big5_club
GHA,"MF,FW",24,2000,19,19,1535,17.1,2,5,7,2,0,0,3,0,0.12,0.29,0.41,0.12,0.41,big5_club
SEN,MF,22,2002,26,13,1397,15.5,2,4,6,2,0,0,3,0,0.13,0.26,0.39,0.13,0.39,big5_club
ESP,DF,25,1999,34,32,2796,31.1,1,2,3,1,0,0,10,0,0.03,0.06,0.1,0.03,0.1,big5_club
ROU,DF,23,2002,10,5,517,5.7,0,0,0,0,0,0,0,0,0.0,0.0,0.0,0.0,0.0,big5_club
FRA,"FW,MF",26,1998,30,21,1664,18.5,1,1,2,1,0,0,3,0,0.05,0.05,0.11,0.05,0.11,big5_club
BRA,"FW,MF",28,1997,32,20,1964,21.8,11,4,15,11,0,0,5,0,0.5,0.18,0.69,0.5,0.69,big5_club
URU,MF,28,1997,26,23,1883,20.9,1,1,2,1,0,0,7,0,0.05,0.05,0.1,0.05,0.1,big5_club
BRA,MF,19,2006,4,2,144,1.6,0,0,0,0,0,0,1,0,0.0,0.0,0.0,0.0,0.0,big5_club
FRA,"MF,FW",20,2004,24,10,985,10.9,0,2,2,0,0,0,0,0,0.0,0.18,0.18,0.0,0.18,big5_club
NED,"MF,FW",22,2003,28,19,1755,19.5,2,5,7,2,0,0,5,1,0.1,0.26,0.36,0.1,0.36,big5_club
MLI,MF,28,1996,11,7,603,6.7,0,0,0,0,0,0,4,0,0.0,0.0,0.0,0.0,0.0,big5_club
COD,"DF,MF",27,1997,25,23,2081,23.1,0,2,2,0,0,0,4,0,0.0,0.09,0.09,0.0,0.09,big5_club
ESP,"FW,MF",29,1996,9,0,121,1.3,0,0,0,0,0,0,1,0,0.0,0.0,0.0,0.0,0.0,big5_club
FRA,GK,32,1993,20,20,1800,20.0,0,1,1,0,0,0,0,0,0.0,0.05,0.05,0.0,0.05,big5_club
SCO,MF,25,2000,7,2,158,1.8,0,0,0,0,0,0,0,0,0.0,0.0,0.0,0.0,0.0,big5_club
FRA,DF,27,1998,14,14,1254,13.9,0,0,0,0,0,0,1,0,0.0,0.0,0.0,0.0,0.0,big5_club
NIR,FW,20,2004,2,0,60,0.7,0,0,0,0,0,0,0,0,0.0,0.0,0.0,0.0,0.0,big5_club
ENG,FW,33,1992,32,11,1251,13.9,7,1,8,7,0,0,1,0,0.5,0.07,0.58,0.5,0.58,big5_club
NED,"MF,FW",23,2001,31,29,2470,27.4,5,2,7,5,0,0,6,0,0.18,0.07,0.26,0.18,0.26,big5_club
SEN,"DF,MF",20,2004,32,30,2707,30.1,0,5,5,0,0,0,6,0,0.0,0.17,0.17,0.0,0.17,big5_club
BRB,DF,18,2007,6,0,117,1.3,0,0,0,0,0,0,0,0,0.0,0.0,0.0,0.0,0.0,big5_club
ENG,MF,21,2003,22,12,1171,13.0,0,1,1,0,0,0,1,0,0.0,0.08,0.08,0.0,0.08,big5_club
ENG,MF,20,2004,1,0,9,0.1,0,0,0,0,0,0,0,0,0.0,0.0,0.0,0.0,0.0,big5_club
ARG,MF,31,1994,6,2,180,2.0,0,0,0,0,0,0,1,0,0.0,0.0,0.0,0.0,0.0,big5_club
BRA,DF,27,1998,4,1,105,1.2,0,0,0,0,0,0,0,0,0.0,0.0,0.0,0.0,0.0,big5_club
ENG,MF,30,1994,5,5,413,4.6,0,0,0,0,0,0,0,0,0.0,0.0,0.0,0.0,0.0,big5_club
ENG,"MF,FW",28,1996,38,38,3403,37.8,9,11,20,8,1,1,4,0,0.24,0.29,0.53,0.21,0.5,big5_club
FRA,DF,25,1999,23,22,1814,20.2,0,1,1,0,0,0,5,1,0.0,0.05,0.05,0.0,0.05,big5_club
GRE,DF,27,1997,31,27,2534,28.2,3,0,3,3,0,0,2,0,0.11,0.0,0.11,0.11,0.11,big5_club
ENG,DF,28,1997,23,15,1383,15.4,1,0,1,1,0,0,2,0,0.07,0.0,0.07,0.07,0.07,big5_club
BRA,"MF,FW",27,1997,18,18,1511,16.8,4,1,5,2,2,2,7,1,0.24,0.06,0.3,0.12,0.18,big5_club
BRA,FW,19,2006,5,1,125,1.4,0,0,0,0,0,0,0,0,0.0,0.0,0.0,0.0,0.0,big5_club
DEN,GK,25,2000,18,18,1620,18.0,0,1,1,0,0,0,0,0,0.0,0.06,0.06,0.0,0.06,big5_club
POR,MF,21,2004,36,35,3016,33.5,3,4,7,3,0,0,7,0,0.09,0.12,0.21,0.09,0.21,big5_club
ENG,DF,28,1997,21,17,1561,17.3,0,0,0,0,0,0,4,0,0.0,0.0,0.0,0.0,0.0,big5_club
FRA,MF,19,2005,11,0,75,0.8,0,0,0,0,0,0,2,0,0.0,0.0,0.0,0.0,0.0,big5_club
MAR,DF,29,1996,2,2,180,2.0,0,0,0,0,0,0,0,0,0.0,0.0,0.0,0.0,0.0,big5_club
GER,FW,32,1993,8,5,409,4.5,0,0,0,0,0,0,0,0,0.0,0.0,0.0,0.0,0.0,big5_club
ENG,"DF,MF",19,2005,13,9,659,7.3,0,0,0,0,0,0,2,0,0.0,0.0,0.0,0.0,0.0,big5_club
BRA,"MF,FW",21,2004,14,10,823,9.1,0,1,1,0,0,0,0,0,0.0,0.11,0.11,0.0,0.11,big5_club
FRA,MF,21,2003,22,11,981,10.9,1,0,1,1,0,0,4,0,0.09,0.0,0.09,0.09,0.09,big5_club
CZE,MF,30,1995,35,24,2200,24.4,5,0,5,5,0,0,3,1,0.2,0.0,0.2,0.2,0.2,big5_club
ARG,FW,26,1998,18,17,1384,15.4,6,0,6,6,0,0,6,0,0.39,0.0,0.39,0.39,0.39,big5_club
ENG,"FW,MF",28,1997,14,14,1140,12.7,2,2,4,1,1,1,3,0,0.16,0.16,0.32,0.08,0.24,big5_club
BRA,MF,24,2001,35,30,2762,30.7,1,0,1,1,0,0,12,0,0.03,0.0,0.03,0.03,0.03,big5_club
ENG,"MF,FW",24,2000,12,7,461,5.1,0,0,0,0,0,0,1,0,0.0,0.0,0.0,0.0,0.0,big5_club
ENG,GK,32,1993,3,3,270,3.0,0,0,0,0,0,0,0,0,0.0,0.0,0.0,0.0,0.0,big5_club
NOR,"MF,DF",23,2002,22,11,1049,11.7,0,2,2,0,0,0,1,0,0.0,0.17,0.17,0.0,0.17,big5_club
CIV,DF,28,1997,14,12,1101,12.2,0,0,0,0,0,0,1,1,0.0,0.0,0.0,0.0,0.0,big5_club
ESP,MF,21,2004,9,2,235,2.6,0,1,1,0,0,0,1,0,0.0,0.38,0.38,0.0,0.38,big5_club
ESP,"MF,DF",22,2002,35,26,2366,26.3,1,2,3,1,0,0,3,0,0.04,0.08,0.11,0.04,0.11,big5_club
KOR,"FW,MF",29,1996,26,18,1446,16.1,2,2,4,1,1,1,5,0,0.12,0.12,0.25,0.06,0.19,big5_club
CMR,"MF,DF",23,2001,31,19,1845,20.5,0,1,1,0,0,0,3,0,0.0,0.05,0.05,0.0,0.05,big5_club
HAI,"MF,FW",27,1998,26,15,1248,13.9,1,1,2,1,0,0,5,0,0.07,0.07,0.14,0.07,0.14,big5_club
ENG,MF,15,2009,1,0,17,0.2,0,0,0,0,0,0,0,0,0.0,0.0,0.0,0.0,0.0,big5_club
COL,"FW,MF",27,1997,23,14,1124,12.5,1,0,1,1,0,0,1,0,0.08,0.0,0.08,0.08,0.08,big5_club
POR,GK,32,1993,23,23,2070,23.0,0,0,0,0,0,0,2,0,0.0,0.0,0.0,0.0,0.0,big5_club
BRA,MF,24,2001,35,32,2829,31.4,1,1,2,1,0,0,10,0,0.03,0.03,0.06,0.03,0.06,big5_club
NOR,FW,25,2000,22,14,1404,15.6,1,1,2,0,1,2,2,0,0.06,0.06,0.13,0.0,0.06,big5_club
NED,"MF,DF",23,2002,8,6,425,4.7,0,0,0,0,0,0,0,0,0.0,0.0,0.0,0.0,0.0,big5_club
CZE,"DF,MF",26,1999,28,27,2356,26.2,2,1,3,2,0,0,5,1,0.08,0.04,0.11,0.08,0.11,big5_club
ZIM,"MF,FW",29,1996,13,9,875,9.7,1,1,2,1,0,0,2,0,0.1,0.1,0.21,0.1,0.21,big5_club
POR,MF,17,2007,27,19,1795,19.9,3,1,4,3,0,0,0,0,0.15,0.05,0.2,0.15,0.2,big5_club
IRL,"DF,MF",33,1992,11,11,787,8.7,0,0,0,0,0,0,4,0,0.0,0.0,0.0,0.0,0.0,big5_club
BRA,MF,19,2006,9,3,260,2.9,0,0,0,0,0,0,0,0,0.0,0.0,0.0,0.0,0.0,big5_club
POR,"MF,FW",22,2003,22,9,960,10.7,3,0,3,3,0,0,0,0,0.28,0.0,0.28,0.28,0.28,big5_club
ENG,GK,32,1993,12,12,1080,12.0,0,0,0,0,0,0,0,0,0.0,0.0,0.0,0.0,0.0,big5_club
URU,DF,26,1998,29,28,2553,28.4,3,1,4,3,0,0,4,0,0.11,0.04,0.14,0.11,0.14,big5_club
AUT,"FW,MF",28,1997,1,0,15,0.2,0,0,0,0,0,0,0,0,0.0,0.0,0.0,0.0,0.0,big5_club
ZIM,MF,21,2003,2,0,27,0.3,0,0,0,0,0,0,0,0,0.0,0.0,0.0,0.0,0.0,big5_club
NGA,FW,24,2000,33,13,1419,15.8,3,1,4,3,0,1,1,0,0.19,0.06,0.25,0.19,0.25,big5_club
ENG,MF,19,2006,3,0,14,0.2,1,0,1,1,0,0,0,0,6.43,0.0,6.43,6.43,6.43,big5_club
POR,DF,26,1999,19,17,1424,15.8,0,0,0,0,0,0,2,1,0.0,0.0,0.0,0.0,0.0,big5_club
COL,DF,24,2001,27,24,2136,23.7,0,0,0,0,0,0,12,0,0.0,0.0,0.0,0.0,0.0,big5_club
ALG,"MF,DF",26,1998,30,15,1496,16.6,1,4,5,1,0,0,8,0,0.06,0.24,0.3,0.06,0.3,big5_club
ESP,FW,22,2003,9,0,122,1.4,0,0,0,0,0,0,0,0,0.0,0.0,0.0,0.0,0.0,big5_club
ESP,MF,28,1997,25,2,654,7.3,1,1,2,1,0,0,4,1,0.14,0.14,0.28,0.14,0.28,big5_club
ESP,MF,25,2000,36,36,3110,34.6,2,3,5,2,0,0,9,0,0.06,0.09,0.14,0.06,0.14,big5_club
ESP,GK,28,1996,38,38,3420,38.0,0,0,0,0,0,0,3,0,0.0,0.0,0.0,0.0,0.0,big5_club
BRA,MF,25,2000,19,13,752,8.4,0,0,0,0,0,0,2,0,0.0,0.0,0.0,0.0,0.0,big5_club
ESP,MF,27,1998,34,23,1989,22.1,0,4,4,0,0,0,5,0,0.0,0.18,0.18,0.0,0.18,big5_club
ESP,DF,21,2004,1,0,1,0.0,0,0,0,0,0,0,0,0,0.0,0.0,0.0,0.0,0.0,big5_club
URU,DF,27,1998,13,3,324,3.6,0,0,0,0,0,0,2,1,0.0,0.0,0.0,0.0,0.0,big5_club
ESP,MF,26,1999,21,11,1258,14.0,5,0,5,2,3,3,1,0,0.36,0.0,0.36,0.14,0.14,big5_club
ESP,MF,31,1994,30,15,1406,15.6,1,2,3,1,0,0,6,0,0.06,0.13,0.19,0.06,0.19,big5_club
ESP,FW,22,2003,1,0,10,0.1,0,0,0,0,0,0,0,0,0.0,0.0,0.0,0.0,0.0,big5_club
MAS,DF,25,1999,10,8,793,8.8,0,0,0,0,0,0,3,0,0.0,0.0,0.0,0.0,0.0,big5_club
CIV,FW,25,1999,10,6,578,6.4,2,0,2,2,0,0,1,0,0.31,0.0,0.31,0.31,0.31,big5_club
ESP,"MF,FW",30,1995,28,15,1238,13.8,0,0,0,0,0,0,1,0,0.0,0.0,0.0,0.0,0.0,big5_club
ESP,DF,24,2001,22,20,1735,19.3,0,0,0,0,0,0,5,1,0.0,0.0,0.0,0.0,0.0,big5_club
ESP,DF,31,1994,34,34,2994,33.3,0,0,0,0,0,0,7,0,0.0,0.0,0.0,0.0,0.0,big5_club
ESP,MF,21,2003,1,0,2,0.0,0,0,0,0,0,0,0,0,0.0,0.0,0.0,0.0,0.0,big5_club
ARG,FW,29,1996,29,22,1958,21.8,11,1,12,8,3,3,4,1,0.51,0.05,0.55,0.37,0.41,big5_club
DOM,FW,31,1993,10,3,288,3.2,0,0,0,0,0,0,1,0,0.0,0.0,0.0,0.0,0.0,big5_club
MLI,DF,24,2000,3,3,216,2.4,0,0,0,0,0,0,1,0,0.0,0.0,0.0,0.0,0.0,big5_club
ARG,DF,29,1996,36,36,3239,36.0,2,0,2,2,0,0,3,0,0.06,0.0,0.06,0.06,0.06,big5_club
ESP,MF,26,1998,37,28,2236,24.8,1,1,2,1,0,0,7,0,0.04,0.04,0.08,0.04,0.08,big5_club
ESP,FW,28,1997,37,32,2714,30.2,14,3,17,13,1,1,2,0,0.46,0.1,0.56,0.43,0.53,big5_club
ESP,DF,23,2002,30,25,2146,23.8,0,3,3,0,0,0,9,1,0.0,0.13,0.13,0.0,0.13,big5_club
FIN,DF,23,2002,5,3,282,3.1,0,0,0,0,0,0,0,0,0.0,0.0,0.0,0.0,0.0,big5_club
ESP,"DF,MF",19,2005,25,13,1335,14.8,0,1,1,0,0,0,7,0,0.0,0.07,0.07,0.0,0.07,big5_club
ESP,"MF,DF",22,2002,16,14,1288,14.3,1,3,4,1,0,0,4,0,0.07,0.21,0.28,0.07,0.28,big5_club
ESP,DF,23,2002,14,8,815,9.1,0,0,0,0,0,0,1,0,0.0,0.0,0.0,0.0,0.0,big5_club
ESP,DF,25,2000,19,18,1630,18.1,2,0,2,2,0,0,4,0,0.11,0.0,0.11,0.11,0.11,big5_club
ESP,MF,22,2003,29,11,1279,14.2,1,1,2,1,0,0,6,0,0.07,0.07,0.14,0.07,0.14,big5_club
ESP,GK,21,2003,1,1,90,1.0,0,0,0,0,0,0,0,1,0.0,0.0,0.0,0.0,0.0,big5_club
ESP,DF,28,1996,24,15,1360,15.1,0,1,1,0,0,0,3,0,0.0,0.07,0.07,0.0,0.07,big5_club
ESP,FW,20,2005,1,0,34,0.4,0,0,0,0,0,0,0,0,0.0,0.0,0.0,0.0,0.0,big5_club
ESP,DF,31,1994,25,24,2058,22.9,0,1,1,0,0,0,4,0,0.0,0.04,0.04,0.0,0.04,big5_club
ESP,MF,24,2001,2,1,85,0.9,0,0,0,0,0,0,1,0,0.0,0.0,0.0,0.0,0.0,big5_club
ESP,DF,26,1999,31,28,2564,28.5,1,0,1,1,0,0,8,1,0.04,0.0,0.04,0.04,0.04,big5_club
ESP,FW,21,2004,2,0,38,0.4,0,0,0,0,0,0,1,0,0.0,0.0,0.0,0.0,0.0,big5_club
ESP,FW,28,1996,35,28,2363,26.3,10,3,13,9,1,1,6,1,0.38,0.11,0.5,0.34,0.46,big5_club
GHA,"MF,FW",31,1994,30,25,2157,24.0,3,6,9,2,1,1,2,0,0.13,0.25,0.38,0.08,0.33,big5_club
ESP,DF,32,1993,11,8,600,6.7,0,0,0,0,0,0,2,2,0.0,0.0,0.0,0.0,0.0,big5_club
ESP,MF,31,1993,34,30,2206,24.5,1,2,3,1,0,0,10,0,0.04,0.08,0.12,0.04,0.12,big5_club
ESP,DF,26,1999,26,14,1506,16.7,0,1,1,0,0,0,3,0,0.0,0.06,0.06,0.0,0.06,big5_club
MAR,FW,24,2001,10,2,288,3.2,1,0,1,1,0,0,2,0,0.31,0.0,0.31,0.31,0.31,big5_club
ESP,MF,21,2003,36,34,2831,31.5,2,0,2,2,0,0,6,1,0.06,0.0,0.06,0.06,0.06,big5_club
ESP,MF,32,1993,23,1,465,5.2,0,0,0,0,0,0,0,0,0.0,0.0,0.0,0.0,0.0,big5_club
ESP,MF,23,2002,25,20,1674,18.6,6,3,9,5,1,2,2,0,0.32,0.16,0.48,0.27,0.43,big5_club
ESP,MF,22,2003,16,4,366,4.1,1,0,1,1,0,0,0,0,0.25,0.0,0.25,0.25,0.25,big5_club
ESP,MF,25,2000,28,22,1788,19.9,4,0,4,2,2,2,4,1,0.2,0.0,0.2,0.1,0.1,big5_club
ESP,MF,23,2002,32,10,1307,14.5,6,1,7,6,0,0,1,0,0.41,0.07,0.48,0.41,0.48,big5_club
ESP,MF,18,2007,7,2,196,2.2,0,1,1,0,0,0,0,0,0.0,0.46,0.46,0.0,0.46,big5_club
ESP,MF,22,2003,26,12,936,10.4,1,1,2,1,0,0,1,0,0.1,0.1,0.19,0.1,0.19,big5_club
ESP,GK,28,1997,37,37,3330,37.0,0,0,0,0,0,0,1,0,0.0,0.0,0.0,0.0,0.0,big5_club
ESP,FW,25,1999,13,1,193,2.1,1,0,1,1,0,0,2,0,0.47,0.0,0.47,0.47,0.47,big5_club
ESP,DF,30,1995,7,6,513,5.7,0,0,0,0,0,0,0,0,0.0,0.0,0.0,0.0,0.0,big5_club
ESP,DF,35,1990,32,31,2705,30.1,0,6,6,0,0,0,5,0,0.0,0.2,0.2,0.0,0.2,big5_club
ESP,MF,30,1995,31,25,2154,23.9,2,3,5,2,0,0,4,0,0.08,0.13,0.21,0.08,0.21,big5_club
NGA,"FW,MF",27,1997,12,9,617,6.9,4,0,4,3,1,1,1,0,0.58,0.0,0.58,0.44,0.44,big5_club
SRB,DF,22,2003,2,0,46,0.5,0,0,0,0,0,0,0,0,0.0,0.0,0.0,0.0,0.0,big5_club
ESP,"MF,FW",24,2001,27,21,1560,17.3,2,3,5,2,0,0,5,0,0.12,0.17,0.29,0.12,0.29,big5_club
NOR,FW,29,1995,35,20,1980,22.0,13,0,13,13,0,0,4,1,0.59,0.0,0.59,0.59,0.59,big5_club
FRA,FW,34,1991,34,13,1481,16.5,7,4,11,7,0,0,1,0,0.43,0.24,0.67,0.43,0.67,big5_club
FRA,DF,30,1995,19,17,1391,15.5,0,1,1,0,0,0,6,1,0.0,0.06,0.06,0.0,0.06,big5_club
ENG,MF,25,2000,19,4,679,7.5,2,0,2,2,0,0,2,0,0.27,0.0,0.27,0.27,0.27,big5_club
ESP,DF,21,2004,1,1,90,1.0,0,0,0,0,0,0,0,0,0.0,0.0,0.0,0.0,0.0,big5_club
SVK,DF,27,1997,30,27,2432,27.0,0,2,2,0,0,0,2,0,0.0,0.07,0.07,0.0,0.07,big5_club
ITA,FW,25,2000,12,1,236,2.6,0,1,1,0,0,0,1,0,0.0,0.38,0.38,0.0,0.38,big5_club
ARG,MF,22,2002,31,25,2099,23.3,4,6,10,4,0,0,2,0,0.17,0.26,0.43,0.17,0.43,big5_club
ESP,DF,20,2005,1,0,28,0.3,1,0,1,1,0,0,0,0,3.21,0.0,3.21,3.21,3.21,big5_club
SVN,GK,32,1993,30,30,2700,30.0,0,0,0,0,0,0,0,0,0.0,0.0,0.0,0.0,0.0,big5_club
ESP,MF,19,2006,2,0,23,0.3,0,0,0,0,0,0,0,0,0.0,0.0,0.0,0.0,0.0,big5_club
ESP,DF,30,1994,5,1,134,1.5,0,0,0,0,0,0,0,0,0.0,0.0,0.0,0.0,0.0,big5_club
ESP,MF,19,2006,5,1,172,1.9,0,0,0,0,0,0,2,0,0.0,0.0,0.0,0.0,0.0,big5_club
ESP,DF,20,2005,4,3,299,3.3,1,0,1,1,0,0,0,0,0.3,0.0,0.3,0.3,0.3,big5_club
USA,MF,23,2001,15,12,887,9.9,0,0,0,0,0,0,5,0,0.0,0.0,0.0,0.0,0.0,big5_club
URU,DF,30,1995,16,13,1178,13.1,0,1,1,0,0,0,3,0,0.0,0.08,0.08,0.0,0.08,big5_club
ARG,GK,31,1994,8,8,720,8.0,0,0,0,0,0,0,2,0,0.0,0.0,0.0,0.0,0.0,big5_club
ESP,DF,20,2005,4,4,310,3.4,0,1,1,0,0,0,2,0,0.0,0.29,0.29,0.0,0.29,big5_club
ARG,FW,25,2000,29,22,1895,21.1,8,4,12,6,2,3,2,0,0.38,0.19,0.57,0.28,0.47,big5_club
ESP,MF,33,1992,34,24,2219,24.7,2,2,4,2,0,0,6,0,0.08,0.08,0.16,0.08,0.16,big5_club
ESP,DF,22,2003,19,15,1381,15.3,1,1,2,1,0,0,2,0,0.07,0.07,0.13,0.07,0.13,big5_club
ESP,"DF,MF",30,1995,29,25,2181,24.2,0,4,4,0,0,0,7,1,0.0,0.17,0.17,0.0,0.17,big5_club
ITA,DF,23,2002,26,20,1774,19.7,0,3,3,0,0,0,4,0,0.0,0.15,0.15,0.0,0.15,big5_club
ESP,FW,17,2008,2,0,50,0.6,1,0,1,1,0,0,0,0,1.8,0.0,1.8,1.8,1.8,big5_club
ARG,"DF,MF",27,1998,26,13,1331,14.8,2,2,4,2,0,0,4,0,0.14,0.14,0.27,0.14,0.27,big5_club
ARG,"MF,DF",27,1998,24,18,1448,16.1,5,0,5,5,0,0,4,1,0.31,0.0,0.31,0.31,0.31,big5_club
MEX,MF,19,2005,12,8,740,8.2,0,1,1,0,0,0,2,0,0.0,0.12,0.12,0.0,0.12,big5_club
ESP,MF,22,2003,23,20,1661,18.5,1,1,2,1,0,0,0,0,0.05,0.05,0.11,0.05,0.11,big5_club
ESP,"MF,FW",20,2005,2,2,132,1.5,0,0,0,0,0,0,0,0,0.0,0.0,0.0,0.0,0.0,big5_club
ESP,DF,28,1996,28,17,1789,19.9,1,1,2,1,0,0,5,0,0.05,0.05,0.1,0.05,0.1,big5_club
ESP,MF,20,2005,8,8,434,4.8,0,1,1,0,0,0,2,0,0.0,0.21,0.21,0.0,0.21,big5_club
ESP,MF,17,2008,1,0,23,0.3,0,0,0,0,0,0,1,0,0.0,0.0,0.0,0.0,0.0,big5_club
ARG,"MF,FW",24,2001,27,16,1311,14.6,3,1,4,3,0,0,2,1,0.21,0.07,0.27,0.21,0.27,big5_club
ESP,DF,21,2003,28,21,1869,20.8,0,2,2,0,0,0,2,0,0.0,0.1,0.1,0.0,0.1,big5_club
ESP,DF,20,2005,1,1,90,1.0,0,0,0,0,0,0,0,0,0.0,0.0,0.0,0.0,0.0,big5_club
DEN,DF,29,1996,13,3,409,4.5,0,0,0,0,0,0,2,0,0.0,0.0,0.0,0.0,0.0,big5_club
ESP,MF,27,1998,33,24,2067,23.0,7,8,15,7,0,0,1,0,0.3,0.35,0.65,0.3,0.65,big5_club
ESP,MF,17,2008,4,1,92,1.0,0,0,0,0,0,0,0,0,0.0,0.0,0.0,0.0,0.0,big5_club
ESP,"DF,MF",24,2001,34,32,2721,30.2,1,1,2,1,0,0,6,0,0.03,0.03,0.07,0.03,0.07,big5_club
ESP,MF,22,2003,30,19,1797,20.0,6,9,15,6,0,0,3,0,0.3,0.45,0.75,0.3,0.75,big5_club
ESP,FW,25,2000,33,23,1965,21.8,16,2,18,16,0,0,2,0,0.73,0.09,0.82,0.73,0.82,big5_club
NED,MF,28,1997,25,16,1636,18.2,1,5,6,1,0,0,4,1,0.06,0.28,0.33,0.06,0.33,big5_club
ESP,MF,20,2004,11,7,573,6.4,0,1,1,0,0,0,3,0,0.0,0.16,0.16,0.0,0.16,big5_club
ESP,DF,23,2002,32,26,2119,23.5,0,0,0,0,0,0,6,0,0.0,0.0,0.0,0.0,0.0,big5_club
ESP,GK,24,2001,30,30,2700,30.0,0,0,0,0,0,0,1,0,0.0,0.0,0.0,0.0,0.0,big5_club
ESP,DF,18,2007,3,0,50,0.6,0,0,0,0,0,0,0,0,0.0,0.0,0.0,0.0,0.0,big5_club
POR,DF,31,1994,16,11,954,10.6,2,2,4,2,0,0,1,0,0.19,0.19,0.38,0.19,0.38,big5_club
FRA,DF,26,1998,30,24,2261,25.1,1,3,4,1,0,0,6,0,0.04,0.12,0.16,0.04,0.16,big5_club
ESP,"MF,FW",18,2007,28,26,2262,25.1,16,11,27,13,3,4,1,0,0.64,0.44,1.07,0.52,0.95,big5_club
ESP,MF,18,2007,22,9,790,8.8,2,1,3,2,0,0,4,0,0.23,0.11,0.34,0.23,0.34,big5_club
ESP,MF,21,2003,24,10,989,11.0,0,1,1,0,0,0,1,0,0.0,0.09,0.09,0.0,0.09,big5_club
ENG,"MF,FW",27,1997,32,18,1763,19.6,8,7,15,8,0,0,3,0,0.41,0.36,0.77,0.41,0.77,big5_club
ESP,DF,18,2007,31,31,2703,30.0,1,0,1,1,0,0,3,0,0.03,0.0,0.03,0.03,0.03,big5_club
ESP,MF,22,2002,29,23,2104,23.4,2,9,11,2,0,0,2,1,0.09,0.38,0.47,0.09,0.47,big5_club
BRA,"MF,FW",28,1996,22,18,1380,15.3,13,3,16,10,3,3,5,0,0.85,0.2,1.04,0.65,0.85,big5_club
POL,FW,36,1988,31,17,1664,18.5,14,2,16,13,1,3,2,0,0.76,0.11,0.87,0.7,0.81,big5_club
URU,DF,26,1999,24,11,1071,11.9,3,0,3,3,0,0,2,0,0.25,0.0,0.25,0.25,0.25,big5_club
SWE,"MF,FW",19,2005,21,7,648,7.2,1,1,2,1,0,0,0,0,0.14,0.14,0.28,0.14,0.28,big5_club
ESP,MF,18,2006,2,0,11,0.1,0,0,0,0,0,0,0,0,0.0,0.0,0.0,0.0,0.0,big5_club
ESP,FW,17,2008,1,1,45,0.5,0,0,0,0,0,0,0,0,0.0,0.0,0.0,0.0,0.0,big5_club
POL,GK,35,1990,8,8,720,8.0,0,0,0,0,0,0,0,0,0.0,0.0,0.0,0.0,0.0,big5_club
ESP,DF,18,2007,4,1,165,1.8,0,0,0,0,0,0,0,0,0.0,0.0,0.0,0.0,0.0,big5_club
ESP,FW,18,2007,2,1,63,0.7,0,0,0,0,0,0,0,0,0.0,0.0,0.0,0.0,0.0,big5_club
ESP,FW,32,1993,35,21,1900,21.1,14,2,16,10,4,4,7,0,0.66,0.09,0.76,0.47,0.57,big5_club
ESP,"FW,MF",23,2001,19,13,1131,12.6,1,1,2,0,1,1,1,0,0.08,0.08,0.16,0.0,0.08,big5_club
SWE,DF,30,1995,19,17,1491,16.6,0,0,0,0,0,0,3,1,0.0,0.0,0.0,0.0,0.0,big5_club
ESP,DF,24,2001,8,6,610,6.8,0,0,0,0,0,0,1,0,0.0,0.0,0.0,0.0,0.0,big5_club
ESP,MF,22,2003,2,2,150,1.7,0,0,0,0,0,0,1,0,0.0,0.0,0.0,0.0,0.0,big5_club
ESP,"MF,FW",21,2004,17,13,1170,13.0,1,1,2,1,0,0,3,0,0.08,0.08,0.15,0.08,0.15,big5_club
ESP,FW,26,1999,30,21,1652,18.4,9,3,12,9,0,0,4,0,0.49,0.16,0.65,0.49,0.65,big5_club
ESP,MF,26,1999,10,7,528,5.9,0,0,0,0,0,0,0,0,0.0,0.0,0.0,0.0,0.0,big5_club
ESP,MF,18,2006,1,0,8,0.1,0,0,0,0,0,0,0,0,0.0,0.0,0.0,0.0,0.0,big5_club
ESP,FW,22,2003,1,0,8,0.1,0,0,0,0,0,0,0,0,0.0,0.0,0.0,0.0,0.0,big5_club
ESP,MF,21,2003,20,16,1338,14.9,0,2,2,0,0,0,3,0,0.0,0.13,0.13,0.0,0.13,big5_club
ESP,"FW,MF",22,2003,28,15,1340,14.9,4,2,6,4,0,0,2,0,0.27,0.13,0.4,0.27,0.4,big5_club
ESP,"FW,MF",37,1987,32,11,1140,12.7,5,3,8,3,2,2,4,0,0.39,0.24,0.63,0.24,0.47,big5_club
GUI,MF,22,2003,36,26,2495,27.7,2,3,5,2,0,0,8,0,0.07,0.11,0.18,0.07,0.18,big5_club
ROU,GK,28,1997,38,38,3420,38.0,0,0,0,0,0,0,2,0,0.0,0.0,0.0,0.0,0.0,big5_club
ESP,DF,22,2003,33,28,2558,28.4,0,1,1,0,0,0,5,0,0.0,0.04,0.04,0.0,0.04,big5_club
ESP,MF,23,2002,26,16,1404,15.6,2,6,8,2,0,0,6,0,0.13,0.38,0.51,0.13,0.51,big5_club
MAR,"MF,FW",19,2006,22,4,681,7.6,2,0,2,2,0,0,0,0,0.26,0.0,0.26,0.26,0.26,big5_club
GHA,DF,29,1995,8,7,639,7.1,0,0,0,0,0,0,0,0,0.0,0.0,0.0,0.0,0.0,big5_club
ESP,DF,24,2001,14,9,758,8.4,0,0,0,0,0,0,2,0,0.0,0.0,0.0,0.0,0.0,big5_club
ESP,DF,34,1990,32,31,2768,30.8,1,0,1,0,1,1,5,0,0.03,0.0,0.03,0.0,0.0,big5_club
URU,MF,33,1991,6,2,135,1.5,0,0,0,0,0,0,0,0,0.0,0.0,0.0,0.0,0.0,big5_club
ESP,MF,22,2002,19,14,1311,14.6,1,0,1,1,0,0,3,0,0.07,0.0,0.07,0.07,0.07,big5_club
SRB,"MF,DF",29,1995,5,4,253,2.8,0,0,0,0,0,0,0,0,0.0,0.0,0.0,0.0,0.0,big5_club
ESP,"FW,MF",24,2001,30,17,1425,15.8,2,2,4,2,0,0,1,0,0.13,0.13,0.25,0.13,0.25,big5_club
ESP,MF,24,2000,34,29,2694,29.9,2,1,3,2,0,0,2,0,0.07,0.03,0.1,0.07,0.1,big5_club
SWE,"FW,MF",21,2004,29,13,1270,14.1,5,5,10,5,0,0,2,0,0.35,0.35,0.71,0.35,0.71,big5_club
ESP,DF,21,2004,12,11,938,10.4,0,0,0,0,0,0,4,0,0.0,0.0,0.0,0.0,0.0,big5_club
ESP,"DF,MF",25,2000,6,5,328,3.6,0,0,0,0,0,0,0,0,0.0,0.0,0.0,0.0,0.0,big5_club
ESP,MF,26,1999,34,21,1968,21.9,1,4,5,1,0,0,4,0,0.05,0.18,0.23,0.05,0.23,big5_club
MAR,MF,19,2005,7,0,104,1.2,1,0,1,1,0,0,0,0,0.87,0.0,0.87,0.87,0.87,big5_club
ESP,"DF,MF",27,1998,26,8,1090,12.1,1,1,2,1,0,0,4,0,0.08,0.08,0.17,0.08,0.17,big5_club
ESP,MF,29,1996,36,36,3160,35.1,2,2,4,2,0,0,10,0,0.06,0.06,0.11,0.06,0.11,big5_club
MAR,MF,19,2005,2,2,123,1.4,0,0,0,0,0,0,0,0,0.0,0.0,0.0,0.0,0.0,big5_club
POR,FW,29,1995,31,22,1849,20.5,10,0,10,7,3,3,3,0,0.49,0.0,0.49,0.34,0.34,big5_club
SEN,DF,27,1997,4,1,102,1.1,0,0,0,0,0,0,1,0,0.0,0.0,0.0,0.0,0.0,big5_club
ESP,"DF,MF",17,2007,12,8,538,6.0,0,0,0,0,0,0,3,0,0.0,0.0,0.0,0.0,0.0,big5_club
AUT,DF,24,2001,36,33,2949,32.8,1,1,2,1,0,0,7,1,0.03,0.03,0.06,0.03,0.06,big5_club
ARG,MF,22,2003,11,1,179,2.0,0,0,0,0,0,0,0,1,0.0,0.0,0.0,0.0,0.0,big5_club
ESP,"MF,DF",23,2002,36,33,2857,31.7,4,5,9,4,0,0,4,1,0.13,0.16,0.28,0.13,0.28,big5_club
ESP,MF,27,1998,12,8,718,8.0,1,0,1,1,0,0,3,0,0.13,0.0,0.13,0.13,0.13,big5_club
COD,"MF,FW",27,1998,20,13,926,10.3,1,0,1,1,0,0,3,0,0.1,0.0,0.1,0.1,0.1,big5_club
ESP,"DF,MF",18,2006,14,7,482,5.4,2,2,4,2,0,0,0,0,0.37,0.37,0.75,0.37,0.75,big5_club
ESP,GK,26,1999,16,16,1440,16.0,0,0,0,0,0,0,0,0,0.0,0.0,0.0,0.0,0.0,big5_club
ESP,"DF,FW",31,1993,1,0,24,0.3,0,0,0,0,0,0,0,0,0.0,0.0,0.0,0.0,0.0,big5_club
ESP,"DF,MF",24,2000,21,6,665,7.4,1,0,1,1,0,0,3,0,0.14,0.0,0.14,0.14,0.14,big5_club
ESP,"MF,DF",35,1989,19,4,565,6.3,0,3,3,0,0,0,2,0,0.0,0.48,0.48,0.0,0.48,big5_club
CHI,MF,22,2002,10,4,402,4.5,1,0,1,1,0,0,1,0,0.22,0.0,0.22,0.22,0.22,big5_club
FRA,DF,28,1997,32,18,1572,17.5,0,0,0,0,0,0,2,1,0.0,0.0,0.0,0.0,0.0,big5_club
ESP,MF,25,2000,35,30,2500,27.8,1,2,3,1,0,0,3,0,0.04,0.07,0.11,0.04,0.11,big5_club
POR,MF,22,2003,25,15,1347,15.0,2,5,7,2,0,0,3,0,0.13,0.33,0.47,0.13,0.47,big5_club
ARG,GK,38,1987,22,22,1980,22.0,0,0,0,0,0,0,1,0,0.0,0.0,0.0,0.0,0.0,big5_club
MAR,FW,27,1998,2,0,50,0.6,0,0,0,0,0,0,0,0,0.0,0.0,0.0,0.0,0.0,big5_club
ESP,DF,34,1990,28,25,2063,22.9,1,3,4,1,0,0,5,1,0.04,0.13,0.17,0.04,0.17,big5_club
ESP,"FW,MF",28,1997,27,21,1803,20.0,8,0,8,7,1,2,4,0,0.4,0.0,0.4,0.35,0.35,big5_club
ESP,"MF,FW",20,2005,16,6,794,8.8,1,0,1,1,0,0,4,0,0.11,0.0,0.11,0.11,0.11,big5_club
ESP,MF,28,1996,13,11,929,10.3,1,1,2,1,0,0,1,0,0.1,0.1,0.19,0.1,0.19,big5_club
ESP,DF,25,2000,31,22,2166,24.1,1,0,1,1,0,0,9,1,0.04,0.0,0.04,0.04,0.04,big5_club
ESP,MF,22,2003,9,3,281,3.1,0,0,0,0,0,0,1,0,0.0,0.0,0.0,0.0,0.0,big5_club
ESP,FW,19,2006,1,0,6,0.1,0,1,1,0,0,0,0,0,0.0,15.0,15.0,0.0,15.0,big5_club
ESP,"DF,MF",25,2000,19,19,1647,18.3,0,2,2,0,0,0,2,0,0.0,0.11,0.11,0.0,0.11,big5_club
URU,FW,21,2004,34,24,2201,24.5,7,5,12,7,0,0,2,0,0.29,0.2,0.49,0.29,0.49,big5_club
ESP,MF,22,2002,13,3,289,3.2,0,0,0,0,0,0,2,0,0.0,0.0,0.0,0.0,0.0,big5_club
ESP,DF,23,2001,36,36,3191,35.5,6,3,9,6,0,0,4,0,0.17,0.08,0.25,0.17,0.25,big5_club
COD,MF,28,1997,24,4,707,7.9,1,0,1,1,0,0,4,2,0.13,0.0,0.13,0.13,0.13,big5_club
GER,DF,22,2003,20,16,1396,15.5,0,1,1,0,0,0,5,0,0.0,0.06,0.06,0.0,0.06,big5_club
BEL,MF,25,2000,9,6,424,4.7,0,2,2,0,0,0,4,0,0.0,0.42,0.42,0.0,0.42,big5_club
ESP,MF,28,1996,36,32,2523,28.0,1,6,7,1,0,0,9,0,0.04,0.21,0.25,0.04,0.25,big5_club
ESP,DF,29,1995,28,24,2148,23.9,0,0,0,0,0,0,5,0,0.0,0.0,0.0,0.0,0.0,big5_club
ESP,GK,23,2001,1,1,90,1.0,0,0,0,0,0,0,0,0,0.0,0.0,0.0,0.0,0.0,big5_club
ESP,"MF,FW",27,1998,10,8,674,7.5,2,0,2,1,1,2,2,0,0.27,0.0,0.27,0.13,0.13,big5_club
ESP,MF,24,2001,26,9,930,10.3,1,0,1,1,0,0,1,0,0.1,0.0,0.1,0.1,0.1,big5_club
ESP,DF,24,2000,11,2,257,2.9,0,0,0,0,0,0,2,0,0.0,0.0,0.0,0.0,0.0,big5_club
ESP,FW,35,1989,37,17,1734,19.3,8,1,9,7,1,2,3,0,0.42,0.05,0.47,0.36,0.42,big5_club
URU,DF,34,1991,37,37,3330,37.0,3,0,3,3,0,0,4,0,0.08,0.0,0.08,0.08,0.08,big5_club
ESP,FW,18,2006,1,0,19,0.2,0,0,0,0,0,0,0,0,0.0,0.0,0.0,0.0,0.0,big5_club
ITA,MF,20,2004,3,0,63,0.7,0,0,0,0,0,0,0,0,0.0,0.0,0.0,0.0,0.0,big5_club
SRB,GK,33,1992,37,37,3330,37.0,0,0,0,0,0,0,0,0,0.0,0.0,0.0,0.0,0.0,big5_club
ESP,DF,27,1998,12,1,206,2.3,1,0,1,1,0,0,0,0,0.44,0.0,0.44,0.44,0.44,big5_club
MAR,DF,21,2003,36,32,2826,31.4,0,2,2,0,0,0,9,0,0.0,0.06,0.06,0.0,0.06,big5_club
ESP,"MF,FW",32,1992,33,24,1973,21.9,7,1,8,7,0,0,6,1,0.32,0.05,0.36,0.32,0.36,big5_club
ESP,MF,25,1999,33,28,2157,24.0,2,1,3,2,0,0,12,1,0.08,0.04,0.13,0.08,0.13,big5_club
ESP,MF,24,2000,29,12,1030,11.4,1,2,3,1,0,0,0,0,0.09,0.17,0.26,0.09,0.26,big5_club
ESP,FW,23,2002,38,25,2382,26.5,7,3,10,6,1,1,3,0,0.26,0.11,0.38,0.23,0.34,big5_club
ESP,"DF,MF",24,2001,21,8,812,9.0,0,1,1,0,0,0,2,0,0.0,0.11,0.11,0.0,0.11,big5_club
ENG,MF,23,2001,36,28,2415,26.8,2,5,7,2,0,0,7,1,0.07,0.19,0.26,0.07,0.26,big5_club
ESP,MF,24,2001,35,28,2623,29.1,0,1,1,0,0,0,7,0,0.0,0.03,0.03,0.0,0.03,big5_club
MAR,DF,26,1999,23,17,1437,16.0,0,2,2,0,0,0,10,1,0.0,0.13,0.13,0.0,0.13,big5_club
ENG,MF,22,2003,12,1,256,2.8,0,0,0,0,0,0,1,0,0.0,0.0,0.0,0.0,0.0,big5_club
ESP,"FW,MF",20,2005,28,21,1702,18.9,3,0,3,3,0,0,5,1,0.16,0.0,0.16,0.16,0.16,big5_club
ESP,MF,20,2004,3,1,71,0.8,0,0,0,0,0,0,0,0,0.0,0.0,0.0,0.0,0.0,big5_club
ESP,"DF,FW",26,1999,1,0,13,0.1,0,0,0,0,0,0,0,0,0.0,0.0,0.0,0.0,0.0,big5_club
CMR,DF,37,1988,15,7,523,5.8,0,1,1,0,0,0,6,1,0.0,0.17,0.17,0.0,0.17,big5_club
ESP,FW,28,1997,16,12,1058,11.8,4,1,5,4,0,1,0,0,0.34,0.09,0.43,0.34,0.43,big5_club
NGA,FW,22,2003,3,3,270,3.0,1,1,2,1,0,0,1,0,0.33,0.33,0.67,0.33,0.67,big5_club
ESP,MF,23,2002,14,2,348,3.9,0,0,0,0,0,0,1,0,0.0,0.0,0.0,0.0,0.0,big5_club
ESP,MF,22,2003,3,2,151,1.7,0,0,0,0,0,0,0,0,0.0,0.0,0.0,0.0,0.0,big5_club
ESP,GK,32,1993,38,38,3420,38.0,0,0,0,0,0,0,2,0,0.0,0.0,0.0,0.0,0.0,big5_club
ESP,DF,17,2007,14,7,700,7.8,0,0,0,0,0,0,2,0,0.0,0.0,0.0,0.0,0.0,big5_club
ESP,DF,32,1993,28,18,1758,19.5,0,0,0,0,0,0,4,0,0.0,0.0,0.0,0.0,0.0,big5_club
TOG,"DF,MF",33,1991,34,32,2578,28.6,0,0,0,0,0,0,10,2,0.0,0.0,0.0,0.0,0.0,big5_club
POR,DF,30,1995,34,34,2923,32.5,1,1,2,1,0,0,11,0,0.03,0.03,0.06,0.03,0.06,big5_club
ESP,MF,22,2003,1,0,11,0.1,0,0,0,0,0,0,0,0,0.0,0.0,0.0,0.0,0.0,big5_club
ESP,DF,27,1998,37,36,3185,35.4,1,2,3,1,0,0,4,0,0.03,0.06,0.08,0.03,0.08,big5_club
MAR,DF,20,2004,4,1,122,1.4,0,1,1,0,0,0,2,0,0.0,0.74,0.74,0.0,0.74,big5_club
ESP,"MF,FW",30,1995,17,4,551,6.1,0,0,0,0,0,0,0,0,0.0,0.0,0.0,0.0,0.0,big5_club
ESP,DF,21,2004,1,0,27,0.3,0,0,0,0,0,0,0,0,0.0,0.0,0.0,0.0,0.0,big5_club
ESP,DF,21,2004,2,0,22,0.2,0,0,0,0,0,0,0,0,0.0,0.0,0.0,0.0,0.0,big5_club
ESP,"FW,MF",32,1993,8,0,179,2.0,1,0,1,1,0,0,0,0,0.5,0.0,0.5,0.5,0.5,big5_club
ESP,"DF,MF",34,1991,28,25,2008,22.3,1,1,2,1,0,0,6,0,0.04,0.04,0.09,0.04,0.09,big5_club
ESP,MF,30,1994,37,37,3271,36.3,1,10,11,1,0,0,5,1,0.03,0.28,0.3,0.03,0.3,big5_club
ARG,FW,24,2001,17,14,1194,13.3,3,1,4,3,0,0,2,0,0.23,0.08,0.3,0.23,0.3,big5_club
ESP,"MF,FW",21,2004,35,26,2125,23.6,2,1,3,2,0,0,11,0,0.08,0.04,0.13,0.08,0.13,big5_club
URU,"FW,MF",24,2001,18,18,1603,17.8,6,1,7,6,0,0,5,0,0.34,0.06,0.39,0.34,0.39,big5_club
URU,MF,29,1995,37,37,3249,36.1,6,2,8,4,2,3,6,0,0.17,0.06,0.22,0.11,0.17,big5_club
URU,DF,21,2003,11,4,380,4.2,0,0,0,0,0,0,4,0,0.0,0.0,0.0,0.0,0.0,big5_club
SRB,FW,27,1998,6,1,142,1.6,0,0,0,0,0,0,0,0,0.0,0.0,0.0,0.0,0.0,big5_club
CMR,MF,28,1997,5,0,67,0.7,0,0,0,0,0,0,2,0,0.0,0.0,0.0,0.0,0.0,big5_club
ARG,DF,25,1999,15,15,1349,15.0,1,0,1,1,0,0,5,1,0.07,0.0,0.07,0.07,0.07,big5_club
ESP,"MF,FW",28,1997,18,5,708,7.9,0,1,1,0,0,0,4,1,0.0,0.13,0.13,0.0,0.13,big5_club
ESP,FW,25,2000,9,0,187,2.1,0,0,0,0,0,0,0,0,0.0,0.0,0.0,0.0,0.0,big5_club
ESP,DF,22,2002,24,11,1116,12.4,0,2,2,0,0,0,2,1,0.0,0.16,0.16,0.0,0.16,big5_club
ESP,"DF,MF",22,2003,35,33,2666,29.6,2,3,5,2,0,0,6,0,0.07,0.1,0.17,0.07,0.17,big5_club
BEL,MF,36,1989,32,30,2526,28.1,1,2,3,1,0,0,2,1,0.04,0.07,0.11,0.04,0.11,big5_club
MAR,MF,25,2000,24,20,1760,19.6,5,2,7,4,1,1,6,0,0.26,0.1,0.36,0.2,0.31,big5_club
MKD,FW,26,1999,1,1,44,0.5,0,0,0,0,0,0,0,0,0.0,0.0,0.0,0.0,0.0,big5_club
ESP,"MF,FW",24,2001,29,20,1578,17.5,0,3,3,0,0,0,6,0,0.0,0.17,0.17,0.0,0.17,big5_club
ARG,"FW,MF",19,2006,17,5,624,6.9,1,1,2,1,0,0,4,0,0.14,0.14,0.29,0.14,0.29,big5_club
URU,FW,38,1986,21,1,412,4.6,5,0,5,2,3,4,4,0,1.09,0.0,1.09,0.44,0.44,big5_club
NED,DF,35,1990,31,30,2606,29.0,0,0,0,0,0,0,1,0,0.0,0.0,0.0,0.0,0.0,big5_club
ESP,DF,35,1989,6,3,293,3.3,0,0,0,0,0,0,0,0,0.0,0.0,0.0,0.0,0.0,big5_club
MTN,FW,22,2002,2,1,72,0.8,0,0,0,0,0,0,0,0,0.0,0.0,0.0,0.0,0.0,big5_club
NED,MF,28,1997,2,1,41,0.5,0,0,0,0,0,0,0,0,0.0,0.0,0.0,0.0,0.0,big5_club
ESP,MF,26,1999,17,11,1012,11.2,1,0,1,1,0,0,3,0,0.09,0.0,0.09,0.09,0.09,big5_club
ESP,DF,22,2003,33,16,1750,19.4,1,1,2,1,0,0,4,0,0.05,0.05,0.1,0.05,0.1,big5_club
ESP,MF,26,1999,35,29,2532,28.1,0,1,1,0,0,0,5,1,0.0,0.04,0.04,0.0,0.04,big5_club
COL,MF,20,2004,12,3,380,4.2,0,0,0,0,0,0,0,0,0.0,0.0,0.0,0.0,0.0,big5_club
ESP,"MF,FW",20,2005,32,16,1473,16.4,3,1,4,3,0,0,4,1,0.18,0.06,0.24,0.18,0.24,big5_club
VEN,MF,19,2006,2,0,18,0.2,0,0,0,0,0,0,1,0,0.0,0.0,0.0,0.0,0.0,big5_club
CZE,DF,26,1999,2,2,180,2.0,0,0,0,0,0,0,1,0,0.0,0.0,0.0,0.0,0.0,big5_club
GUI,FW,21,2004,5,0,43,0.5,0,0,0,0,0,0,0,1,0.0,0.0,0.0,0.0,0.0,big5_club
GER,GK,33,1992,2,2,180,2.0,0,0,0,0,0,0,0,0,0.0,0.0,0.0,0.0,0.0,big5_club
ARG,GK,33,1992,35,35,3102,34.5,0,0,0,0,0,0,4,1,0.0,0.0,0.0,0.0,0.0,big5_club
ESP,"FW,MF",33,1992,10,4,474,5.3,0,0,0,0,0,0,2,0,0.0,0.0,0.0,0.0,0.0,big5_club
FRA,MF,29,1995,27,14,1258,14.0,3,1,4,3,0,0,4,0,0.21,0.07,0.29,0.21,0.29,big5_club
UKR,"MF,FW",27,1997,32,31,2630,29.2,6,5,11,6,0,0,3,0,0.21,0.17,0.38,0.21,0.38,big5_club
BRA,DF,19,2006,36,35,3138,34.9,1,1,2,1,0,0,9,1,0.03,0.03,0.06,0.03,0.06,big5_club
UKR,GK,20,2005,2,1,136,1.5,0,0,0,0,0,0,0,0,0.0,0.0,0.0,0.0,0.0,big5_club
UKR,FW,23,2002,27,27,1942,21.6,9,1,10,6,3,3,4,0,0.42,0.05,0.46,0.28,0.32,big5_club
VEN,MF,27,1998,2,2,110,1.2,0,0,0,0,0,0,0,0,0.0,0.0,0.0,0.0,0.0,big5_club
COL,"FW,MF",21,2003,15,6,611,6.8,0,0,0,0,0,0,0,0,0.0,0.0,0.0,0.0,0.0,big5_club
ESP,DF,32,1993,31,28,2559,28.4,0,3,3,0,0,0,5,0,0.0,0.11,0.11,0.0,0.11,big5_club
ESP,DF,26,1999,33,30,2711,30.1,3,1,4,2,1,3,5,0,0.1,0.03,0.13,0.07,0.1,big5_club
URU,DF,20,2004,19,10,947,10.5,1,1,2,1,0,0,0,1,0.1,0.1,0.19,0.1,0.19,big5_club
ESP,"MF,FW",28,1996,19,10,1005,11.2,1,1,2,1,0,0,1,1,0.09,0.09,0.18,0.09,0.18,big5_club
ESP,FW,20,2005,25,13,1343,14.9,11,0,11,11,0,0,3,0,0.74,0.0,0.74,0.74,0.74,big5_club
ESP,MF,21,2003,30,23,1890,21.0,3,1,4,3,0,0,3,0,0.14,0.05,0.19,0.14,0.19,big5_club
ESP,DF,25,2000,8,6,534,5.9,0,0,0,0,0,0,3,0,0.0,0.0,0.0,0.0,0.0,big5_club
CTA,FW,25,2000,11,2,247,2.7,1,0,1,1,0,0,1,0,0.36,0.0,0.36,0.36,0.36,big5_club
ESP,MF,23,2001,23,10,902,10.0,3,1,4,3,0,0,1,0,0.3,0.1,0.4,0.3,0.4,big5_club
ESP,"FW,MF",24,2001,32,28,2259,25.1,7,1,8,7,0,1,5,0,0.28,0.04,0.32,0.28,0.32,big5_club
GER,DF,30,1994,37,37,3164,35.2,1,4,5,1,0,0,8,0,0.03,0.11,0.14,0.03,0.14,big5_club
ESP,DF,21,2004,5,4,362,4.0,0,0,0,0,0,0,1,0,0.0,0.0,0.0,0.0,0.0,big5_club
ESP,MF,38,1987,20,1,363,4.0,1,1,2,0,1,1,1,0,0.25,0.25,0.5,0.0,0.25,big5_club
ESP,MF,19,2005,21,17,1133,12.6,0,1,1,0,0,0,3,0,0.0,0.08,0.08,0.0,0.08,big5_club
CMR,FW,21,2003,30,15,1416,15.7,6,2,8,6,0,1,3,0,0.38,0.13,0.51,0.38,0.51,big5_club
HON,MF,27,1998,27,16,1532,17.0,3,3,6,3,0,0,8,1,0.18,0.18,0.35,0.18,0.35,big5_club
ESP,DF,24,2000,33,31,2814,31.3,1,2,3,1,0,0,8,0,0.03,0.06,0.1,0.03,0.1,big5_club
AUS,GK,33,1992,36,36,3240,36.0,0,0,0,0,0,0,4,0,0.0,0.0,0.0,0.0,0.0,big5_club
ARG,DF,21,2003,28,27,2252,25.0,0,0,0,0,0,0,8,0,0.0,0.0,0.0,0.0,0.0,big5_club
ESP,DF,16,2008,3,1,148,1.6,0,0,0,0,0,0,1,0,0.0,0.0,0.0,0.0,0.0,big5_club
ESP,MF,24,2000,33,18,1734,19.3,1,5,6,1,0,0,2,1,0.05,0.26,0.31,0.05,0.31,big5_club
ESP,MF,27,1998,20,14,1319,14.7,0,1,1,0,0,0,4,0,0.0,0.07,0.07,0.0,0.07,big5_club
ESP,GK,23,2002,2,2,180,2.0,0,0,0,0,0,0,0,0,0.0,0.0,0.0,0.0,0.0,big5_club
ESP,MF,27,1998,27,21,1857,20.6,1,5,6,1,0,0,3,0,0.05,0.24,0.29,0.05,0.29,big5_club
ESP,"MF,FW",17,2007,12,4,472,5.2,0,0,0,0,0,0,2,0,0.0,0.0,0.0,0.0,0.0,big5_club
ESP,MF,26,1999,1,0,12,0.1,0,0,0,0,0,0,0,0,0.0,0.0,0.0,0.0,0.0,big5_club
ISR,MF,21,2004,7,0,93,1.0,0,0,0,0,0,0,0,0,0.0,0.0,0.0,0.0,0.0,big5_club
FRA,MF,22,2003,16,8,706,7.8,0,0,0,0,0,0,1,0,0.0,0.0,0.0,0.0,0.0,big5_club
ESP,"DF,MF",32,1993,12,11,958,10.6,1,0,1,1,0,0,2,0,0.09,0.0,0.09,0.09,0.09,big5_club
ESP,MF,24,2000,16,11,812,9.0,0,0,0,0,0,0,3,1,0.0,0.0,0.0,0.0,0.0,big5_club
ESP,"MF,FW",27,1997,21,12,1040,11.6,2,1,3,2,0,0,1,0,0.17,0.09,0.26,0.17,0.26,big5_club
ESP,FW,32,1992,15,0,143,1.6,0,0,0,0,0,0,0,0,0.0,0.0,0.0,0.0,0.0,big5_club
ESP,DF,33,1991,24,23,2070,23.0,0,1,1,0,0,0,4,0,0.0,0.04,0.04,0.0,0.04,big5_club
ESP,"MF,DF",28,1997,30,9,1073,11.9,0,0,0,0,0,0,5,1,0.0,0.0,0.0,0.0,0.0,big5_club
ESP,"FW,MF",37,1988,2,0,68,0.8,0,0,0,0,0,0,0,0,0.0,0.0,0.0,0.0,0.0,big5_club
ESP,DF,22,2003,14,9,837,9.3,0,0,0,0,0,0,2,0,0.0,0.0,0.0,0.0,0.0,big5_club
ESP,MF,19,2005,2,0,17,0.2,0,0,0,0,0,0,0,0,0.0,0.0,0.0,0.0,0.0,big5_club
ESP,"MF,FW",19,2006,31,19,1792,19.9,2,4,6,2,0,0,0,1,0.1,0.2,0.3,0.1,0.3,big5_club
ESP,MF,22,2002,16,1,187,2.1,0,0,0,0,0,0,0,0,0.0,0.0,0.0,0.0,0.0,big5_club
ESP,DF,18,2007,2,0,51,0.6,0,0,0,0,0,0,0,0,0.0,0.0,0.0,0.0,0.0,big5_club
COL,DF,32,1992,35,30,2724,30.3,0,4,4,0,0,0,6,1,0.0,0.13,0.13,0.0,0.13,big5_club
FRA,FW,20,2004,3,1,81,0.9,0,0,0,0,0,0,0,0,0.0,0.0,0.0,0.0,0.0,big5_club
ESP,GK,25,2000,33,33,2970,33.0,0,0,0,0,0,0,4,0,0.0,0.0,0.0,0.0,0.0,big5_club
FIN,GK,22,2002,5,5,450,5.0,0,0,0,0,0,0,1,0,0.0,0.0,0.0,0.0,0.0,big5_club
,DF,,,1,1,90,1.0,0,0,0,0,0,0,0,0,0.0,0.0,0.0,0.0,0.0,big5_club
ESP,MF,26,1999,32,22,1765,19.6,3,0,3,3,0,0,5,1,0.15,0.0,0.15,0.15,0.15,big5_club
ALB,DF,25,2000,8,5,439,4.9,0,0,0,0,0,0,1,0,0.0,0.0,0.0,0.0,0.0,big5_club
ESP,MF,19,2006,7,2,214,2.4,0,1,1,0,0,0,0,0,0.0,0.42,0.42,0.0,0.42,big5_club
SVK,DF,29,1995,37,37,3308,36.8,0,0,0,0,0,0,6,0,0.0,0.0,0.0,0.0,0.0,big5_club
ESP,"MF,FW",21,2003,29,19,1699,18.9,2,3,5,2,0,0,2,0,0.11,0.16,0.26,0.11,0.26,big5_club
ESP,"DF,MF",25,2000,18,9,704,7.8,1,0,1,1,0,0,2,0,0.13,0.0,0.13,0.13,0.13,big5_club
ESP,DF,19,2006,2,0,43,0.5,0,0,0,0,0,0,0,0,0.0,0.0,0.0,0.0,0.0,big5_club
EQG,"MF,DF",32,1993,30,26,2239,24.9,2,2,4,2,0,0,5,0,0.08,0.08,0.16,0.08,0.16,big5_club
ESP,DF,28,1997,31,30,2662,29.6,1,2,3,1,0,0,11,0,0.03,0.07,0.1,0.03,0.1,big5_club
ESP,"MF,FW",22,2003,35,19,1599,17.8,4,4,8,4,0,0,4,0,0.23,0.23,0.45,0.23,0.45,big5_club
POR,MF,24,2000,34,31,2697,30.0,7,2,9,7,0,0,11,0,0.23,0.07,0.3,0.23,0.3,big5_club
ESP,MF,31,1993,38,30,2680,29.8,1,5,6,1,0,0,3,0,0.03,0.17,0.2,0.03,0.2,big5_club
JPN,"MF,FW",30,1994,20,8,664,7.4,1,0,1,1,0,0,2,0,0.14,0.0,0.14,0.14,0.14,big5_club
ESP,"DF,MF",27,1997,12,7,583,6.5,0,1,1,0,0,0,3,0,0.0,0.15,0.15,0.0,0.15,big5_club
KVX,FW,31,1994,37,36,3128,34.8,23,1,24,18,5,7,4,1,0.66,0.03,0.69,0.52,0.55,big5_club
ANG,"FW,MF",23,2002,10,6,508,5.6,0,2,2,0,0,0,2,0,0.0,0.35,0.35,0.0,0.35,big5_club
ESP,"MF,DF",24,2000,28,17,1624,18.0,1,2,3,1,0,0,5,1,0.06,0.11,0.17,0.06,0.17,big5_club
ESP,"MF,FW",23,2001,31,26,2139,23.8,0,2,2,0,0,0,6,0,0.0,0.08,0.08,0.0,0.08,big5_club
ESP,GK,34,1991,2,1,136,1.5,0,0,0,0,0,0,3,0,0.0,0.0,0.0,0.0,0.0,big5_club
CRO,FW,34,1991,37,35,2938,32.6,17,0,17,11,6,8,3,0,0.52,0.0,0.52,0.34,0.34,big5_club
ESP,DF,21,2004,17,2,343,3.8,1,0,1,1,0,0,1,1,0.26,0.0,0.26,0.26,0.26,big5_club
ESP,DF,30,1994,35,35,3071,34.1,3,2,5,3,0,0,11,1,0.09,0.06,0.15,0.09,0.15,big5_club
CMR,DF,23,2001,30,29,2542,28.2,1,2,3,1,0,0,7,0,0.04,0.07,0.11,0.04,0.11,big5_club
ESP,MF,22,2002,6,1,159,1.8,1,0,1,1,0,0,1,0,0.57,0.0,0.57,0.57,0.57,big5_club
ESP,MF,22,2002,19,8,952,10.6,0,0,0,0,0,0,5,0,0.0,0.0,0.0,0.0,0.0,big5_club
ESP,DF,20,2005,6,2,187,2.1,0,0,0,0,0,0,0,1,0.0,0.0,0.0,0.0,0.0,big5_club
ESP,DF,30,1994,20,19,1672,18.6,0,1,1,0,0,0,3,0,0.0,0.05,0.05,0.0,0.05,big5_club
ESP,MF,27,1998,36,35,3016,33.5,0,4,4,0,0,0,9,0,0.0,0.12,0.12,0.0,0.12,big5_club
ESP,DF,24,2001,28,17,1600,17.8,0,1,1,0,0,0,3,0,0.0,0.06,0.06,0.0,0.06,big5_club
ESP,DF,33,1992,15,7,649,7.2,0,0,0,0,0,0,2,0,0.0,0.0,0.0,0.0,0.0,big5_club
ESP,MF,28,1997,27,2,446,5.0,2,2,4,2,0,0,3,0,0.4,0.4,0.81,0.4,0.81,big5_club
ESP,MF,31,1994,34,31,2293,25.5,0,1,1,0,0,0,6,0,0.0,0.04,0.04,0.0,0.04,big5_club
ESP,MF,31,1994,26,12,1201,13.3,0,2,2,0,0,0,3,0,0.0,0.15,0.15,0.0,0.15,big5_club
ESP,FW,24,2000,36,6,1041,11.6,7,1,8,7,0,0,2,1,0.61,0.09,0.69,0.61,0.69,big5_club
ESP,MF,22,2002,14,7,625,6.9,0,2,2,0,0,0,0,0,0.0,0.29,0.29,0.0,0.29,big5_club
ESP,"MF,FW",32,1993,35,28,2229,24.8,2,5,7,2,0,0,6,0,0.08,0.2,0.28,0.08,0.28,big5_club
ESP,GK,32,1993,37,37,3284,36.5,0,0,0,0,0,0,3,1,0.0,0.0,0.0,0.0,0.0,big5_club
SUR,"FW,MF",30,1995,9,0,158,1.8,0,0,0,0,0,0,0,0,0.0,0.0,0.0,0.0,0.0,big5_club
FRA,"DF,MF",28,1996,31,30,2547,28.3,1,1,2,1,0,0,6,1,0.04,0.04,0.07,0.04,0.07,big5_club
ESP,"MF,FW",22,2003,34,31,2656,29.5,6,2,8,6,0,0,3,0,0.2,0.07,0.27,0.2,0.27,big5_club
ESP,GK,29,1995,36,36,3240,36.0,0,1,1,0,0,0,3,0,0.0,0.03,0.03,0.0,0.03,big5_club
ESP,MF,27,1997,37,31,2462,27.4,4,1,5,4,0,0,6,1,0.15,0.04,0.18,0.15,0.18,big5_club
ESP,MF,29,1996,1,0,14,0.2,0,0,0,0,0,0,0,0,0.0,0.0,0.0,0.0,0.0,big5_club
ESP,DF,31,1994,20,17,1611,17.9,0,0,0,0,0,0,3,0,0.0,0.0,0.0,0.0,0.0,big5_club
ANG,DF,26,1999,22,20,1786,19.8,1,0,1,1,0,0,8,1,0.05,0.0,0.05,0.05,0.05,big5_club
ESP,DF,30,1995,25,22,2066,23.0,1,0,1,1,0,0,3,0,0.04,0.0,0.04,0.04,0.04,big5_club
CIV,DF,31,1994,15,15,1234,13.7,1,0,1,1,0,0,3,0,0.07,0.0,0.07,0.07,0.07,big5_club
URU,"FW,MF",27,1998,33,28,2439,27.1,9,1,10,7,2,2,7,3,0.33,0.04,0.37,0.26,0.3,big5_club
EGY,"MF,FW",23,2002,37,20,1942,21.6,0,3,3,0,0,0,1,0,0.0,0.14,0.14,0.0,0.14,big5_club
ROU,GK,27,1998,2,2,180,2.0,0,0,0,0,0,0,0,0,0.0,0.0,0.0,0.0,0.0,big5_club
MAR,"MF,FW",24,2001,36,30,2447,27.2,6,2,8,6,0,0,2,1,0.22,0.07,0.29,0.22,0.29,big5_club
ESP,DF,23,2002,25,20,1711,19.0,0,1,1,0,0,0,3,1,0.0,0.05,0.05,0.0,0.05,big5_club
CRO,"MF,FW",27,1998,14,6,486,5.4,0,0,0,0,0,0,1,0,0.0,0.0,0.0,0.0,0.0,big5_club
GHA,MF,27,1998,26,21,1681,18.7,0,0,0,0,0,0,3,1,0.0,0.0,0.0,0.0,0.0,big5_club
BEL,MF,30,1995,19,15,1330,14.8,1,0,1,1,0,0,2,0,0.07,0.0,0.07,0.07,0.07,big5_club
ESP,DF,30,1995,20,11,1098,12.2,0,1,1,0,0,0,3,0,0.0,0.08,0.08,0.0,0.08,big5_club
SRB,"MF,FW",26,1999,19,8,742,8.2,1,0,1,1,0,0,4,1,0.12,0.0,0.12,0.12,0.12,big5_club
ESP,DF,19,2006,1,0,45,0.5,0,0,0,0,0,0,0,0,0.0,0.0,0.0,0.0,0.0,big5_club
ESP,DF,30,1995,29,27,2263,25.1,0,0,0,0,0,0,4,0,0.0,0.0,0.0,0.0,0.0,big5_club
URU,MF,26,1998,19,12,1018,11.3,0,0,0,0,0,0,6,0,0.0,0.0,0.0,0.0,0.0,big5_club
ESP,DF,27,1997,3,3,225,2.5,0,1,1,0,0,0,1,0,0.0,0.4,0.4,0.0,0.4,big5_club
ESP,DF,21,2003,1,0,14,0.2,0,0,0,0,0,0,0,0,0.0,0.0,0.0,0.0,0.0,big5_club
ENG,MF,27,1997,8,2,200,2.2,0,0,0,0,0,0,1,0,0.0,0.0,0.0,0.0,0.0,big5_club
ESP,MF,17,2007,7,0,90,1.0,0,0,0,0,0,0,0,0,0.0,0.0,0.0,0.0,0.0,big5_club
NIG,DF,23,2002,27,18,1713,19.0,0,0,0,0,0,0,2,0,0.0,0.0,0.0,0.0,0.0,big5_club
VEN,FW,35,1989,16,13,1032,11.5,2,0,2,2,0,1,2,0,0.17,0.0,0.17,0.17,0.17,big5_club
ESP,MF,40,1984,28,6,940,10.4,0,1,1,0,0,0,2,1,0.0,0.1,0.1,0.0,0.1,big5_club
ARG,MF,28,1997,32,23,2064,22.9,0,1,1,0,0,0,6,0,0.0,0.04,0.04,0.0,0.04,big5_club
URU,FW,23,2002,12,0,179,2.0,0,0,0,0,0,0,1,0,0.0,0.0,0.0,0.0,0.0,big5_club
ARG,"MF,FW",21,2004,16,9,817,9.1,0,4,4,0,0,0,4,0,0.0,0.44,0.44,0.0,0.44,big5_club
ESP,FW,24,2001,18,3,360,4.0,0,1,1,0,0,0,0,0,0.0,0.25,0.25,0.0,0.25,big5_club
GHA,DF,27,1998,3,1,79,0.9,0,0,0,0,0,0,0,0,0.0,0.0,0.0,0.0,0.0,big5_club
BRA,FW,27,1998,26,11,1136,12.6,4,0,4,4,0,0,3,0,0.32,0.0,0.32,0.32,0.32,big5_club
URU,"DF,MF",33,1992,30,15,1486,16.5,2,0,2,2,0,0,3,0,0.12,0.0,0.12,0.12,0.12,big5_club
ROU,DF,27,1998,35,31,2807,31.2,0,4,4,0,0,0,9,0,0.0,0.13,0.13,0.0,0.13,big5_club
ARG,GK,29,1996,34,34,3060,34.0,0,0,0,0,0,0,6,0,0.0,0.0,0.0,0.0,0.0,big5_club
ESP,"MF,FW",23,2002,11,7,450,5.0,0,0,0,0,0,0,1,0,0.0,0.0,0.0,0.0,0.0,big5_club
ESP,GK,28,1997,4,4,360,4.0,0,0,0,0,0,0,0,0,0.0,0.0,0.0,0.0,0.0,big5_club
FRA,DF,34,1991,36,36,3230,35.9,2,1,3,2,0,0,7,0,0.06,0.03,0.08,0.06,0.08,big5_club
ESP,"MF,FW",22,2002,29,12,1237,13.7,2,1,3,2,0,0,4,0,0.15,0.07,0.22,0.15,0.22,big5_club
ESP,MF,30,1994,28,14,1175,13.1,0,3,3,0,0,0,4,0,0.0,0.23,0.23,0.0,0.23,big5_club
MAR,"MF,FW",21,2004,11,7,709,7.9,0,1,1,0,0,0,2,0,0.0,0.13,0.13,0.0,0.13,big5_club
ESP,"MF,FW",30,1994,31,27,2248,25.0,3,3,6,1,2,3,10,1,0.12,0.12,0.24,0.04,0.16,big5_club
ALB,DF,33,1992,14,6,582,6.5,0,0,0,0,0,0,2,0,0.0,0.0,0.0,0.0,0.0,big5_club
ESP,"FW,MF",28,1997,36,31,2463,27.4,10,1,11,9,1,1,3,0,0.37,0.04,0.4,0.33,0.37,big5_club
NED,DF,20,2004,9,3,446,5.0,0,0,0,0,0,0,0,0,0.0,0.0,0.0,0.0,0.0,big5_club
ITA,DF,28,1997,10,7,470,5.2,0,0,0,0,0,0,1,0,0.0,0.0,0.0,0.0,0.0,big5_club
SEN,DF,20,2004,24,22,1797,20.0,2,0,2,2,0,0,9,2,0.1,0.0,0.1,0.1,0.1,big5_club
SEN,"MF,DF",31,1994,29,20,1998,22.2,2,1,3,2,0,0,9,2,0.09,0.05,0.14,0.09,0.14,big5_club
ESP,MF,27,1998,34,21,1870,20.8,0,1,1,0,0,0,2,0,0.0,0.05,0.05,0.0,0.05,big5_club
ESP,DF,22,2003,1,0,45,0.5,0,0,0,0,0,0,0,0,0.0,0.0,0.0,0.0,0.0,big5_club
ESP,DF,27,1998,33,29,2682,29.8,1,2,3,1,0,0,6,1,0.03,0.07,0.1,0.03,0.1,big5_club
ANG,FW,27,1997,13,3,374,4.2,3,0,3,3,0,1,3,0,0.72,0.0,0.72,0.72,0.72,big5_club
ESP,MF,19,2006,3,0,12,0.1,0,0,0,0,0,0,0,0,0.0,0.0,0.0,0.0,0.0,big5_club
ESP,"FW,MF",24,2001,22,8,823,9.1,5,1,6,5,0,0,3,1,0.55,0.11,0.66,0.55,0.66,big5_club
ESP,MF,29,1995,28,19,1612,17.9,0,4,4,0,0,0,8,1,0.0,0.22,0.22,0.0,0.22,big5_club
ESP,"MF,FW",32,1992,32,23,2101,23.3,4,5,9,4,0,0,3,0,0.17,0.21,0.39,0.17,0.39,big5_club
ARG,MF,37,1988,7,1,144,1.6,0,1,1,0,0,0,2,0,0.0,0.62,0.62,0.0,0.62,big5_club
ESP,MF,30,1994,33,26,2109,23.4,1,0,1,1,0,0,3,1,0.04,0.0,0.04,0.04,0.04,big5_club
MAR,"MF,FW",23,2001,29,26,2247,25.0,10,8,18,10,0,0,3,0,0.4,0.32,0.72,0.4,0.72,big5_club
ESP,GK,38,1987,1,1,90,1.0,0,0,0,0,0,0,0,0,0.0,0.0,0.0,0.0,0.0,big5_club
ESP,"DF,MF",29,1996,27,20,1808,20.1,4,2,6,4,0,0,6,1,0.2,0.1,0.3,0.2,0.3,big5_club
BRA,"MF,FW",25,2000,32,30,2447,27.2,8,6,14,8,0,0,6,1,0.29,0.22,0.51,0.29,0.51,big5_club
COL,FW,26,1999,32,30,2580,28.7,11,3,14,10,1,1,5,0,0.38,0.1,0.49,0.35,0.45,big5_club
COD,FW,34,1991,18,5,569,6.3,3,1,4,3,0,0,1,0,0.47,0.16,0.63,0.47,0.63,big5_club
ESP,MF,20,2005,1,0,1,0.0,0,0,0,0,0,0,0,0,0.0,0.0,0.0,0.0,0.0,big5_club
ESP,DF,31,1993,18,14,1229,13.7,1,0,1,1,0,0,5,0,0.07,0.0,0.07,0.07,0.07,big5_club
ARG,FW,31,1994,16,3,380,4.2,1,0,1,0,1,1,3,0,0.24,0.0,0.24,0.0,0.0,big5_club
ARG,MF,29,1996,24,15,1393,15.5,2,3,5,2,0,0,4,0,0.13,0.19,0.32,0.13,0.32,big5_club
ESP,DF,30,1995,27,20,1822,20.2,2,3,5,2,0,0,2,0,0.1,0.15,0.25,0.1,0.25,big5_club
ESP,MF,33,1992,8,1,233,2.6,1,1,2,0,1,1,0,0,0.39,0.39,0.77,0.0,0.39,big5_club
ESP,MF,18,2007,1,0,15,0.2,0,0,0,0,0,0,0,0,0.0,0.0,0.0,0.0,0.0,big5_club
DOM,DF,28,1996,12,10,827,9.2,0,1,1,0,0,0,2,0,0.0,0.11,0.11,0.0,0.11,big5_club
ESP,DF,34,1991,25,21,1978,22.0,1,0,1,1,0,0,3,0,0.05,0.0,0.05,0.05,0.05,big5_club
ESP,MF,28,1996,29,23,2026,22.5,1,1,2,1,0,0,1,0,0.04,0.04,0.09,0.04,0.09,big5_club
BRA,DF,24,2001,33,32,2807,31.2,0,0,0,0,0,0,8,0,0.0,0.0,0.0,0.0,0.0,big5_club
COL,MF,25,2000,20,8,743,8.3,0,0,0,0,0,0,3,0,0.0,0.0,0.0,0.0,0.0,big5_club
ESP,MF,29,1996,37,34,2848,31.6,9,6,15,9,0,0,2,0,0.28,0.19,0.47,0.28,0.47,big5_club
ESP,MF,19,2006,15,2,388,4.3,0,0,0,0,0,0,1,0,0.0,0.0,0.0,0.0,0.0,big5_club
ESP,GK,30,1994,9,9,810,9.0,0,0,0,0,0,0,1,0,0.0,0.0,0.0,0.0,0.0,big5_club
SUI,DF,32,1992,23,18,1547,17.2,0,1,1,0,0,0,0,0,0.0,0.06,0.06,0.0,0.06,big5_club
ESP,MF,25,2000,25,7,821,9.1,1,1,2,1,0,0,2,0,0.11,0.11,0.22,0.11,0.22,big5_club
ESP,MF,23,2001,24,13,1186,13.2,1,2,3,1,0,0,3,0,0.08,0.15,0.23,0.08,0.23,big5_club
MAR,MF,28,1996,17,14,1295,14.4,0,0,0,0,0,0,4,0,0.0,0.0,0.0,0.0,0.0,big5_club
ARG,DF,22,2003,28,19,1882,20.9,1,0,1,1,0,0,5,0,0.05,0.0,0.05,0.05,0.05,big5_club
MEX,MF,28,1997,9,8,542,6.0,1,0,1,1,0,0,0,0,0.17,0.0,0.17,0.17,0.17,big5_club
ESP,GK,28,1997,28,28,2520,28.0,0,0,0,0,0,0,1,0,0.0,0.0,0.0,0.0,0.0,big5_club
ESP,DF,21,2004,13,7,584,6.5,0,0,0,0,0,0,1,0,0.0,0.0,0.0,0.0,0.0,big5_club
UKR,GK,26,1999,6,6,540,6.0,0,0,0,0,0,0,0,1,0.0,0.0,0.0,0.0,0.0,big5_club
GER,DF,32,1993,18,16,1490,16.6,1,0,1,1,0,0,0,0,0.06,0.0,0.06,0.06,0.06,big5_club
TUR,MF,20,2005,33,25,2014,22.4,4,9,13,4,0,0,1,0,0.18,0.4,0.58,0.18,0.58,big5_club
FRA,MF,25,2000,33,31,2615,29.1,1,0,1,1,0,0,8,0,0.03,0.0,0.03,0.03,0.03,big5_club
MAR,"MF,FW",25,1999,30,13,1257,14.0,1,6,7,1,0,0,2,0,0.07,0.43,0.5,0.07,0.5,big5_club
ESP,MF,20,2004,5,0,86,1.0,0,0,0,0,0,0,0,0,0.0,0.0,0.0,0.0,0.0,big5_club
ESP,DF,33,1992,17,10,977,10.9,0,1,1,0,0,0,0,0,0.0,0.09,0.09,0.0,0.09,big5_club
ESP,MF,28,1996,16,4,486,5.4,0,0,0,0,0,0,1,0,0.0,0.0,0.0,0.0,0.0,big5_club
ESP,MF,18,2007,2,0,47,0.5,0,1,1,0,0,0,0,0,0.0,1.91,1.91,0.0,1.91,big5_club
AUT,DF,33,1992,11,5,424,4.7,0,0,0,0,0,0,1,0,0.0,0.0,0.0,0.0,0.0,big5_club
ESP,DF,21,2004,2,1,76,0.8,0,0,0,0,0,0,0,0,0.0,0.0,0.0,0.0,0.0,big5_club
ESP,DF,20,2005,28,24,2034,22.6,2,2,4,2,0,0,7,1,0.09,0.09,0.18,0.09,0.18,big5_club
ESP,DF,18,2007,1,0,30,0.3,0,0,0,0,0,0,0,0,0.0,0.0,0.0,0.0,0.0,big5_club
FRA,MF,22,2002,29,16,1528,17.0,1,0,1,1,0,0,2,0,0.06,0.0,0.06,0.06,0.06,big5_club
BRA,FW,19,2006,1,0,12,0.1,0,0,0,0,0,0,0,1,0.0,0.0,0.0,0.0,0.0,big5_club
URU,"MF,DF",27,1998,33,31,2740,30.4,5,8,13,5,0,0,3,1,0.16,0.26,0.43,0.16,0.43,big5_club
FRA,DF,30,1995,5,3,207,2.3,0,0,0,0,0,0,0,0,0.0,0.0,0.0,0.0,0.0,big5_club
ESP,"DF,MF",25,1999,13,10,929,10.3,1,1,2,1,0,0,2,1,0.1,0.1,0.19,0.1,0.19,big5_club
ARG,"MF,FW",17,2007,23,11,1037,11.5,1,0,1,1,0,0,5,1,0.09,0.0,0.09,0.09,0.09,big5_club
ESP,FW,21,2004,30,9,964,10.7,6,1,7,6,0,0,2,0,0.56,0.09,0.65,0.56,0.65,big5_club
ESP,MF,19,2006,2,0,13,0.1,0,0,0,0,0,0,0,0,0.0,0.0,0.0,0.0,0.0,big5_club
ENG,MF,22,2003,28,22,1916,21.3,6,4,10,6,0,0,3,0,0.28,0.19,0.47,0.28,0.47,big5_club
FRA,FW,26,1998,31,29,2599,28.9,25,5,30,17,8,9,4,0,0.87,0.17,1.04,0.59,0.76,big5_club
ESP,DF,21,2004,1,0,7,0.1,0,0,0,0,0,0,0,0,0.0,0.0,0.0,0.0,0.0,big5_club
ESP,MF,21,2004,4,1,96,1.1,0,0,0,0,0,0,0,0,0.0,0.0,0.0,0.0,0.0,big5_club
ESP,DF,22,2003,23,18,1708,19.0,2,0,2,2,0,0,4,0,0.11,0.0,0.11,0.11,0.11,big5_club
BRA,"MF,FW",24,2001,19,6,684,7.6,1,3,4,1,0,0,3,0,0.13,0.39,0.53,0.13,0.53,big5_club
ESP,MF,17,2007,10,8,592,6.6,0,2,2,0,0,0,2,0,0.0,0.3,0.3,0.0,0.3,big5_club
BEL,GK,33,1992,32,32,2880,32.0,0,0,0,0,0,0,1,0,0.0,0.0,0.0,0.0,0.0,big5_club
ENG,DF,26,1998,21,14,1163,12.9,0,4,4,0,0,0,4,0,0.0,0.31,0.31,0.0,0.31,big5_club
ESP,DF,18,2006,1,1,77,0.9,0,0,0,0,0,0,0,0,0.0,0.0,0.0,0.0,0.0,big5_club
BRA,"FW,MF",25,2000,36,32,2815,31.3,16,5,21,12,4,5,8,0,0.51,0.16,0.67,0.38,0.54,big5_club
ESP,DF,22,2003,28,26,2332,25.9,2,3,5,2,0,0,5,1,0.08,0.12,0.19,0.08,0.19,big5_club
ESP,FW,22,2002,1,0,4,0.0,0,0,0,0,0,0,0,0,0.0,0.0,0.0,0.0,0.0,big5_club
BRA,DF,27,1998,16,14,1139,12.7,2,1,3,2,0,0,2,0,0.16,0.08,0.24,0.16,0.24,big5_club
ESP,DF,27,1997,21,9,848,9.4,1,0,1,1,0,0,1,0,0.11,0.0,0.11,0.11,0.11,big5_club
ESP,MF,23,2001,30,22,1763,19.6,3,5,8,3,0,0,5,0,0.15,0.26,0.41,0.15,0.41,big5_club
ESP,DF,31,1994,16,8,720,8.0,0,1,1,0,0,0,0,0,0.0,0.12,0.12,0.0,0.12,big5_club
ESP,FW,20,2005,1,0,1,0.0,0,0,0,0,0,0,0,0,0.0,0.0,0.0,0.0,0.0,big5_club
RUS,MF,22,2003,17,3,458,5.1,0,0,0,0,0,0,2,0,0.0,0.0,0.0,0.0,0.0,big5_club
ESP,MF,23,2002,27,16,1348,15.0,0,3,3,0,0,0,7,0,0.0,0.2,0.2,0.0,0.2,big5_club
ESP,"MF,FW",28,1997,29,21,1660,18.4,6,2,8,5,1,2,4,1,0.33,0.11,0.43,0.27,0.38,big5_club
ESP,MF,28,1997,33,26,2317,25.7,4,3,7,4,0,0,3,1,0.16,0.12,0.27,0.16,0.27,big5_club
ESP,FW,19,2006,1,0,18,0.2,0,0,0,0,0,0,0,0,0.0,0.0,0.0,0.0,0.0,big5_club
CRO,DF,28,1996,27,24,2150,23.9,1,0,1,1,0,0,6,1,0.04,0.0,0.04,0.04,0.04,big5_club
POR,MF,28,1996,32,22,1823,20.3,8,4,12,8,0,0,3,0,0.39,0.2,0.59,0.39,0.59,big5_club
ESP,FW,20,2005,3,0,62,0.7,0,0,0,0,0,0,1,0,0.0,0.0,0.0,0.0,0.0,big5_club
ESP,MF,18,2007,1,0,6,0.1,0,0,0,0,0,0,0,0,0.0,0.0,0.0,0.0,0.0,big5_club
ESP,DF,28,1997,25,23,2082,23.1,0,1,1,0,0,0,9,0,0.0,0.04,0.04,0.0,0.04,big5_club
ESP,DF,22,2003,1,0,1,0.0,0,0,0,0,0,0,0,0,0.0,0.0,0.0,0.0,0.0,big5_club
KEN,MF,22,2003,2,1,93,1.0,0,0,0,0,0,0,0,0,0.0,0.0,0.0,0.0,0.0,big5_club
VEN,DF,23,2002,35,31,2773,30.8,1,0,1,1,0,0,11,0,0.03,0.0,0.03,0.03,0.03,big5_club
ESP,MF,23,2002,30,26,2210,24.6,1,3,4,1,0,0,7,0,0.04,0.12,0.16,0.04,0.16,big5_club
ESP,FW,22,2002,7,0,135,1.5,0,0,0,0,0,0,0,0,0.0,0.0,0.0,0.0,0.0,big5_club
ESP,DF,19,2006,25,25,2250,25.0,2,0,2,2,0,0,6,0,0.08,0.0,0.08,0.08,0.08,big5_club
ESP,MF,19,2006,1,0,1,0.0,0,0,0,0,0,0,0,0,0.0,0.0,0.0,0.0,0.0,big5_club
CRO,"MF,FW",22,2002,22,10,1022,11.4,3,1,4,3,0,0,1,0,0.26,0.09,0.35,0.26,0.35,big5_club
ESP,DF,21,2004,2,1,95,1.1,0,0,0,0,0,0,0,0,0.0,0.0,0.0,0.0,0.0,big5_club
ESP,MF,23,2002,4,1,76,0.8,0,0,0,0,0,0,0,0,0.0,0.0,0.0,0.0,0.0,big5_club
ESP,FW,28,1997,34,30,2710,30.1,15,4,19,8,7,7,3,0,0.5,0.13,0.63,0.27,0.4,big5_club
ISL,FW,20,2004,20,8,835,9.3,9,0,9,9,0,0,5,0,0.97,0.0,0.97,0.97,0.97,big5_club
ESP,MF,22,2003,34,15,1502,16.7,0,1,1,0,0,0,2,0,0.0,0.06,0.06,0.0,0.06,big5_club
ESP,DF,24,2000,35,30,2701,30.0,0,6,6,0,0,0,5,1,0.0,0.2,0.2,0.0,0.2,big5_club
JPN,MF,24,2001,24,17,1503,16.7,2,4,6,2,0,0,2,0,0.12,0.24,0.36,0.12,0.36,big5_club
NGA,FW,28,1997,5,2,153,1.7,0,0,0,0,0,0,1,0,0.0,0.0,0.0,0.0,0.0,big5_club
ESP,GK,23,2001,1,1,90,1.0,0,0,0,0,0,0,1,0,0.0,0.0,0.0,0.0,0.0,big5_club
ESP,"DF,MF",24,2001,1,0,11,0.1,0,0,0,0,0,0,0,0,0.0,0.0,0.0,0.0,0.0,big5_club
BRA,MF,20,2005,5,1,88,1.0,0,0,0,0,0,0,0,0,0.0,0.0,0.0,0.0,0.0,big5_club
VEN,MF,27,1998,12,6,526,5.8,0,0,0,0,0,0,2,0,0.0,0.0,0.0,0.0,0.0,big5_club
ESP,GK,30,1995,37,37,3330,37.0,0,0,0,0,0,0,1,0,0.0,0.0,0.0,0.0,0.0,big5_club
ESP,DF,29,1995,5,2,201,2.2,1,0,1,1,0,0,0,0,0.45,0.0,0.45,0.45,0.45,big5_club
BEL,"MF,FW",30,1995,12,2,321,3.6,0,0,0,0,0,0,1,0,0.0,0.0,0.0,0.0,0.0,big5_club
ESP,"DF,MF",27,1998,1,0,6,0.1,0,0,0,0,0,0,0,0,0.0,0.0,0.0,0.0,0.0,big5_club
NGA,FW,25,2000,32,21,2064,22.9,10,3,13,7,3,3,3,0,0.44,0.13,0.57,0.31,0.44,big5_club
CHI,"FW,MF",36,1988,28,11,1308,14.5,4,2,6,3,1,1,3,0,0.28,0.14,0.41,0.21,0.34,big5_club
ESP,MF,26,1999,10,4,312,3.5,1,0,1,1,0,0,0,0,0.29,0.0,0.29,0.29,0.29,big5_club
FRA,MF,25,2000,27,19,1617,18.0,1,0,1,1,0,0,6,0,0.06,0.0,0.06,0.06,0.06,big5_club
ESP,"DF,MF",23,2002,35,29,2565,28.5,1,3,4,1,0,0,13,0,0.04,0.11,0.14,0.04,0.14,big5_club
ESP,DF,22,2003,19,13,1277,14.2,1,0,1,1,0,0,4,0,0.07,0.0,0.07,0.07,0.07,big5_club
NGA,"MF,FW",27,1998,27,6,932,10.4,1,1,2,1,0,0,0,0,0.1,0.1,0.19,0.1,0.19,big5_club
ESP,DF,35,1989,17,17,1213,13.5,0,1,1,0,0,0,4,0,0.0,0.07,0.07,0.0,0.07,big5_club
SUI,MF,28,1997,33,27,2187,24.3,5,4,9,5,0,0,6,0,0.21,0.16,0.37,0.21,0.37,big5_club
BEL,MF,27,1997,2,2,180,2.0,1,0,1,1,0,0,0,0,0.5,0.0,0.5,0.5,0.5,big5_club
ARG,DF,26,1999,1,0,10,0.1,0,0,0,0,0,0,0,0,0.0,0.0,0.0,0.0,0.0,big5_club
POR,DF,31,1994,4,4,295,3.3,0,0,0,0,0,0,0,0,0.0,0.0,0.0,0.0,0.0,big5_club
CHI,"DF,MF",27,1997,29,25,2096,23.3,0,2,2,0,0,0,7,0,0.0,0.09,0.09,0.0,0.09,big5_club
ESP,"FW,MF",25,2000,29,18,1484,16.5,4,0,4,4,0,1,6,1,0.24,0.0,0.24,0.24,0.24,big5_club
ESP,MF,31,1994,3,0,25,0.3,0,0,0,0,0,0,1,1,0.0,0.0,0.0,0.0,0.0,big5_club
ESP,"MF,DF",22,2003,21,14,1408,15.6,2,3,5,2,0,0,1,0,0.13,0.19,0.32,0.13,0.32,big5_club
ESP,"MF,DF",21,2003,32,23,1990,22.1,0,3,3,0,0,0,6,1,0.0,0.14,0.14,0.0,0.14,big5_club
ESP,DF,23,2002,26,24,2203,24.5,2,0,2,2,0,0,1,0,0.08,0.0,0.08,0.08,0.08,big5_club
FRA,MF,23,2002,34,31,2686,29.8,1,3,4,1,0,0,12,0,0.03,0.1,0.13,0.03,0.13,big5_club
ESP,MF,21,2004,8,2,272,3.0,0,0,0,0,0,0,2,0,0.0,0.0,0.0,0.0,0.0,big5_club
BRA,DF,29,1996,13,11,938,10.4,1,0,1,1,0,0,5,1,0.1,0.0,0.1,0.1,0.1,big5_club
ESP,FW,21,2004,4,0,62,0.7,0,0,0,0,0,0,0,0,0.0,0.0,0.0,0.0,0.0,big5_club
FRA,FW,28,1996,12,10,865,9.6,2,1,3,2,0,0,2,0,0.21,0.1,0.31,0.21,0.31,big5_club
SRB,"DF,MF",33,1991,34,26,2348,26.1,2,0,2,2,0,0,9,0,0.08,0.0,0.08,0.08,0.08,big5_club
GRE,GK,31,1994,33,33,2970,33.0,0,0,0,0,0,0,1,0,0.0,0.0,0.0,0.0,0.0,big5_club
ESP,"MF,FW",22,2002,26,12,982,10.9,2,1,3,2,0,0,7,0,0.18,0.09,0.27,0.18,0.27,big5_club
ESP,DF,22,2002,2,0,102,1.1,0,0,0,0,0,0,0,0,0.0,0.0,0.0,0.0,0.0,big5_club
SUI,"MF,FW",26,1998,24,20,1594,17.7,3,6,9,2,1,1,2,0,0.17,0.34,0.51,0.11,0.45,big5_club
BEL,MF,20,2005,1,1,45,0.5,0,0,0,0,0,0,0,0,0.0,0.0,0.0,0.0,0.0,big5_club
FRA,DF,23,2002,12,8,655,7.3,0,0,0,0,0,0,5,1,0.0,0.0,0.0,0.0,0.0,big5_club
NOR,GK,34,1990,5,5,450,5.0,0,0,0,0,0,0,1,0,0.0,0.0,0.0,0.0,0.0,big5_club
NED,"MF,FW",28,1997,30,18,1628,18.1,3,2,5,3,0,1,0,0,0.17,0.11,0.28,0.17,0.28,big5_club
FRA,MF,30,1995,19,7,754,8.4,1,1,2,1,0,0,2,0,0.12,0.12,0.24,0.12,0.24,big5_club
ESP,DF,25,1999,21,19,1759,19.5,0,0,0,0,0,0,5,0,0.0,0.0,0.0,0.0,0.0,big5_club
ESP,DF,23,2002,32,29,2598,28.9,0,0,0,0,0,0,7,0,0.0,0.0,0.0,0.0,0.0,big5_club
ESP,FW,29,1995,13,3,270,3.0,0,1,1,0,0,0,0,0,0.0,0.33,0.33,0.0,0.33,big5_club
ESP,"MF,FW",23,2002,34,20,1762,19.6,4,1,5,4,0,0,2,0,0.2,0.05,0.26,0.2,0.26,big5_club
FRA,DF,32,1993,15,12,1150,12.8,0,0,0,0,0,0,1,0,0.0,0.0,0.0,0.0,0.0,big5_club
POR,MF,25,2000,22,11,1017,11.3,0,2,2,0,0,0,0,0,0.0,0.18,0.18,0.0,0.18,big5_club
SUI,DF,27,1998,17,15,1337,14.9,2,1,3,2,0,0,3,1,0.13,0.07,0.2,0.13,0.2,big5_club
SUI,MF,26,1999,27,17,1504,16.7,0,3,3,0,0,0,3,0,0.0,0.18,0.18,0.0,0.18,big5_club
ARG,MF,31,1994,16,14,1309,14.5,4,0,4,4,0,0,4,0,0.28,0.0,0.28,0.28,0.28,big5_club
ESP,FW,25,1999,36,22,1979,22.0,10,0,10,9,1,2,4,0,0.45,0.0,0.45,0.41,0.41,big5_club
ESP,"MF,FW",22,2003,36,25,2061,22.9,4,6,10,4,0,0,3,0,0.17,0.26,0.44,0.17,0.44,big5_club
ESP,"DF,MF",22,2003,24,7,974,10.8,0,0,0,0,0,0,2,0,0.0,0.0,0.0,0.0,0.0,big5_club
ESP,"MF,DF",26,1998,31,26,2225,24.7,2,0,2,1,1,3,4,0,0.08,0.0,0.08,0.04,0.04,big5_club
ESP,DF,30,1995,32,31,2448,27.2,1,2,3,1,0,0,6,1,0.04,0.07,0.11,0.04,0.11,big5_club
ESP,GK,24,2000,18,18,1620,18.0,0,0,0,0,0,0,1,0,0.0,0.0,0.0,0.0,0.0,big5_club
BEL,"MF,FW",24,2001,27,11,1234,13.7,6,1,7,3,3,3,4,0,0.44,0.07,0.51,0.22,0.29,big5_club
ARG,FW,24,2001,27,16,1365,15.2,1,2,3,1,0,0,1,0,0.07,0.13,0.2,0.07,0.2,big5_club
ESP,MF,31,1993,37,31,2624,29.2,3,6,9,3,0,0,1,0,0.1,0.21,0.31,0.1,0.31,big5_club
GUI,DF,28,1996,8,7,543,6.0,1,0,1,1,0,0,3,0,0.17,0.0,0.17,0.17,0.17,big5_club
ARG,DF,32,1993,5,4,351,3.9,0,0,0,0,0,0,2,0,0.0,0.0,0.0,0.0,0.0,big5_club
ESP,DF,22,2003,1,0,4,0.0,0,0,0,0,0,0,0,0,0.0,0.0,0.0,0.0,0.0,big5_club
MKD,GK,31,1993,20,20,1800,20.0,0,0,0,0,0,0,1,0,0.0,0.0,0.0,0.0,0.0,big5_club
POR,"DF,MF",26,1999,24,17,1392,15.5,0,2,2,0,0,0,5,0,0.0,0.13,0.13,0.0,0.13,big5_club
NGA,FW,28,1997,20,8,911,10.1,4,2,6,4,0,0,3,0,0.4,0.2,0.59,0.4,0.59,big5_club
ESP,DF,28,1997,13,10,911,10.1,0,0,0,0,0,0,3,0,0.0,0.0,0.0,0.0,0.0,big5_club
ESP,"DF,MF",24,2001,1,0,9,0.1,0,0,0,0,0,0,0,0,0.0,0.0,0.0,0.0,0.0,big5_club
SEN,MF,20,2005,1,0,25,0.3,0,0,0,0,0,0,0,0,0.0,0.0,0.0,0.0,0.0,big5_club
ESP,MF,21,2003,37,30,2478,27.5,10,5,15,10,0,0,4,0,0.36,0.18,0.54,0.36,0.54,big5_club
USA,DF,20,2004,9,3,346,3.8,0,0,0,0,0,0,0,0,0.0,0.0,0.0,0.0,0.0,big5_club
ESP,MF,26,1999,10,3,333,3.7,1,0,1,1,0,0,0,0,0.27,0.0,0.27,0.27,0.27,big5_club
ESP,DF,29,1996,27,19,1689,18.8,1,3,4,1,0,0,8,0,0.05,0.16,0.21,0.05,0.21,big5_club
ESP,GK,24,2001,10,10,900,10.0,0,0,0,0,0,0,0,0,0.0,0.0,0.0,0.0,0.0,big5_club
ESP,FW,32,1993,25,12,1124,12.5,5,4,9,4,1,1,4,0,0.4,0.32,0.72,0.32,0.64,big5_club
ESP,MF,16,2008,5,0,83,0.9,0,0,0,0,0,0,1,0,0.0,0.0,0.0,0.0,0.0,big5_club
ESP,MF,36,1989,32,16,1392,15.5,1,0,1,0,1,1,3,0,0.06,0.0,0.06,0.0,0.0,big5_club
GEO,FW,24,2000,32,23,2109,23.4,13,6,19,13,0,0,1,0,0.55,0.26,0.81,0.55,0.81,big5_club
ESP,FW,33,1992,22,16,1343,14.9,10,0,10,7,3,3,0,0,0.67,0.0,0.67,0.47,0.47,big5_club
ESP,MF,18,2007,2,1,56,0.6,0,0,0,0,0,0,0,0,0.0,0.0,0.0,0.0,0.0,big5_club
MAR,MF,21,2004,9,2,188,2.1,0,0,0,0,0,0,0,0,0.0,0.0,0.0,0.0,0.0,big5_club
ARG,DF,27,1998,13,12,934,10.4,0,0,0,0,0,0,2,0,0.0,0.0,0.0,0.0,0.0,big5_club
CMR,FW,21,2003,3,3,256,2.8,1,2,3,1,0,0,0,0,0.35,0.7,1.05,0.35,1.05,big5_club
CPV,DF,24,2001,2,0,30,0.3,0,0,0,0,0,0,0,0,0.0,0.0,0.0,0.0,0.0,big5_club
BRA,GK,24,2001,28,28,2520,28.0,0,0,0,0,0,0,3,0,0.0,0.0,0.0,0.0,0.0,big5_club
ISR,MF,26,1999,6,1,150,1.7,1,1,2,1,0,0,0,0,0.6,0.6,1.2,0.6,1.2,big5_club
CIV,"MF,FW",30,1995,36,26,2393,26.6,8,8,16,7,1,1,4,0,0.3,0.3,0.6,0.26,0.56,big5_club
SEN,MF,26,1999,30,26,2131,23.7,5,2,7,4,1,1,8,0,0.21,0.08,0.3,0.17,0.25,big5_club
ESP,FW,20,2005,1,0,16,0.2,0,0,0,0,0,0,0,0,0.0,0.0,0.0,0.0,0.0,big5_club
ESP,DF,20,2005,23,23,1921,21.3,0,0,0,0,0,0,4,0,0.0,0.0,0.0,0.0,0.0,big5_club
ESP,DF,23,2002,23,21,1979,22.0,1,0,1,1,0,0,1,0,0.05,0.0,0.05,0.05,0.05,big5_club
POR,DF,22,2003,32,27,2481,27.6,0,0,0,0,0,0,5,1,0.0,0.0,0.0,0.0,0.0,big5_club
ESP,MF,28,1996,34,28,2407,26.7,3,6,9,3,0,0,5,1,0.11,0.22,0.34,0.11,0.34,big5_club
URU,DF,23,2002,28,27,2377,26.4,1,2,3,1,0,0,11,1,0.04,0.08,0.11,0.04,0.11,big5_club
ESP,DF,26,1999,31,20,1970,21.9,1,4,5,1,0,0,4,0,0.05,0.18,0.23,0.05,0.23,big5_club
CAN,MF,26,1999,34,21,1819,20.2,7,1,8,7,0,0,8,0,0.35,0.05,0.4,0.35,0.4,big5_club
CAN,FW,25,2000,27,9,901,10.0,2,2,4,2,0,0,1,0,0.2,0.2,0.4,0.2,0.4,big5_club
GHA,MF,32,1993,25,8,934,10.4,0,0,0,0,0,0,1,0,0.0,0.0,0.0,0.0,0.0,big5_club
FRA,DF,20,2004,2,1,86,1.0,0,0,0,0,0,0,0,0,0.0,0.0,0.0,0.0,0.0,big5_club
ESP,MF,22,2002,2,2,159,1.8,0,1,1,0,0,0,0,0,0.0,0.57,0.57,0.0,0.57,big5_club
CIV,DF,36-031,1990,6,3,255,2.8,0,0,0,0,0,0,1,0,0.0,0.0,0.0,0.0,0.0,big5_club
FRA,MF,17-333,2008,1,0,5,0.1,0,0,0,0,0,0,0,0,0.0,0.0,0.0,0.0,0.0,big5_club
NED,MF,30-309,1995,15,14,1238,13.8,0,1,1,0,0,1,3,0,0.0,0.07,0.07,0.0,0.07,big5_club
HAI,DF,29-332,1996,26,24,2040,22.7,0,3,3,0,0,0,7,0,0.0,0.13,0.13,0.0,0.13,big5_club
FRA,DF,19-351,2006,3,0,33,0.4,0,0,0,0,0,0,0,0,0.0,0.0,0.0,0.0,0.0,big5_club
FRA,DF,21-018,2005,9,3,387,4.3,0,0,0,0,0,0,0,0,0.0,0.0,0.0,0.0,0.0,big5_club
FRA,FW,26-038,2000,2,2,174,1.9,1,0,1,1,0,0,0,0,0.52,0.0,0.52,0.52,0.52,big5_club
ALG,"DF,MF",36-111,1990,25,9,865,9.6,0,0,0,0,0,0,0,0,0.0,0.0,0.0,0.0,0.0,big5_club
CTA,FW,26-100,2000,13,7,668,7.4,2,1,3,1,1,1,0,0,0.27,0.13,0.4,0.13,0.27,big5_club
ALG,MF,32-118,1994,33,33,2875,31.9,0,0,0,0,0,0,7,0,0.0,0.0,0.0,0.0,0.0,big5_club
CMR,MF,19-202,2006,15,1,336,3.7,2,1,3,2,0,0,2,0,0.54,0.27,0.8,0.54,0.8,big5_club
BFA,GK,29-222,1996,30,30,2658,29.5,0,0,0,0,0,0,1,0,0.0,0.0,0.0,0.0,0.0,big5_club
ALG,MF,26-190,1999,13,11,943,10.5,2,0,2,0,2,2,1,0,0.19,0.0,0.19,0.0,0.0,big5_club
GAB,"DF,MF",22-280,2003,32,25,2239,24.9,0,0,0,0,0,0,3,0,0.0,0.0,0.0,0.0,0.0,big5_club
GAB,MF,31-088,1995,6,0,133,1.5,1,0,1,1,0,0,0,0,0.68,0.0,0.68,0.68,0.68,big5_club
MTN,DF,32-290,1993,34,34,3060,34.0,0,2,2,0,0,0,2,0,0.0,0.06,0.06,0.0,0.06,big5_club
FRA,"FW,MF",21-152,2004,4,3,224,2.5,0,0,0,0,0,0,0,0,0.0,0.0,0.0,0.0,0.0,big5_club
FRA,FW,20-225,2005,22,3,519,5.8,1,0,1,1,0,0,1,0,0.17,0.0,0.17,0.17,0.17,big5_club
FRA,"MF,DF",25-344,2000,32,21,1966,21.8,2,4,6,2,0,0,3,0,0.09,0.18,0.27,0.09,0.27,big5_club
FRA,MF,23-357,2002,32,24,1891,21.0,2,1,3,2,0,0,2,1,0.1,0.05,0.14,0.1,0.14,big5_club
FRA,MF,19-145,2007,18,3,374,4.2,0,0,0,0,0,0,0,0,0.0,0.0,0.0,0.0,0.0,big5_club
FRA,DF,19-076,2007,9,6,543,6.0,0,0,0,0,0,0,1,0,0.0,0.0,0.0,0.0,0.0,big5_club
FRA,GK,24-071,2002,3,2,222,2.5,0,0,0,0,0,0,0,0,0.0,0.0,0.0,0.0,0.0,big5_club
FRA,"MF,FW",25-202,2000,25,23,1818,20.2,3,1,4,3,0,1,3,1,0.15,0.05,0.2,0.15,0.2,big5_club
FRA,GK,19-339,2006,2,2,180,2.0,0,0,0,0,0,0,1,0,0.0,0.0,0.0,0.0,0.0,big5_club
MLI,DF,23-081,2003,32,31,2718,30.2,1,0,1,1,0,0,3,0,0.03,0.0,0.03,0.03,0.03,big5_club
FRA,MF,39-041,1987,16,6,651,7.2,0,1,1,0,0,0,2,0,0.0,0.14,0.14,0.0,0.14,big5_club
NGA,FW,18-290,2007,29,14,1273,14.1,5,0,5,5,0,0,0,0,0.35,0.0,0.35,0.35,0.35,big5_club
FRA,"FW,MF",19-162,2006,19,14,1157,12.9,4,0,4,4,0,0,3,0,0.31,0.0,0.31,0.31,0.31,big5_club
FRA,MF,24-101,2002,27,26,2135,23.7,2,2,4,2,0,0,5,0,0.08,0.08,0.17,0.08,0.17,big5_club
SEN,MF,28-248,1997,15,1,219,2.4,0,0,0,0,0,0,3,0,0.0,0.0,0.0,0.0,0.0,big5_club
SUI,DF,23-010,2003,13,12,1005,11.2,3,0,3,3,0,0,2,0,0.27,0.0,0.27,0.27,0.27,big5_club
CIV,DF,24-183,2001,26,21,1944,21.6,0,0,0,0,0,0,4,1,0.0,0.0,0.0,0.0,0.0,big5_club
CMR,"MF,FW",25-271,2000,30,29,2517,28.0,3,3,6,3,0,0,9,0,0.11,0.11,0.21,0.11,0.21,big5_club
GUF,GK,33-204,1992,29,29,2460,27.3,0,0,0,0,0,0,1,2,0.0,0.0,0.0,0.0,0.0,big5_club
GHA,MF,28-200,1997,29,27,2344,26.0,0,0,0,0,0,0,7,0,0.0,0.0,0.0,0.0,0.0,big5_club
CHI,DF,29-020,1997,10,9,861,9.6,1,0,1,1,0,0,2,0,0.1,0.0,0.1,0.1,0.1,big5_club
NOR,"MF,DF",23-292,2002,23,15,1246,13.8,0,0,0,0,0,0,1,1,0.0,0.0,0.0,0.0,0.0,big5_club
NGA,DF,27-285,1998,2,2,134,1.5,0,0,0,0,0,0,0,0,0.0,0.0,0.0,0.0,0.0,big5_club
GHA,DF,27-312,1998,30,26,2327,25.9,0,2,2,0,0,0,8,0,0.0,0.08,0.08,0.0,0.08,big5_club
GHA,"MF,FW",21-178,2004,14,7,625,6.9,0,2,2,0,0,0,0,0,0.0,0.29,0.29,0.0,0.29,big5_club
HAI,"MF,FW",24-244,2001,31,16,1522,16.9,1,0,1,1,0,1,6,1,0.06,0.0,0.06,0.06,0.06,big5_club
FRA,MF,21-332,2004,33,32,2830,31.4,3,1,4,3,0,0,3,0,0.1,0.03,0.13,0.1,0.13,big5_club
MTN,DF,23-289,2002,24,17,1536,17.1,0,0,0,0,0,0,1,0,0.0,0.0,0.0,0.0,0.0,big5_club
MLI,"FW,MF",26-169,1999,32,32,2770,30.8,12,4,16,9,3,4,8,0,0.39,0.13,0.52,0.29,0.42,big5_club
CIV,MF,23-219,2002,17,1,321,3.6,0,0,0,0,0,0,1,0,0.0,0.0,0.0,0.0,0.0,big5_club
FRA,FW,18-157,2007,2,0,2,0.0,0,0,0,0,0,0,0,0,0.0,0.0,0.0,0.0,0.0,big5_club
GHA,"DF,MF",25-118,2001,25,20,1780,19.8,1,0,1,1,0,0,5,0,0.05,0.0,0.05,0.05,0.05,big5_club
FRA,MF,24-058,2002,15,8,682,7.6,0,1,1,0,0,0,0,0,0.0,0.13,0.13,0.0,0.13,big5_club
MAR,"MF,DF",24-362,2001,11,10,807,9.0,1,0,1,1,0,0,1,1,0.11,0.0,0.11,0.11,0.11,big5_club
FRA,"MF,FW",27-316,1998,10,7,581,6.5,0,2,2,0,0,0,0,0,0.0,0.31,0.31,0.0,0.31,big5_club
FRA,MF,18-074,2008,16,6,614,6.8,0,0,0,0,0,0,3,0,0.0,0.0,0.0,0.0,0.0,big5_club
FRA,MF,20-085,2006,3,0,26,0.3,0,0,0,0,0,0,0,0,0.0,0.0,0.0,0.0,0.0,big5_club
FRA,FW,23-300,2002,27,14,1226,13.6,3,2,5,3,0,0,0,0,0.22,0.15,0.37,0.22,0.37,big5_club
CIV,DF,25-047,2001,24,24,2131,23.7,2,2,4,2,0,0,4,1,0.08,0.08,0.17,0.08,0.17,big5_club
FRA,DF,21-163,2004,4,4,315,3.5,0,0,0,0,0,0,0,0,0.0,0.0,0.0,0.0,0.0,big5_club
CAN,FW,26-272,1999,2,0,10,0.1,0,0,0,0,0,0,0,0,0.0,0.0,0.0,0.0,0.0,big5_club
MTQ,GK,25-113,2001,8,5,598,6.6,0,0,0,0,0,0,0,0,0.0,0.0,0.0,0.0,0.0,big5_club
FRA,MF,18-220,2007,2,0,10,0.1,0,0,0,0,0,0,0,0,0.0,0.0,0.0,0.0,0.0,big5_club
CIV,MF,20-025,2006,1,0,1,0.0,0,0,0,0,0,0,0,0,0.0,0.0,0.0,0.0,0.0,big5_club
FRA,FW,22-269,2003,1,0,12,0.1,0,0,0,0,0,0,0,0,0.0,0.0,0.0,0.0,0.0,big5_club
FRA,DF,24-020,2002,21,14,1286,14.3,0,2,2,0,0,0,0,0,0.0,0.14,0.14,0.0,0.14,big5_club
FRA,DF,31-155,1994,29,29,2546,28.3,1,3,4,1,0,0,6,0,0.04,0.11,0.14,0.04,0.14,big5_club
MLI,DF,23-224,2002,25,19,1686,18.7,1,1,2,1,0,0,4,1,0.05,0.05,0.11,0.05,0.11,big5_club
FRA,GK,27-053,1999,25,24,2192,24.4,0,0,0,0,0,0,2,0,0.0,0.0,0.0,0.0,0.0,big5_club
MLI,MF,19-315,2006,17,2,341,3.8,0,0,0,0,0,0,0,0,0.0,0.0,0.0,0.0,0.0,big5_club
FRA,MF,27-361,1998,33,31,2688,29.9,1,1,2,1,0,0,4,1,0.03,0.03,0.07,0.03,0.07,big5_club
FRA,MF,19-069,2007,1,0,9,0.1,0,0,0,0,0,0,0,0,0.0,0.0,0.0,0.0,0.0,big5_club
FRA,MF,24-244,2001,33,31,2773,30.8,2,1,3,2,0,0,2,0,0.06,0.03,0.1,0.06,0.1,big5_club
FRA,DF,28-296,1997,5,3,328,3.6,1,0,1,1,0,0,1,0,0.27,0.0,0.27,0.27,0.27,big5_club
CIV,DF,22-307,2003,20,17,1562,17.4,0,0,0,0,0,0,4,0,0.0,0.0,0.0,0.0,0.0,big5_club
CMR,MF,25-186,2000,27,15,1165,12.9,5,0,5,5,0,0,3,0,0.39,0.0,0.39,0.39,0.39,big5_club
FRA,FW,20-254,2005,1,0,16,0.2,0,0,0,0,0,0,0,0,0.0,0.0,0.0,0.0,0.0,big5_club
MLI,MF,23-097,2003,24,22,1750,19.4,5,4,9,5,0,0,6,0,0.26,0.21,0.46,0.26,0.46,big5_club
MAD,DF,34-235,1991,32,31,2791,31.0,0,3,3,0,0,0,4,0,0.0,0.1,0.1,0.0,0.1,big5_club
FRA,"MF,DF",29-027,1997,24,9,834,9.3,1,0,1,1,0,0,0,0,0.11,0.0,0.11,0.11,0.11,big5_club
CIV,DF,21-063,2005,9,3,288,3.2,0,0,0,0,0,0,0,0,0.0,0.0,0.0,0.0,0.0,big5_club
FRA,FW,32-090,1994,32,32,2820,31.3,8,9,17,8,0,0,9,1,0.26,0.29,0.54,0.26,0.54,big5_club
GNB,"FW,MF",30-201,1995,18,8,716,8.0,2,2,4,2,0,0,0,0,0.25,0.25,0.5,0.25,0.5,big5_club
SEN,MF,22-219,2003,28,9,1054,11.7,1,0,1,1,0,0,6,0,0.09,0.0,0.09,0.09,0.09,big5_club
FRA,MF,33-001,1993,2,2,180,2.0,0,0,0,0,0,0,0,0,0.0,0.0,0.0,0.0,0.0,big5_club
POL,GK,26-191,1999,10,10,864,9.6,0,0,0,0,0,0,0,1,0.0,0.0,0.0,0.0,0.0,big5_club
FRA,DF,19-267,2006,6,4,375,4.2,0,0,0,0,0,0,0,0,0.0,0.0,0.0,0.0,0.0,big5_club
FRA,"MF,FW",30-058,1996,32,32,2625,29.2,9,3,12,3,6,8,2,1,0.31,0.1,0.41,0.1,0.21,big5_club
GLP,"MF,FW",23-084,2003,27,12,1200,13.3,5,1,6,5,0,0,2,0,0.37,0.07,0.45,0.37,0.45,big5_club
FRA,DF,22-224,2003,16,15,1338,14.9,0,0,0,0,0,0,3,0,0.0,0.0,0.0,0.0,0.0,big5_club
SEN,FW,21-014,2005,2,0,12,0.1,0,0,0,0,0,0,0,0,0.0,0.0,0.0,0.0,0.0,big5_club
GUI,MF,32-084,1994,11,8,740,8.2,2,0,2,2,0,1,2,0,0.24,0.0,0.24,0.24,0.24,big5_club
SEN,DF,24-044,2002,28,28,2324,25.8,1,1,2,1,0,0,4,2,0.04,0.04,0.08,0.04,0.08,big5_club
JPN,"MF,DF",25-353,2000,30,29,2625,29.2,0,0,0,0,0,0,6,0,0.0,0.0,0.0,0.0,0.0,big5_club
CHI,FW,21-059,2005,2,0,28,0.3,0,0,0,0,0,0,0,0,0.0,0.0,0.0,0.0,0.0,big5_club
FRA,MF,19-288,2006,7,0,108,1.2,0,0,0,0,0,0,0,0,0.0,0.0,0.0,0.0,0.0,big5_club
FRA,DF,20-083,2006,14,4,385,4.3,0,0,0,0,0,0,2,0,0.0,0.0,0.0,0.0,0.0,big5_club
FRA,"DF,MF",24-132,2002,9,4,419,4.7,0,0,0,0,0,0,2,0,0.0,0.0,0.0,0.0,0.0,big5_club
SUI,"FW,MF",25-128,2001,17,7,530,5.9,1,0,1,1,0,0,1,0,0.17,0.0,0.17,0.17,0.17,big5_club
MLI,"MF,FW",25-112,2001,26,15,1239,13.8,3,1,4,3,0,0,2,0,0.22,0.07,0.29,0.22,0.29,big5_club
FRA,DF,30-312,1995,29,28,2398,26.6,1,1,2,1,0,0,2,1,0.04,0.04,0.08,0.04,0.08,big5_club
SEN,DF,18-145,2008,1,0,1,0.0,0,0,0,0,0,0,0,0,0.0,0.0,0.0,0.0,0.0,big5_club
FRA,FW,25-346,2000,13,3,381,4.2,1,1,2,1,0,0,0,0,0.24,0.24,0.47,0.24,0.47,big5_club
SEN,"FW,MF",25-228,2000,34,33,2948,32.8,8,5,13,7,1,3,3,0,0.24,0.15,0.4,0.21,0.37,big5_club
FRA,FW,19-313,2006,9,4,372,4.1,1,0,1,1,0,0,1,0,0.24,0.0,0.24,0.24,0.24,big5_club
COD,GK,31-298,1994,4,3,315,3.5,0,0,0,0,0,0,1,0,0.0,0.0,0.0,0.0,0.0,big5_club
HUN,"DF,MF",35-131,1991,30,26,2339,26.0,0,0,0,0,0,0,3,0,0.0,0.0,0.0,0.0,0.0,big5_club
FRA,MF,22-294,2003,15,14,1272,14.1,0,0,0,0,0,0,5,0,0.0,0.0,0.0,0.0,0.0,big5_club
TAN,FW,33-154,1992,27,17,1542,17.1,2,1,3,2,0,0,4,0,0.12,0.06,0.18,0.12,0.18,big5_club
SEN,GK,32-338,1993,30,30,2655,29.5,0,1,1,0,0,0,1,0,0.0,0.03,0.03,0.0,0.03,big5_club
FRA,FW,20-072,2006,5,0,104,1.2,1,0,1,1,0,0,0,0,0.87,0.0,0.87,0.87,0.87,big5_club
FRA,GK,20-003,2006,1,1,90,1.0,0,0,0,0,0,0,0,0,0.0,0.0,0.0,0.0,0.0,big5_club
SEN,MF,24-166,2001,33,30,2566,28.5,4,4,8,4,0,0,2,0,0.14,0.14,0.28,0.14,0.28,big5_club
GER,FW,24-326,2001,8,1,229,2.5,0,0,0,0,0,0,0,0,0.0,0.0,0.0,0.0,0.0,big5_club
CMR,MF,21-283,2004,30,21,1759,19.5,1,0,1,1,0,0,8,0,0.05,0.0,0.05,0.05,0.05,big5_club
MAR,"MF,FW",32-251,1993,17,13,1019,11.3,1,4,5,1,0,1,2,0,0.09,0.35,0.44,0.09,0.44,big5_club
FRA,DF,17-214,2008,8,6,495,5.5,1,0,1,1,0,0,0,1,0.18,0.0,0.18,0.18,0.18,big5_club
FRA,"MF,DF",34-063,1992,5,2,201,2.2,0,0,0,0,0,0,1,0,0.0,0.0,0.0,0.0,0.0,big5_club
FRA,"MF,DF",23-259,2002,14,2,381,4.2,0,0,0,0,0,0,1,0,0.0,0.0,0.0,0.0,0.0,big5_club
ALG,"DF,MF",28-030,1998,30,28,2338,26.0,1,1,2,0,1,1,7,0,0.04,0.04,0.08,0.0,0.04,big5_club
MAR,MF,24-090,2002,30,14,1332,14.8,2,1,3,2,0,0,3,0,0.14,0.07,0.2,0.14,0.2,big5_club
DEN,"FW,MF",31-340,1994,12,3,327,3.6,0,1,1,0,0,0,2,0,0.0,0.28,0.28,0.0,0.28,big5_club
SEN,"MF,FW",24-343,2001,21,6,718,8.0,2,2,4,2,0,0,3,0,0.25,0.25,0.5,0.25,0.5,big5_club
FRA,MF,32-167,1993,32,31,2683,29.8,3,9,12,3,0,0,11,0,0.1,0.3,0.4,0.1,0.4,big5_club
FRA,MF,29-075,1997,10,2,410,4.6,3,3,6,3,0,0,0,0,0.66,0.66,1.32,0.66,1.32,big5_club
MLI,MF,28-115,1998,7,2,259,2.9,1,1,2,1,0,0,0,0,0.35,0.35,0.69,0.35,0.69,big5_club
MNE,MF,19-150,2006,19,6,762,8.5,0,4,4,0,0,0,2,0,0.0,0.47,0.47,0.0,0.47,big5_club
FRA,MF,23-009,2003,1,1,90,1.0,0,0,0,0,0,0,0,0,0.0,0.0,0.0,0.0,0.0,big5_club
FRA,FW,21-105,2005,10,0,104,1.2,0,0,0,0,0,0,0,0,0.0,0.0,0.0,0.0,0.0,big5_club
COD,"DF,MF",32-200,1993,4,3,227,2.5,0,0,0,0,0,0,1,0,0.0,0.0,0.0,0.0,0.0,big5_club
COL,MF,32-266,1993,5,4,273,3.0,0,0,0,0,0,0,1,0,0.0,0.0,0.0,0.0,0.0,big5_club
THA,DF,20-141,2006,1,0,7,0.1,0,0,0,0,0,0,0,0,0.0,0.0,0.0,0.0,0.0,big5_club
FRA,"MF,FW",35-213,1990,26,4,507,5.6,1,0,1,1,0,0,1,0,0.18,0.0,0.18,0.18,0.18,big5_club
FRA,MF,33-120,1993,33,29,2443,27.1,11,6,17,9,2,3,6,0,0.41,0.22,0.63,0.33,0.55,big5_club
FRA,MF,20-040,2006,4,1,99,1.1,0,0,0,0,0,0,0,0,0.0,0.0,0.0,0.0,0.0,big5_club
FRA,DF,21-073,2005,23,22,2014,22.4,3,0,3,3,0,0,4,1,0.13,0.0,0.13,0.13,0.13,big5_club
FRA,DF,33-183,1992,10,10,807,9.0,0,0,0,0,0,0,2,1,0.0,0.0,0.0,0.0,0.0,big5_club
FRA,DF,18-142,2008,4,2,190,2.1,0,1,1,0,0,0,1,0,0.0,0.47,0.47,0.0,0.47,big5_club
FRA,DF,27-123,1999,33,33,2925,32.5,0,1,1,0,0,0,4,0,0.0,0.03,0.03,0.0,0.03,big5_club
MLI,MF,23-334,2002,29,27,2323,25.8,3,4,7,3,0,0,5,0,0.12,0.15,0.27,0.12,0.27,big5_club
FRA,GK,35-294,1990,1,1,90,1.0,0,0,0,0,0,0,0,0,0.0,0.0,0.0,0.0,0.0,big5_club
FRA,"MF,DF",30-067,1996,34,33,3002,33.4,1,7,8,1,0,0,2,0,0.03,0.21,0.24,0.03,0.24,big5_club
POR,MF,16-199,2009,1,0,12,0.1,1,0,1,1,0,0,0,0,7.5,0.0,7.5,7.5,7.5,big5_club
GUI,MF,28-077,1998,16,3,491,5.5,1,0,1,1,0,0,3,1,0.18,0.0,0.18,0.18,0.18,big5_club
BIH,DF,19-313,2006,8,8,616,6.8,0,0,0,0,0,0,2,0,0.0,0.0,0.0,0.0,0.0,big5_club
FRA,FW,28-130,1998,29,26,1796,20.0,12,3,15,11,1,1,2,0,0.6,0.15,0.75,0.55,0.7,big5_club
FRA,"FW,MF",20-103,2006,25,7,798,8.9,5,0,5,5,0,0,0,0,0.56,0.0,0.56,0.56,0.56,big5_club
FRA,GK,21-175,2004,33,33,2970,33.0,0,1,1,0,0,0,2,0,0.0,0.03,0.03,0.0,0.03,big5_club
FRA,MF,33-030,1993,26,20,1720,19.1,2,2,4,2,0,0,6,1,0.1,0.1,0.21,0.1,0.21,big5_club
AUT,DF,22-056,2004,23,20,1827,20.3,2,1,3,2,0,0,2,0,0.1,0.05,0.15,0.1,0.15,big5_club
KSA,MF,26-312,1999,25,14,1352,15.0,2,4,6,2,0,0,4,1,0.13,0.27,0.4,0.13,0.4,big5_club
FRA,MF,31-037,1995,29,26,1991,22.1,12,2,14,11,1,1,2,0,0.54,0.09,0.63,0.5,0.59,big5_club
BRA,DF,26-290,1999,9,7,509,5.7,0,0,0,0,0,0,0,1,0.0,0.0,0.0,0.0,0.0,big5_club
POR,MF,32-300,1993,2,0,8,0.1,0,0,0,0,0,0,0,0,0.0,0.0,0.0,0.0,0.0,big5_club
BEL,GK,28-076,1998,3,2,226,2.5,0,0,0,0,0,0,0,0,0.0,0.0,0.0,0.0,0.0,big5_club
FRA,MF,18-236,2007,30,28,2321,25.8,0,1,1,0,0,0,7,1,0.0,0.04,0.04,0.0,0.04,big5_club
ALG,DF,34-216,1991,29,28,2424,26.9,1,0,1,1,0,0,8,0,0.04,0.0,0.04,0.04,0.04,big5_club
FRA,MF,35-296,1990,27,26,2332,25.9,2,2,4,2,0,0,9,0,0.08,0.08,0.15,0.08,0.15,big5_club
TUR,GK,26-001,2000,32,32,2834,31.5,0,1,1,0,0,0,5,0,0.0,0.03,0.03,0.0,0.03,big5_club
IDN,DF,29-030,1997,18,7,790,8.8,0,0,0,0,0,0,3,1,0.0,0.0,0.0,0.0,0.0,big5_club
COD,DF,31-291,1994,13,9,954,10.6,0,0,0,0,0,0,3,0,0.0,0.0,0.0,0.0,0.0,big5_club
FRA,"MF,FW",19-148,2006,18,4,567,6.3,3,1,4,3,0,0,1,0,0.48,0.16,0.63,0.48,0.63,big5_club
POR,MF,25-124,2001,34,26,2053,22.8,4,5,9,4,0,0,2,0,0.18,0.22,0.39,0.18,0.39,big5_club
FRA,"MF,FW",29-353,1996,12,3,338,3.8,1,0,1,1,0,0,2,0,0.27,0.0,0.27,0.27,0.27,big5_club
MAR,FW,23-205,2002,13,4,432,4.8,5,1,6,5,0,0,2,0,1.04,0.21,1.25,1.04,1.25,big5_club
ISL,MF,23-046,2003,32,29,2460,27.3,8,2,10,8,0,0,6,0,0.29,0.07,0.37,0.29,0.37,big5_club
NOR,MF,21-151,2004,11,3,279,3.1,1,1,2,0,1,1,0,0,0.32,0.32,0.65,0.0,0.32,big5_club
BEL,"FW,MF",21-112,2005,29,27,2370,26.3,8,5,13,6,2,2,5,0,0.3,0.19,0.49,0.23,0.42,big5_club
FRA,DF,18-123,2008,1,0,39,0.4,0,0,0,0,0,0,0,0,0.0,0.0,0.0,0.0,0.0,big5_club
ALG,MF,31-183,1994,26,13,1287,14.3,2,2,4,1,1,1,3,0,0.14,0.14,0.28,0.07,0.21,big5_club
BEL,DF,22-350,2003,29,27,2405,26.7,1,2,3,1,0,0,10,1,0.04,0.07,0.11,0.04,0.11,big5_club
COD,MF,21-204,2004,30,19,1534,17.0,1,0,1,1,0,0,3,0,0.06,0.0,0.06,0.06,0.06,big5_club
FRA,MF,20-234,2005,3,1,92,1.0,0,0,0,0,0,0,0,0,0.0,0.0,0.0,0.0,0.0,big5_club
FRA,FW,39-238,1986,30,17,1609,17.9,7,1,8,4,3,4,2,0,0.39,0.06,0.45,0.22,0.28,big5_club
MAR,MF,24-349,2001,18,4,505,5.6,1,2,3,1,0,0,0,0,0.18,0.36,0.53,0.18,0.53,big5_club
FRA,DF,21-097,2005,1,1,51,0.6,0,0,0,0,0,0,0,0,0.0,0.0,0.0,0.0,0.0,big5_club
FRA,DF,28-246,1997,30,27,2241,24.9,3,4,7,3,0,0,4,1,0.12,0.16,0.28,0.12,0.28,big5_club
FRA,MF,18-285,2007,10,1,185,2.1,1,1,2,1,0,0,0,0,0.49,0.49,0.97,0.49,0.97,big5_club
BEL,DF,34-256,1991,25,21,1909,21.2,2,2,4,2,0,0,3,0,0.09,0.09,0.19,0.09,0.19,big5_club
POR,DF,23-307,2002,15,8,709,7.9,0,0,0,0,0,0,0,0,0.0,0.0,0.0,0.0,0.0,big5_club
FRA,MF,22-317,2003,1,0,3,0.0,0,0,0,0,0,0,0,0,0.0,0.0,0.0,0.0,0.0,big5_club
BEL,DF,20-245,2005,1,0,19,0.2,0,0,0,0,0,0,0,0,0.0,0.0,0.0,0.0,0.0,big5_club
SEN,DF,21-246,2004,17,16,1444,16.0,0,0,0,0,0,0,8,0,0.0,0.0,0.0,0.0,0.0,big5_club
BFA,MF,21-257,2004,31,30,2605,28.9,2,6,8,2,0,0,4,0,0.07,0.21,0.28,0.07,0.28,big5_club
CMR,MF,21-162,2004,31,22,2119,23.5,2,1,3,2,0,0,3,0,0.08,0.04,0.13,0.08,0.13,big5_club
SEN,FW,26-064,2000,22,15,1212,13.5,10,1,11,9,1,2,2,0,0.74,0.07,0.82,0.67,0.74,big5_club
CIV,DF,24-174,2001,25,22,1979,22.0,0,3,3,0,0,0,5,0,0.0,0.14,0.14,0.0,0.14,big5_club
SEN,GK,29-217,1996,3,3,270,3.0,0,0,0,0,0,0,0,0,0.0,0.0,0.0,0.0,0.0,big5_club
FRA,MF,22-213,2003,1,0,11,0.1,0,0,0,0,0,0,0,0,0.0,0.0,0.0,0.0,0.0,big5_club
CMR,"DF,MF",25-246,2000,23,14,1312,14.6,0,1,1,0,0,0,4,1,0.0,0.07,0.07,0.0,0.07,big5_club
TOG,MF,22-151,2003,30,15,1365,15.2,1,2,3,1,0,0,3,0,0.07,0.13,0.2,0.07,0.2,big5_club
SEN,DF,25-144,2001,2,2,135,1.5,0,0,0,0,0,0,1,0,0.0,0.0,0.0,0.0,0.0,big5_club
BRA,DF,29-278,1996,17,13,1213,13.5,1,0,1,1,0,0,1,0,0.07,0.0,0.07,0.07,0.07,big5_club
FRA,MF,27-348,1998,31,23,1800,20.0,4,2,6,4,0,0,2,0,0.2,0.1,0.3,0.2,0.3,big5_club
NOR,"MF,DF",23-195,2002,15,5,560,6.2,0,0,0,0,0,0,0,0,0.0,0.0,0.0,0.0,0.0,big5_club
FRA,MF,33-114,1993,28,27,2318,25.8,1,0,1,1,0,0,7,0,0.04,0.0,0.04,0.04,0.04,big5_club
BFA,MF,20-123,2006,1,0,1,0.0,0,0,0,0,0,0,0,0,0.0,0.0,0.0,0.0,0.0,big5_club
CIV,FW,24-167,2001,18,7,682,7.6,1,2,3,1,0,1,3,0,0.13,0.26,0.4,0.13,0.4,big5_club
TUN,DF,28-000,1998,29,29,2610,29.0,0,1,1,0,0,0,3,0,0.0,0.03,0.03,0.0,0.03,big5_club
GHA,DF,23-278,2002,15,9,835,9.3,0,0,0,0,0,0,0,0,0.0,0.0,0.0,0.0,0.0,big5_club
GLP,MF,27-212,1998,28,20,1879,20.9,3,1,4,3,0,0,2,0,0.14,0.05,0.19,0.14,0.19,big5_club
FRA,"MF,FW",23-148,2002,28,22,1756,19.5,10,5,15,8,2,2,1,0,0.51,0.26,0.77,0.41,0.67,big5_club
GRE,"MF,DF",24-325,2001,16,8,747,8.3,1,2,3,1,0,0,3,0,0.12,0.24,0.36,0.12,0.36,big5_club
SEN,FW,25-143,2001,31,8,941,10.5,4,2,6,4,0,1,2,0,0.38,0.19,0.57,0.38,0.57,big5_club
FRA,DF,23-059,2003,1,0,29,0.3,0,0,0,0,0,0,0,0,0.0,0.0,0.0,0.0,0.0,big5_club
FRA,MF,23-237,2002,28,22,1893,21.0,2,2,4,2,0,0,0,0,0.1,0.1,0.19,0.1,0.19,big5_club
BEN,"FW,MF",27-334,1998,27,11,1073,11.9,5,0,5,5,0,1,1,0,0.42,0.0,0.42,0.42,0.42,big5_club
SUI,GK,31-354,1994,31,31,2790,31.0,0,0,0,0,0,0,0,0,0.0,0.0,0.0,0.0,0.0,big5_club
BRA,"DF,MF",25-364,2000,26,25,2150,23.9,3,2,5,3,0,0,4,1,0.13,0.08,0.21,0.13,0.21,big5_club
CZE,"MF,FW",22-328,2003,21,11,922,10.2,1,0,1,1,0,0,3,0,0.1,0.0,0.1,0.1,0.1,big5_club
FRA,MF,17-125,2009,4,0,27,0.3,0,0,0,0,0,0,0,0,0.0,0.0,0.0,0.0,0.0,big5_club
POR,"MF,FW",21-068,2005,27,18,1722,19.1,4,7,11,4,0,0,3,0,0.21,0.37,0.57,0.21,0.57,big5_club
ENG,"DF,MF",28-270,1997,30,28,2483,27.6,1,4,5,1,0,1,7,1,0.04,0.14,0.18,0.04,0.18,big5_club
ANG,DF,33-200,1992,32,32,2833,31.5,0,0,0,0,0,0,5,0,0.0,0.0,0.0,0.0,0.0,big5_club
FRA,MF,31-296,1994,30,26,2302,25.6,11,4,15,9,2,3,4,0,0.43,0.16,0.59,0.35,0.51,big5_club
SVK,GK,29-050,1997,29,29,2610,29.0,0,1,1,0,0,0,1,0,0.0,0.03,0.03,0.0,0.03,big5_club
BRA,"FW,MF",19-309,2006,16,14,1215,13.5,5,7,12,4,1,1,4,1,0.37,0.52,0.89,0.3,0.81,big5_club
FRA,FW,18-250,2007,1,0,10,0.1,0,0,0,0,0,0,0,0,0.0,0.0,0.0,0.0,0.0,big5_club
GHA,"FW,MF",22-206,2003,3,0,35,0.4,0,0,0,0,0,0,0,0,0.0,0.0,0.0,0.0,0.0,big5_club
GEO,FW,25-207,2000,2,2,179,2.0,1,0,1,1,0,0,0,0,0.5,0.0,0.5,0.5,0.5,big5_club
NED,"DF,MF",32-137,1994,15,8,740,8.2,0,0,0,0,0,0,0,1,0.0,0.0,0.0,0.0,0.0,big5_club
FRA,"MF,FW",19-091,2007,22,15,1130,12.6,0,1,1,0,0,0,2,0,0.0,0.08,0.08,0.0,0.08,big5_club
BEL,"MF,FW",21-056,2005,12,9,749,8.3,2,1,3,2,0,0,1,0,0.24,0.12,0.36,0.24,0.36,big5_club
URU,FW,25-095,2001,11,8,692,7.7,2,1,3,2,0,0,1,0,0.26,0.13,0.39,0.26,0.39,big5_club
FRA,MF,21-025,2005,11,3,295,3.3,0,0,0,0,0,0,1,0,0.0,0.0,0.0,0.0,0.0,big5_club
SEN,DF,30-079,1996,32,30,2759,30.7,0,2,2,0,0,0,3,0,0.0,0.07,0.07,0.0,0.07,big5_club
ARG,DF,33-268,1992,20,14,1310,14.6,0,3,3,0,0,0,5,2,0.0,0.21,0.21,0.0,0.21,big5_club
DEN,"MF,FW",20-233,2005,11,5,545,6.1,2,0,2,2,0,0,0,0,0.33,0.0,0.33,0.33,0.33,big5_club
FRA,DF,19-124,2007,2,0,7,0.1,0,0,0,0,0,0,0,0,0.0,0.0,0.0,0.0,0.0,big5_club
BEL,MF,28-069,1998,9,5,414,4.6,0,0,0,0,0,0,0,0,0.0,0.0,0.0,0.0,0.0,big5_club
CZE,"FW,MF",25-148,2000,27,17,1566,17.4,11,3,14,11,0,0,3,0,0.63,0.17,0.8,0.63,0.8,big5_club
ALG,"MF,FW",34-017,1992,10,2,225,2.5,0,0,0,0,0,0,0,0,0.0,0.0,0.0,0.0,0.0,big5_club
UKR,FW,30-180,1995,11,5,561,6.2,4,1,5,4,0,0,1,0,0.64,0.16,0.8,0.64,0.8,big5_club
NED,DF,25-005,2001,16,9,772,8.6,1,2,3,1,0,0,4,0,0.12,0.23,0.35,0.12,0.35,big5_club
FRA,FW,18-086,2008,6,1,131,1.5,1,0,1,1,0,0,0,0,0.69,0.0,0.69,0.69,0.69,big5_club
FRA,GK,29-335,1996,5,5,450,5.0,0,0,0,0,0,0,0,0,0.0,0.0,0.0,0.0,0.0,big5_club
FRA,DF,21-061,2005,1,1,65,0.7,0,0,0,0,0,0,1,0,0.0,0.0,0.0,0.0,0.0,big5_club
FRA,DF,19-168,2006,4,1,80,0.9,0,0,0,0,0,0,0,0,0.0,0.0,0.0,0.0,0.0,big5_club
USA,MF,24-244,2001,29,22,1953,21.7,1,0,1,1,0,0,2,0,0.05,0.0,0.05,0.05,0.05,big5_club
ENG,MF,23-207,2002,29,29,2517,28.0,2,2,4,2,0,0,6,1,0.07,0.07,0.14,0.07,0.14,big5_club
FRA,MF,31-053,1995,1,1,90,1.0,0,0,0,0,0,0,1,0,0.0,0.0,0.0,0.0,0.0,big5_club
ALG,"FW,MF",26-099,2000,22,15,1326,14.7,8,3,11,8,0,0,1,0,0.54,0.2,0.75,0.54,0.75,big5_club
ENG,MF,25-268,2000,14,12,888,9.9,3,0,3,3,0,0,4,0,0.3,0.0,0.3,0.3,0.3,big5_club
BEL,MF,21-108,2005,20,10,828,9.2,0,1,1,0,0,0,1,1,0.0,0.11,0.11,0.0,0.11,big5_club
FRA,DF,30-059,1996,27,22,1928,21.4,1,2,3,1,0,0,6,0,0.05,0.09,0.14,0.05,0.14,big5_club
MAR,MF,22-179,2003,20,5,598,6.6,0,4,4,0,0,0,6,1,0.0,0.6,0.6,0.0,0.6,big5_club
ENG,"DF,MF",23-144,2003,11,8,624,6.9,0,0,0,0,0,0,1,1,0.0,0.0,0.0,0.0,0.0,big5_club
FRA,MF,18-177,2007,8,0,75,0.8,0,0,0,0,0,0,0,0,0.0,0.0,0.0,0.0,0.0,big5_club
CAN,"DF,FW",28-182,1997,2,0,58,0.6,0,0,0,0,0,0,0,0,0.0,0.0,0.0,0.0,0.0,big5_club
ITA,"DF,MF",31-296,1994,28,23,2114,23.5,0,3,3,0,0,0,3,0,0.0,0.13,0.13,0.0,0.13,big5_club
CIV,FW,21-150,2004,2,0,49,0.5,0,0,0,0,0,0,1,0,0.0,0.0,0.0,0.0,0.0,big5_club
ENG,MF,19-066,2007,9,3,324,3.6,2,1,3,2,0,0,1,0,0.56,0.28,0.83,0.56,0.83,big5_club
ARG,DF,26-363,1999,17,16,1365,15.2,0,1,1,0,0,0,7,0,0.0,0.07,0.07,0.0,0.07,big5_club
CTA,"MF,DF",33-100,1993,10,9,587,6.5,0,0,0,0,0,0,3,0,0.0,0.0,0.0,0.0,0.0,big5_club
ARG,GK,34-006,1992,29,29,2610,29.0,0,0,0,0,0,0,3,0,0.0,0.0,0.0,0.0,0.0,big5_club
CIV,MF,26-099,2000,13,7,619,6.9,2,1,3,2,0,0,1,0,0.29,0.15,0.44,0.29,0.44,big5_club
FRA,DF,20-100,2006,1,0,3,0.0,0,0,0,0,0,0,0,0,0.0,0.0,0.0,0.0,0.0,big5_club
ALG,MF,26-190,1999,8,1,138,1.5,0,0,0,0,0,0,1,0,0.0,0.0,0.0,0.0,0.0,big5_club
BRA,MF,25-332,2000,30,22,1975,21.9,6,5,11,6,0,0,3,0,0.27,0.23,0.5,0.27,0.5,big5_club
NED,GK,28-055,1998,5,5,450,5.0,0,0,0,0,0,0,0,0,0.0,0.0,0.0,0.0,0.0,big5_club
ENG,FW,23-026,2003,1,1,62,0.7,0,0,0,0,0,0,0,0,0.0,0.0,0.0,0.0,0.0,big5_club
ARG,DF,27-120,1999,26,21,2001,22.2,0,1,1,0,0,0,5,0,0.0,0.04,0.04,0.0,0.04,big5_club
ENG,MF,24-237,2001,32,29,2462,27.4,16,7,23,10,6,8,4,0,0.58,0.26,0.84,0.37,0.62,big5_club
DEN,MF,25-186,2000,15,6,741,8.2,1,2,3,1,0,0,2,0,0.12,0.24,0.36,0.12,0.36,big5_club
PAN,"DF,MF",30-104,1996,16,11,989,11.0,2,1,3,2,0,0,4,0,0.18,0.09,0.27,0.18,0.27,big5_club
MAR,DF,30-057,1996,16,16,1396,15.5,1,0,1,1,0,0,4,0,0.06,0.0,0.06,0.06,0.06,big5_club
FRA,"FW,MF",29-285,1996,1,0,2,0.0,0,0,0,0,0,0,0,0,0.0,0.0,0.0,0.0,0.0,big5_club
MLI,MF,21-150,2004,3,0,24,0.3,0,0,0,0,0,0,0,0,0.0,0.0,0.0,0.0,0.0,big5_club
DEN,MF,30-294,1995,32,30,2712,30.1,4,5,9,4,0,0,4,0,0.13,0.17,0.3,0.13,0.3,big5_club
GAB,FW,36-342,1989,30,23,2039,22.7,10,5,15,10,0,0,1,0,0.44,0.22,0.66,0.44,0.66,big5_club
ESP,"DF,MF",28-286,1997,3,0,34,0.4,0,0,0,0,0,0,0,0,0.0,0.0,0.0,0.0,0.0,big5_club
NED,MF,24-343,2001,15,14,1105,12.3,0,0,0,0,0,0,4,0,0.0,0.0,0.0,0.0,0.0,big5_club
FRA,FW,19-098,2007,14,3,379,4.2,4,2,6,4,0,0,2,0,0.95,0.47,1.42,0.95,1.42,big5_club
FRA,FW,19-084,2007,3,0,45,0.5,0,0,0,0,0,0,0,0,0.0,0.0,0.0,0.0,0.0,big5_club
USA,"MF,DF",26-093,2000,29,26,2253,25.0,2,2,4,2,0,0,5,0,0.08,0.08,0.16,0.08,0.16,big5_club
NGA,"MF,DF",22-330,2003,8,4,351,3.9,0,1,1,0,0,0,1,0,0.0,0.26,0.26,0.0,0.26,big5_club
FRA,FW,18-335,2007,3,0,17,0.2,0,0,0,0,0,0,0,0,0.0,0.0,0.0,0.0,0.0,big5_club
SUI,"MF,DF",30-135,1996,4,2,211,2.3,0,0,0,0,0,0,1,1,0.0,0.0,0.0,0.0,0.0,big5_club
SEN,MF,20-121,2006,30,16,1606,17.8,0,1,1,0,0,0,5,0,0.0,0.06,0.06,0.0,0.06,big5_club
FRA,MF,16-184,2009,11,5,431,4.8,0,0,0,0,0,0,1,0,0.0,0.0,0.0,0.0,0.0,big5_club
FRA,MF,35-286,1990,19,10,960,10.7,0,0,0,0,0,0,0,0,0.0,0.0,0.0,0.0,0.0,big5_club
MLI,MF,24-279,2001,20,16,1387,15.4,1,0,1,1,0,0,4,0,0.06,0.0,0.06,0.06,0.06,big5_club
SEN,"MF,DF",34-115,1992,12,10,895,9.9,0,0,0,0,0,0,1,0,0.0,0.0,0.0,0.0,0.0,big5_club
LUX,FW,17-134,2009,5,2,157,1.7,0,0,0,0,0,0,0,0,0.0,0.0,0.0,0.0,0.0,big5_club
SEN,"MF,FW",27-083,1999,14,12,967,10.7,0,2,2,0,0,0,2,0,0.0,0.19,0.19,0.0,0.19,big5_club
FRA,FW,21-043,2005,2,0,31,0.3,0,0,0,0,0,0,1,0,0.0,0.0,0.0,0.0,0.0,big5_club
SEN,"DF,MF",29-143,1997,13,11,836,9.3,0,0,0,0,0,0,2,0,0.0,0.0,0.0,0.0,0.0,big5_club
FRA,"MF,FW",29-292,1996,29,26,2351,26.1,8,7,15,3,5,5,3,1,0.31,0.27,0.57,0.11,0.38,big5_club
GEO,"MF,FW",23-107,2003,23,6,698,7.8,2,0,2,2,0,0,1,0,0.26,0.0,0.26,0.26,0.26,big5_club
GEO,FW,32-237,1993,10,5,495,5.5,2,0,2,2,0,0,1,0,0.36,0.0,0.36,0.36,0.36,big5_club
SEN,FW,30-342,1995,25,21,1909,21.2,4,1,5,4,0,1,0,0,0.19,0.05,0.24,0.19,0.24,big5_club
GEO,"MF,DF",25-189,2000,33,28,2449,27.2,3,2,5,3,0,0,3,0,0.11,0.07,0.18,0.11,0.18,big5_club
SEN,"FW,MF",21-059,2005,16,5,541,6.0,1,1,2,1,0,0,2,0,0.17,0.17,0.33,0.17,0.33,big5_club
SEN,FW,19-252,2006,3,1,132,1.5,0,0,0,0,0,0,0,0,0.0,0.0,0.0,0.0,0.0,big5_club
FRA,FW,21-300,2004,3,0,27,0.3,0,0,0,0,0,0,0,0,0.0,0.0,0.0,0.0,0.0,big5_club
FRA,MF,18-182,2007,4,0,88,1.0,1,0,1,1,0,0,0,0,1.02,0.0,1.02,1.02,1.02,big5_club
CIV,"DF,MF",30-243,1995,31,30,2485,27.6,1,1,2,1,0,0,2,1,0.04,0.04,0.07,0.04,0.07,big5_club
FRA,MF,28-139,1998,31,25,1995,22.2,2,0,2,2,0,0,4,0,0.09,0.0,0.09,0.09,0.09,big5_club
SWE,FW,27-029,1999,8,2,227,2.5,0,0,0,0,0,0,0,0,0.0,0.0,0.0,0.0,0.0,big5_club
DEN,GK,24-198,2001,27,26,2354,26.2,0,0,0,0,0,0,0,0,0.0,0.0,0.0,0.0,0.0,big5_club
FRA,MF,21-207,2004,1,0,7,0.1,0,0,0,0,0,0,0,0,0.0,0.0,0.0,0.0,0.0,big5_club
CIV,"DF,MF",28-006,1998,27,27,2265,25.2,2,1,3,2,0,0,10,0,0.08,0.04,0.12,0.08,0.12,big5_club
FRA,MF,20-339,2005,9,2,212,2.4,0,0,0,0,0,0,1,0,0.0,0.0,0.0,0.0,0.0,big5_club
SEN,MF,22-050,2004,5,3,300,3.3,0,0,0,0,0,0,1,0,0.0,0.0,0.0,0.0,0.0,big5_club
FRA,DF,34-192,1991,22,18,1692,18.8,0,0,0,0,0,0,1,0,0.0,0.0,0.0,0.0,0.0,big5_club
GAB,"DF,MF",23-026,2003,14,10,746,8.3,0,0,0,0,0,0,2,0,0.0,0.0,0.0,0.0,0.0,big5_club
CMR,MF,22-074,2004,10,1,227,2.5,0,0,0,0,0,0,0,0,0.0,0.0,0.0,0.0,0.0,big5_club
,"MF,FW",18-096,2008,13,4,441,4.9,2,2,4,2,0,0,0,0,0.41,0.41,0.82,0.41,0.82,big5_club
SEN,GK,29-024,1997,8,8,706,7.8,0,0,0,0,0,0,0,0,0.0,0.0,0.0,0.0,0.0,big5_club
SEN,DF,21-350,2004,23,22,1940,21.6,2,1,3,2,0,0,5,2,0.09,0.05,0.14,0.09,0.14,big5_club
GHA,DF,25-121,2001,24,22,1963,21.8,0,1,1,0,0,0,3,0,0.0,0.05,0.05,0.0,0.05,big5_club
FRA,MF,19-316,2006,18,10,816,9.1,0,2,2,0,0,0,2,0,0.0,0.22,0.22,0.0,0.22,big5_club
RUS,MF,29-361,1996,25,21,1649,18.3,5,5,10,5,0,0,4,1,0.27,0.27,0.55,0.27,0.55,big5_club
ESP,"MF,FW",23-207,2002,25,10,1093,12.1,11,0,11,8,3,4,1,0,0.91,0.0,0.91,0.66,0.66,big5_club
BRA,"DF,MF",28-299,1997,22,17,1536,17.1,0,2,2,0,0,0,2,0,0.0,0.12,0.12,0.0,0.12,big5_club
FRA,"DF,MF",21-038,2005,18,13,1191,13.2,0,0,0,0,0,0,4,0,0.0,0.0,0.0,0.0,0.0,big5_club
SUI,"DF,MF",29-187,1996,24,23,2031,22.6,2,1,3,2,0,0,4,1,0.09,0.04,0.13,0.09,0.13,big5_club
MAR,MF,21-099,2005,2,0,45,0.5,0,0,0,0,0,0,0,0,0.0,0.0,0.0,0.0,0.0,big5_club
ENG,DF,32-131,1994,9,7,688,7.6,1,0,1,1,0,0,0,0,0.13,0.0,0.13,0.13,0.13,big5_club
USA,FW,24-327,2001,30,26,2230,24.8,13,4,17,10,3,3,4,1,0.52,0.16,0.69,0.4,0.57,big5_club
NGA,FW,19-283,2006,15,3,385,4.3,2,0,2,2,0,0,0,0,0.47,0.0,0.47,0.47,0.47,big5_club
FRA,MF,19-295,2006,2,0,35,0.4,0,0,0,0,0,0,0,0,0.0,0.0,0.0,0.0,0.0,big5_club
NED,"MF,DF",26-238,1999,33,28,2489,27.7,1,2,3,1,0,0,8,0,0.04,0.07,0.11,0.04,0.11,big5_club
FRA,"MF,DF",21-224,2004,15,12,967,10.7,0,3,3,0,0,0,3,0,0.0,0.28,0.28,0.0,0.28,big5_club
SEN,"MF,DF",27-090,1999,18,10,1013,11.3,0,1,1,0,0,0,2,0,0.0,0.09,0.09,0.0,0.09,big5_club
SEN,MF,22-145,2004,24,22,1847,20.5,3,4,7,3,0,0,6,0,0.15,0.19,0.34,0.15,0.34,big5_club
FRA,FW,20-339,2005,2,0,59,0.7,0,0,0,0,0,0,0,0,0.0,0.0,0.0,0.0,0.0,big5_club
FIN,GK,36-183,1989,17,17,1439,16.0,0,0,0,0,0,0,1,0,0.0,0.0,0.0,0.0,0.0,big5_club
FRA,"MF,FW",24-090,2002,31,28,2400,26.7,6,6,12,6,0,0,3,0,0.23,0.23,0.45,0.23,0.45,big5_club
FRA,MF,22-035,2004,25,15,1381,15.3,3,3,6,3,0,0,7,1,0.2,0.2,0.39,0.2,0.39,big5_club
DEN,FW,23-107,2003,32,12,1074,11.9,2,2,4,2,0,0,0,0,0.17,0.17,0.34,0.17,0.34,big5_club
GHA,DF,27-039,1999,12,12,1080,12.0,1,0,1,1,0,0,3,0,0.08,0.0,0.08,0.08,0.08,big5_club
FRA,MF,19-126,2007,4,0,77,0.9,0,0,0,0,0,0,0,0,0.0,0.0,0.0,0.0,0.0,big5_club
GER,FW,20-100,2006,7,1,132,1.5,0,0,0,0,0,0,1,0,0.0,0.0,0.0,0.0,0.0,big5_club
FRA,MF,33-072,1993,6,1,119,1.3,0,0,0,0,0,0,0,0,0.0,0.0,0.0,0.0,0.0,big5_club
SUI,GK,28-054,1998,19,17,1621,18.0,0,0,0,0,0,0,1,0,0.0,0.0,0.0,0.0,0.0,big5_club
BEL,DF,18-284,2007,1,0,1,0.0,0,0,0,0,0,0,0,0,0.0,0.0,0.0,0.0,0.0,big5_club
CIV,"MF,FW",24-145,2002,14,10,855,9.5,3,2,5,3,0,0,0,0,0.32,0.21,0.53,0.32,0.53,big5_club
BEL,MF,20-331,2005,8,0,171,1.9,1,1,2,1,0,0,0,0,0.53,0.53,1.05,0.53,1.05,big5_club
JPN,MF,31-130,1995,15,11,944,10.5,3,2,5,3,0,0,4,0,0.29,0.19,0.48,0.29,0.48,big5_club
GER,DF,29-247,1996,28,28,2353,26.1,0,0,0,0,0,0,8,2,0.0,0.0,0.0,0.0,0.0,big5_club
BRA,"DF,MF",24-339,2001,14,7,616,6.8,0,2,2,0,0,0,4,0,0.0,0.29,0.29,0.0,0.29,big5_club
BEL,DF,28-053,1998,14,13,1141,12.7,0,0,0,0,0,0,3,0,0.0,0.0,0.0,0.0,0.0,big5_club
CIV,DF,23-152,2002,2,1,65,0.7,0,0,0,0,0,0,0,0,0.0,0.0,0.0,0.0,0.0,big5_club
LBY,DF,24-321,2001,13,10,969,10.8,0,0,0,0,0,0,4,0,0.0,0.0,0.0,0.0,0.0,big5_club
MLI,FW,20-363,2005,10,1,171,1.9,0,0,0,0,0,0,0,0,0.0,0.0,0.0,0.0,0.0,big5_club
POR,GK,35-237,1990,31,31,2788,31.0,0,0,0,0,0,0,4,0,0.0,0.0,0.0,0.0,0.0,big5_club
FRA,"FW,MF",19-270,2006,20,9,821,9.1,2,1,3,2,0,0,2,0,0.22,0.11,0.33,0.22,0.33,big5_club
MTN,MF,20-074,2006,11,1,250,2.8,0,0,0,0,0,0,1,0,0.0,0.0,0.0,0.0,0.0,big5_club
NGA,DF,29-145,1997,26,25,2231,24.8,1,2,3,1,0,0,7,0,0.04,0.08,0.12,0.04,0.12,big5_club
FRA,MF,21-039,2005,27,14,1276,14.2,1,0,1,1,0,0,5,0,0.07,0.0,0.07,0.07,0.07,big5_club
COL,"DF,MF",32-266,1993,14,12,907,10.1,0,1,1,0,0,0,2,0,0.0,0.1,0.1,0.0,0.1,big5_club
FRA,"MF,DF",30-130,1996,15,9,736,8.2,3,0,3,3,0,0,4,0,0.37,0.0,0.37,0.37,0.37,big5_club
FRA,MF,35-013,1991,16,8,655,7.3,0,1,1,0,0,0,2,0,0.0,0.14,0.14,0.0,0.14,big5_club
FRA,"DF,MF",31-153,1994,8,7,607,6.7,0,0,0,0,0,0,1,0,0.0,0.0,0.0,0.0,0.0,big5_club
KOR,MF,26-344,1999,6,3,284,3.2,0,0,0,0,0,0,0,0,0.0,0.0,0.0,0.0,0.0,big5_club
MLI,"MF,DF",28-211,1997,13,9,803,8.9,0,0,0,0,0,0,4,0,0.0,0.0,0.0,0.0,0.0,big5_club
CMR,FW,27-099,1999,13,10,839,9.3,3,1,4,2,1,1,1,0,0.32,0.11,0.43,0.21,0.32,big5_club
FRA,MF,23-216,2002,27,23,2173,24.1,0,1,1,0,0,0,4,0,0.0,0.04,0.04,0.0,0.04,big5_club
FRA,MF,23-015,2003,15,15,1260,14.0,1,1,2,1,0,0,2,1,0.07,0.07,0.14,0.07,0.14,big5_club
FRA,DF,28-107,1998,23,22,1961,21.8,0,1,1,0,0,0,3,0,0.0,0.05,0.05,0.0,0.05,big5_club
KOR,MF,25-074,2001,12,9,753,8.4,0,0,0,0,0,0,2,0,0.0,0.0,0.0,0.0,0.0,big5_club
FRA,"MF,DF",20-123,2006,23,16,1441,16.0,1,1,2,1,0,0,2,0,0.06,0.06,0.12,0.06,0.12,big5_club
MAD,"DF,MF",21-163,2004,6,2,261,2.9,0,0,0,0,0,0,0,0,0.0,0.0,0.0,0.0,0.0,big5_club
FRA,"FW,MF",23-059,2003,32,27,2494,27.7,6,4,10,6,0,1,6,0,0.22,0.14,0.36,0.22,0.36,big5_club
SWE,"FW,MF",23-147,2002,8,5,415,4.6,1,1,2,1,0,0,0,0,0.22,0.22,0.43,0.22,0.43,big5_club
GUI,MF,24-211,2001,12,11,918,10.2,0,2,2,0,0,0,2,0,0.0,0.2,0.2,0.0,0.2,big5_club
EGY,FW,28-179,1997,24,13,1152,12.8,4,0,4,4,0,0,1,0,0.31,0.0,0.31,0.31,0.31,big5_club
FRA,DF,27-138,1999,29,25,2301,25.6,0,1,1,0,0,0,2,0,0.0,0.04,0.04,0.0,0.04,big5_club
SWE,GK,34-138,1992,3,2,182,2.0,0,0,0,0,0,0,0,0,0.0,0.0,0.0,0.0,0.0,big5_club
FRA,"MF,FW",36-079,1990,11,6,572,6.4,2,0,2,1,1,1,1,0,0.31,0.0,0.31,0.16,0.16,big5_club
FRA,DF,21-030,2005,1,0,45,0.5,0,0,0,0,0,0,0,0,0.0,0.0,0.0,0.0,0.0,big5_club
FRA,DF,18-127,2008,20,20,1721,19.1,0,0,0,0,0,0,5,1,0.0,0.0,0.0,0.0,0.0,big5_club
SRB,DF,32-056,1994,6,1,101,1.1,0,0,0,0,0,0,0,0,0.0,0.0,0.0,0.0,0.0,big5_club
FRA,"MF,FW",23-189,2002,10,5,477,5.3,0,0,0,0,0,0,0,0,0.0,0.0,0.0,0.0,0.0,big5_club
MAR,FW,39-112,1987,25,11,941,10.5,3,0,3,3,0,1,0,0,0.29,0.0,0.29,0.29,0.29,big5_club
SLE,DF,20-045,2006,26,22,1958,21.8,0,0,0,0,0,0,7,0,0.0,0.0,0.0,0.0,0.0,big5_club
TUN,"MF,DF",32-157,1993,22,13,1187,13.2,3,0,3,3,0,0,4,1,0.23,0.0,0.23,0.23,0.23,big5_club
SEN,DF,21-364,2004,25,24,2097,23.3,1,0,1,1,0,0,5,0,0.04,0.0,0.04,0.04,0.04,big5_club
ALG,MF,21-169,2004,2,1,93,1.0,0,0,0,0,0,0,0,0,0.0,0.0,0.0,0.0,0.0,big5_club
CMR,FW,19-295,2006,6,0,138,1.5,0,0,0,0,0,0,1,0,0.0,0.0,0.0,0.0,0.0,big5_club
ALG,"FW,MF",26-073,2000,1,0,1,0.0,0,0,0,0,0,0,0,0,0.0,0.0,0.0,0.0,0.0,big5_club
CGO,DF,18-262,2007,1,1,90,1.0,0,0,0,0,0,0,0,0,0.0,0.0,0.0,0.0,0.0,big5_club
BEL,MF,27-252,1998,26,21,1772,19.7,0,2,2,0,0,0,7,0,0.0,0.1,0.1,0.0,0.1,big5_club
BRA,DF,42-220,1983,12,9,849,9.4,0,1,1,0,0,0,1,0,0.0,0.11,0.11,0.0,0.11,big5_club
FRA,MF,17-189,2008,2,0,13,0.1,0,0,0,0,0,0,0,0,0.0,0.0,0.0,0.0,0.0,big5_club
CIV,FW,23-144,2003,14,11,922,10.2,5,1,6,4,1,1,5,0,0.49,0.1,0.59,0.39,0.49,big5_club
FRA,MF,19-044,2007,3,2,135,1.5,0,0,0,0,0,0,0,0,0.0,0.0,0.0,0.0,0.0,big5_club
FRA,MF,20-122,2006,4,1,95,1.1,0,0,0,0,0,0,0,0,0.0,0.0,0.0,0.0,0.0,big5_club
MAR,DF,19-251,2006,1,0,1,0.0,0,0,0,0,0,0,0,0,0.0,0.0,0.0,0.0,0.0,big5_club
ALG,MF,26-245,1999,25,18,1694,18.8,1,2,3,1,0,0,5,0,0.05,0.11,0.16,0.05,0.16,big5_club
SWE,"FW,MF",24-115,2002,22,7,644,7.2,1,0,1,1,0,0,3,0,0.14,0.0,0.14,0.14,0.14,big5_club
CIV,"MF,FW",29-143,1997,14,7,646,7.2,2,2,4,2,0,0,0,0,0.28,0.28,0.56,0.28,0.56,big5_club
FRA,"MF,DF",33-243,1992,30,28,2530,28.1,1,6,7,1,0,0,0,0,0.04,0.21,0.25,0.04,0.25,big5_club
FRA,"MF,FW",19-345,2006,13,3,531,5.9,1,0,1,1,0,0,1,0,0.17,0.0,0.17,0.17,0.17,big5_club
ESP,FW,25-046,2001,23,9,880,9.8,0,0,0,0,0,0,3,0,0.0,0.0,0.0,0.0,0.0,big5_club
GHA,DF,21-356,2004,29,28,2425,26.9,1,0,1,1,0,0,4,0,0.04,0.0,0.04,0.04,0.04,big5_club
FRA,GK,33-083,1993,8,8,720,8.0,0,0,0,0,0,0,0,0,0.0,0.0,0.0,0.0,0.0,big5_club
FRA,"DF,MF",25-201,2000,29,26,2394,26.6,2,1,3,2,0,0,4,0,0.08,0.04,0.11,0.08,0.11,big5_club
FRA,"FW,MF",22-127,2004,24,20,1667,18.5,4,3,7,4,0,0,1,0,0.22,0.16,0.38,0.22,0.38,big5_club
FRA,MF,31-281,1994,31,20,1772,19.7,0,2,2,0,0,0,4,0,0.0,0.1,0.1,0.0,0.1,big5_club
CAN,DF,26-057,2000,2,2,145,1.6,0,0,0,0,0,0,1,0,0.0,0.0,0.0,0.0,0.0,big5_club
DOM,"DF,MF",29-139,1997,1,0,28,0.3,0,0,0,0,0,0,0,0,0.0,0.0,0.0,0.0,0.0,big5_club
GHA,MF,26-061,2000,18,12,911,10.1,0,0,0,0,0,0,3,0,0.0,0.0,0.0,0.0,0.0,big5_club
MAR,"MF,FW",25-351,2000,33,26,2130,23.7,8,2,10,6,2,2,5,0,0.34,0.08,0.42,0.25,0.34,big5_club
FRA,MF,29-149,1996,8,3,275,3.1,0,1,1,0,0,0,0,0,0.0,0.33,0.33,0.0,0.33,big5_club
NGA,FW,27-001,1999,10,6,488,5.4,2,0,2,2,0,0,0,0,0.37,0.0,0.37,0.37,0.37,big5_club
POR,MF,24-342,2001,15,5,532,5.9,0,0,0,0,0,0,3,0,0.0,0.0,0.0,0.0,0.0,big5_club
FRA,MF,23-022,2003,27,14,1367,15.2,3,2,5,3,0,0,1,1,0.2,0.13,0.33,0.2,0.33,big5_club
SEN,GK,26-191,1999,26,26,2340,26.0,0,0,0,0,0,0,1,0,0.0,0.0,0.0,0.0,0.0,big5_club
BDI,MF,27-211,1998,2,1,72,0.8,0,0,0,0,0,0,0,1,0.0,0.0,0.0,0.0,0.0,big5_club
FRA,FW,21-113,2005,1,0,10,0.1,0,0,0,0,0,0,0,0,0.0,0.0,0.0,0.0,0.0,big5_club
FRA,"MF,DF",29-220,1996,29,26,2159,24.0,1,0,1,1,0,0,8,0,0.04,0.0,0.04,0.04,0.04,big5_club
MLI,"MF,DF",29-269,1996,24,9,982,10.9,5,1,6,5,0,0,3,0,0.46,0.09,0.55,0.46,0.55,big5_club
ITA,FW,36-095,1990,12,9,705,7.8,2,2,4,2,0,0,2,0,0.26,0.26,0.51,0.26,0.51,big5_club
ITA,DF,22-149,2003,13,13,1170,13.0,0,2,2,0,0,0,1,0,0.0,0.15,0.15,0.0,0.15,big5_club
MLI,DF,34-119,1992,18,14,1150,12.8,0,1,1,0,0,0,4,0,0.0,0.08,0.08,0.0,0.08,big5_club
ALG,"MF,FW",27-321,1998,29,26,2222,24.7,9,4,13,6,3,4,7,0,0.36,0.16,0.53,0.24,0.41,big5_club
CIV,FW,28-313,1997,25,12,1092,12.1,2,2,4,1,1,1,0,0,0.16,0.16,0.33,0.08,0.25,big5_club
FRA,"MF,FW",28-024,1998,23,13,1100,12.2,3,1,4,3,0,0,2,0,0.25,0.08,0.33,0.25,0.33,big5_club
ALG,"FW,MF",34-086,1992,5,0,45,0.5,0,0,0,0,0,0,0,0,0.0,0.0,0.0,0.0,0.0,big5_club
GER,GK,35-322,1990,22,22,1980,22.0,0,0,0,0,0,0,2,0,0.0,0.0,0.0,0.0,0.0,big5_club
BFA,MF,23-254,2002,5,1,121,1.3,1,0,1,1,0,0,2,0,0.74,0.0,0.74,0.74,0.74,big5_club
ITA,MF,21-253,2004,16,3,554,6.2,3,1,4,3,0,0,0,0,0.49,0.16,0.65,0.49,0.65,big5_club
ZIM,MF,29-338,1996,15,11,975,10.8,4,1,5,4,0,0,0,0,0.37,0.09,0.46,0.37,0.46,big5_club
FRA,FW,29-062,1997,10,1,152,1.7,0,0,0,0,0,0,0,0,0.0,0.0,0.0,0.0,0.0,big5_club
FRA,MF,28-173,1997,26,22,1960,21.8,0,3,3,0,0,0,11,0,0.0,0.14,0.14,0.0,0.14,big5_club
FRA,FW,19-113,2007,1,0,2,0.0,0,0,0,0,0,0,0,0,0.0,0.0,0.0,0.0,0.0,big5_club
NGA,"MF,FW",30-318,1995,29,25,2001,22.2,3,3,6,3,0,0,1,0,0.13,0.13,0.27,0.13,0.27,big5_club
SEN,DF,26-079,2000,31,30,2717,30.2,0,1,1,0,0,0,5,0,0.0,0.03,0.03,0.0,0.03,big5_club
FRA,DF,20-088,2006,26,18,1737,19.3,0,0,0,0,0,0,0,0,0.0,0.0,0.0,0.0,0.0,big5_club
MLI,"FW,MF",34-012,1992,8,0,72,0.8,1,1,2,1,0,0,0,0,1.25,1.25,2.5,1.25,2.5,big5_club
FRA,GK,23-108,2003,12,12,1080,12.0,0,0,0,0,0,0,0,0,0.0,0.0,0.0,0.0,0.0,big5_club
BRA,DF,24-035,2002,23,21,1901,21.1,1,0,1,1,0,0,6,1,0.05,0.0,0.05,0.05,0.05,big5_club
FRA,MF,33-001,1993,22,20,1782,19.8,1,3,4,1,0,0,7,1,0.05,0.15,0.2,0.05,0.2,big5_club
FRA,FW,32-112,1994,2,1,78,0.9,0,0,0,0,0,0,0,0,0.0,0.0,0.0,0.0,0.0,big5_club
FRA,MF,18-074,2008,11,8,743,8.3,2,0,2,2,0,0,1,1,0.24,0.0,0.24,0.24,0.24,big5_club
ALG,DF,27-109,1999,15,13,1154,12.8,1,0,1,1,0,0,1,0,0.08,0.0,0.08,0.08,0.08,big5_club
BEL,DF,27-355,1998,17,13,1144,12.7,0,1,1,0,0,0,6,2,0.0,0.08,0.08,0.0,0.08,big5_club
FRA,DF,34-237,1991,11,7,662,7.4,0,0,0,0,0,0,2,0,0.0,0.0,0.0,0.0,0.0,big5_club
FIN,DF,26-032,2000,10,3,308,3.4,0,0,0,0,0,0,0,0,0.0,0.0,0.0,0.0,0.0,big5_club
FRA,MF,28-326,1997,23,9,825,9.2,2,1,3,2,0,0,1,0,0.22,0.11,0.33,0.22,0.33,big5_club
FRA,FW,24-283,2001,24,12,1013,11.3,5,0,5,4,1,1,0,0,0.44,0.0,0.44,0.36,0.36,big5_club
MAR,DF,27-203,1998,18,15,1375,15.3,2,2,4,2,0,0,3,1,0.13,0.13,0.26,0.13,0.26,big5_club
FRA,FW,23-266,2002,29,21,1743,19.4,11,1,12,11,0,0,2,0,0.57,0.05,0.62,0.57,0.62,big5_club
FRA,DF,19-126,2007,2,1,60,0.7,0,0,0,0,0,0,0,0,0.0,0.0,0.0,0.0,0.0,big5_club
ESP,MF,18-134,2008,12,7,682,7.6,1,0,1,1,0,0,0,0,0.13,0.0,0.13,0.13,0.13,big5_club
FRA,"FW,MF",20-357,2005,23,16,1348,15.0,7,4,11,7,0,1,0,0,0.47,0.27,0.73,0.47,0.73,big5_club
ESP,MF,30-053,1996,20,13,1131,12.6,1,4,5,1,0,0,2,0,0.08,0.32,0.4,0.08,0.4,big5_club
POR,FW,24-340,2001,30,13,1318,14.6,6,1,7,5,1,2,4,1,0.41,0.07,0.48,0.34,0.41,big5_club
SEN,"FW,MF",18-122,2008,24,10,1006,11.2,3,2,5,3,0,0,0,0,0.27,0.18,0.45,0.27,0.45,big5_club
UKR,DF,23-267,2002,28,26,2387,26.5,1,0,1,1,0,0,6,0,0.04,0.0,0.04,0.04,0.04,big5_club
POR,MF,21-241,2004,21,13,1287,14.3,5,1,6,5,0,0,0,0,0.35,0.07,0.42,0.35,0.42,big5_club
GEO,FW,25-103,2001,28,18,1479,16.4,8,4,12,7,1,1,1,0,0.49,0.24,0.73,0.43,0.67,big5_club
KOR,"MF,FW",25-096,2001,27,18,1519,16.9,3,4,7,3,0,0,3,0,0.18,0.24,0.41,0.18,0.41,big5_club
BRA,"DF,MF",22-183,2003,20,18,1567,17.4,2,1,3,2,0,0,2,0,0.11,0.06,0.17,0.11,0.17,big5_club
FRA,GK,24-201,2001,17,17,1530,17.0,0,0,0,0,0,0,0,0,0.0,0.0,0.0,0.0,0.0,big5_club
FRA,DF,30-101,1996,25,20,1747,19.4,0,3,3,0,0,0,4,0,0.0,0.15,0.15,0.0,0.15,big5_club
BRA,DF,32-012,1994,14,11,1052,11.7,0,0,0,0,0,0,0,0,0.0,0.0,0.0,0.0,0.0,big5_club
FRA,FW,17-336,2008,1,0,11,0.1,0,0,0,0,0,0,0,0,0.0,0.0,0.0,0.0,0.0,big5_club
RUS,GK,27-090,1999,15,15,1350,15.0,0,0,0,0,0,0,0,0,0.0,0.0,0.0,0.0,0.0,big5_club
FRA,MF,19-095,2007,1,0,8,0.1,0,0,0,0,0,0,0,0,0.0,0.0,0.0,0.0,0.0,big5_club
POR,DF,23-341,2002,20,13,1256,14.0,4,5,9,3,1,1,1,0,0.29,0.36,0.64,0.21,0.57,big5_club
FRA,FW,29-011,1997,22,11,1063,11.8,10,7,17,8,2,3,0,0,0.85,0.59,1.44,0.68,1.27,big5_club
FRA,FW,18-143,2008,1,0,16,0.2,0,0,0,0,0,0,0,0,0.0,0.0,0.0,0.0,0.0,big5_club
FRA,MF,18-307,2007,10,3,360,4.0,1,1,2,1,0,0,1,0,0.25,0.25,0.5,0.25,0.5,big5_club
ITA,GK,19-320,2006,2,2,180,2.0,0,0,0,0,0,0,0,0,0.0,0.0,0.0,0.0,0.0,big5_club
FRA,"MF,FW",20-009,2006,26,21,1672,18.6,4,4,8,4,0,0,2,0,0.22,0.22,0.43,0.22,0.43,big5_club
POR,MF,26-102,2000,29,24,2119,23.5,1,7,8,1,0,0,2,0,0.04,0.3,0.34,0.04,0.34,big5_club
FRA,"DF,MF",20-079,2006,32,27,2447,27.2,3,4,7,3,0,0,3,0,0.11,0.15,0.26,0.11,0.26,big5_club
ECU,DF,24-222,2001,23,21,1914,21.3,0,0,0,0,0,0,0,0,0.0,0.0,0.0,0.0,0.0,big5_club
MAR,DF,20-040,2006,20,17,1403,15.6,2,1,3,2,0,0,3,1,0.13,0.06,0.19,0.13,0.19,big5_club
ECU,MF,18-034,2008,6,0,45,0.5,0,0,0,0,0,0,0,0,0.0,0.0,0.0,0.0,0.0,big5_club
GHA,DF,25-356,2000,21,13,1186,13.2,0,1,1,0,0,0,1,0,0.0,0.08,0.08,0.0,0.08,big5_club
FRA,DF,24-362,2001,21,19,1724,19.2,1,0,1,1,0,0,4,0,0.05,0.0,0.05,0.05,0.05,big5_club
FRA,"FW,MF",27-343,1998,10,7,570,6.3,1,3,4,1,0,0,1,0,0.16,0.47,0.63,0.16,0.63,big5_club
TUR,FW,23-318,2002,1,0,3,0.0,0,0,0,0,0,0,0,0,0.0,0.0,0.0,0.0,0.0,big5_club
SUI,FW,29-101,1997,31,20,1872,20.8,9,3,12,9,0,0,3,0,0.43,0.14,0.58,0.43,0.58,big5_club
FRA,GK,32-031,1994,32,32,2880,32.0,0,0,0,0,0,0,5,0,0.0,0.0,0.0,0.0,0.0,big5_club
CMR,DF,24-250,2001,2,1,64,0.7,0,0,0,0,0,0,0,1,0.0,0.0,0.0,0.0,0.0,big5_club
FRA,MF,22-115,2004,24,12,981,10.9,0,0,0,0,0,0,3,0,0.0,0.0,0.0,0.0,0.0,big5_club
FRA,FW,26-038,2000,32,31,2511,27.9,20,5,25,17,3,4,3,0,0.72,0.18,0.9,0.61,0.79,big5_club
SUI,MF,24-099,2002,3,2,133,1.5,0,0,0,0,0,0,0,0,0.0,0.0,0.0,0.0,0.0,big5_club
FIN,MF,30-210,1995,4,0,61,0.7,0,0,0,0,0,0,0,0,0.0,0.0,0.0,0.0,0.0,big5_club
NED,"DF,MF",32-137,1994,1,0,22,0.2,0,0,0,0,0,0,0,0,0.0,0.0,0.0,0.0,0.0,big5_club
FRA,FW,20-066,2006,1,0,3,0.0,0,0,0,0,0,0,0,0,0.0,0.0,0.0,0.0,0.0,big5_club
MAR,MF,24-269,2001,2,0,35,0.4,0,0,0,0,0,0,0,0,0.0,0.0,0.0,0.0,0.0,big5_club
FRA,DF,20-317,2005,19,19,1671,18.6,0,0,0,0,0,0,6,1,0.0,0.0,0.0,0.0,0.0,big5_club
FRA,FW,18-227,2007,17,6,535,5.9,3,2,5,3,0,0,0,0,0.5,0.34,0.84,0.5,0.84,big5_club
FRA,DF,26-205,1999,27,25,2250,25.0,0,1,1,0,0,0,2,0,0.0,0.04,0.04,0.0,0.04,big5_club
FRA,FW,19-075,2007,2,0,2,0.0,0,0,0,0,0,0,0,0,0.0,0.0,0.0,0.0,0.0,big5_club
FRA,"MF,FW",28-146,1997,32,15,1546,17.2,5,4,9,3,2,2,1,0,0.29,0.23,0.52,0.17,0.41,big5_club
CMR,DF,20-332,2005,19,7,805,8.9,0,0,0,0,0,0,2,0,0.0,0.0,0.0,0.0,0.0,big5_club
FRA,MF,27-330,1998,32,31,2653,29.5,3,1,4,3,0,0,5,1,0.1,0.03,0.14,0.1,0.14,big5_club
FRA,GK,20-252,2005,2,2,180,2.0,0,0,0,0,0,0,0,0,0.0,0.0,0.0,0.0,0.0,big5_club
SEN,MF,21-316,2004,1,0,8,0.1,0,0,0,0,0,0,0,0,0.0,0.0,0.0,0.0,0.0,big5_club
JOR,"MF,FW",28-350,1997,33,25,2212,24.6,6,6,12,6,0,0,4,0,0.24,0.24,0.49,0.24,0.49,big5_club
FRA,MF,20-103,2006,8,0,96,1.1,1,0,1,1,0,0,0,0,0.94,0.0,0.94,0.94,0.94,big5_club
POL,"MF,DF",31-044,1995,19,15,1210,13.4,1,2,3,1,0,0,5,0,0.07,0.15,0.22,0.07,0.22,big5_club
FRA,"DF,MF",24-010,2002,33,27,2533,28.1,1,5,6,1,0,0,2,0,0.04,0.18,0.21,0.04,0.21,big5_club
POL,MF,27-016,1999,16,10,776,8.6,1,3,4,1,0,0,2,0,0.12,0.35,0.46,0.12,0.46,big5_club
CIV,MF,31-019,1995,12,7,655,7.3,1,0,1,1,0,0,0,0,0.14,0.0,0.14,0.14,0.14,big5_club
FRA,MF,31-170,1994,31,31,2745,30.5,2,5,7,2,0,0,6,0,0.07,0.16,0.23,0.07,0.23,big5_club
MAR,MF,21-092,2005,6,0,48,0.5,0,0,0,0,0,0,0,0,0.0,0.0,0.0,0.0,0.0,big5_club
ARG,DF,21-027,2005,3,0,16,0.2,0,0,0,0,0,0,0,0,0.0,0.0,0.0,0.0,0.0,big5_club
CIV,DF,23-152,2002,1,0,2,0.0,0,0,0,0,0,0,0,0,0.0,0.0,0.0,0.0,0.0,big5_club
FRA,"MF,DF",20-216,2005,28,19,1768,19.6,2,0,2,2,0,0,2,0,0.1,0.0,0.1,0.1,0.1,big5_club
GUI,DF,20-088,2006,1,1,90,1.0,0,0,0,0,0,0,0,0,0.0,0.0,0.0,0.0,0.0,big5_club
IRL,DF,23-337,2002,25,13,1357,15.1,1,0,1,1,0,0,4,0,0.07,0.0,0.07,0.07,0.07,big5_club
ENG,"DF,MF",29-156,1996,20,19,1598,17.8,0,2,2,0,0,0,4,0,0.0,0.11,0.11,0.0,0.11,big5_club
CIV,FW,23-155,2002,5,3,171,1.9,0,0,0,0,0,0,0,0,0.0,0.0,0.0,0.0,0.0,big5_club
BEL,MF,21-293,2004,27,23,2034,22.6,4,6,10,4,0,0,4,0,0.18,0.27,0.44,0.18,0.44,big5_club
FRA,"FW,MF",23-273,2002,3,0,107,1.2,1,2,3,1,0,0,0,0,0.84,1.68,2.52,0.84,2.52,big5_club
NED,FW,23-112,2003,10,4,443,4.9,4,2,6,4,0,0,3,0,0.81,0.41,1.22,0.81,1.22,big5_club
FRA,"MF,FW",22-292,2003,11,7,555,6.2,0,2,2,0,0,0,1,0,0.0,0.32,0.32,0.0,0.32,big5_club
MAR,MF,20-185,2005,12,6,510,5.7,0,1,1,0,0,0,0,0,0.0,0.18,0.18,0.0,0.18,big5_club
CIV,"DF,MF",23-221,2002,24,23,2061,22.9,2,6,8,2,0,0,3,0,0.09,0.26,0.35,0.09,0.35,big5_club
FRA,MF,18-184,2007,1,1,56,0.6,0,0,0,0,0,0,0,0,0.0,0.0,0.0,0.0,0.0,big5_club
FRA,"DF,MF",22-306,2003,25,25,2072,23.0,0,2,2,0,0,0,4,2,0.0,0.09,0.09,0.0,0.09,big5_club
FRA,FW,18-100,2008,1,0,1,0.0,0,0,0,0,0,0,0,0,0.0,0.0,0.0,0.0,0.0,big5_club
ARG,FW,23-231,2002,27,24,2193,24.4,16,1,17,11,5,6,3,0,0.66,0.04,0.7,0.45,0.49,big5_club
PAR,"MF,FW",22-123,2004,27,22,1883,20.9,3,6,9,2,1,1,2,0,0.14,0.29,0.43,0.1,0.38,big5_club
FRA,"DF,MF",23-015,2003,5,5,377,4.2,0,0,0,0,0,0,0,0,0.0,0.0,0.0,0.0,0.0,big5_club
SWE,GK,36-118,1990,1,1,90,1.0,0,0,0,0,0,0,0,0,0.0,0.0,0.0,0.0,0.0,big5_club
ECU,"MF,FW",19-022,2007,15,4,424,4.7,1,0,1,1,0,0,0,0,0.21,0.0,0.21,0.21,0.21,big5_club
DEN,DF,19-337,2006,24,21,1792,19.9,0,0,0,0,0,0,4,1,0.0,0.0,0.0,0.0,0.0,big5_club
SEN,DF,20-270,2005,15,15,1305,14.5,0,0,0,0,0,0,3,0,0.0,0.0,0.0,0.0,0.0,big5_club
CIV,MF,23-073,2003,28,18,1584,17.6,10,1,11,10,0,0,2,0,0.57,0.06,0.62,0.57,0.62,big5_club
FRA,MF,20-128,2006,12,4,409,4.5,0,0,0,0,0,0,1,0,0.0,0.0,0.0,0.0,0.0,big5_club
POL,"MF,DF",21-200,2004,8,6,446,5.0,1,0,1,1,0,0,3,0,0.2,0.0,0.2,0.2,0.2,big5_club
BEL,GK,20-299,2005,33,33,2970,33.0,0,0,0,0,0,0,3,0,0.0,0.0,0.0,0.0,0.0,big5_club
FRA,MF,20-182,2005,4,0,51,0.6,0,0,0,0,0,0,0,1,0.0,0.0,0.0,0.0,0.0,big5_club
POR,"MF,DF",21-097,2005,12,6,588,6.5,0,1,1,0,0,0,0,0,0.0,0.15,0.15,0.0,0.15,big5_club
MAR,MF,20-232,2005,33,25,2128,23.6,1,2,3,1,0,0,4,0,0.04,0.08,0.13,0.04,0.13,big5_club
ENG,"MF,DF",19-312,2006,25,9,1047,11.6,2,2,4,2,0,0,2,0,0.17,0.17,0.34,0.17,0.34,big5_club
SWE,MF,24-010,2002,19,11,1050,11.7,7,2,9,7,0,0,0,0,0.6,0.17,0.77,0.6,0.77,big5_club
FRA,MF,17-013,2009,4,0,58,0.6,0,0,0,0,0,0,1,0,0.0,0.0,0.0,0.0,0.0,big5_club
ARG,MF,21-307,2004,27,24,2168,24.1,2,4,6,2,0,0,5,1,0.08,0.17,0.25,0.08,0.25,big5_club
SEN,FW,18-222,2007,3,2,154,1.7,0,0,0,0,0,0,2,0,0.0,0.0,0.0,0.0,0.0,big5_club
FRA,MF,18-076,2008,23,12,1092,12.1,1,1,2,1,0,0,5,1,0.08,0.08,0.16,0.08,0.16,big5_club
NOR,MF,28-036,1998,28,28,2419,26.9,4,4,8,1,3,3,10,1,0.15,0.15,0.3,0.04,0.19,big5_club
ENG,DF,23-282,2002,29,28,2533,28.1,3,2,5,3,0,0,8,0,0.11,0.07,0.18,0.11,0.18,big5_club
VEN,MF,26-126,2000,30,28,2495,27.7,2,3,5,2,0,1,6,0,0.07,0.11,0.18,0.07,0.18,big5_club
FRA,MF,20-100,2006,27,22,1871,20.8,2,1,3,2,0,0,9,0,0.1,0.05,0.14,0.1,0.14,big5_club
FRA,"MF,DF",33-301,1992,32,25,2141,23.8,3,4,7,2,1,2,1,0,0.13,0.17,0.29,0.08,0.25,big5_club
BRA,FW,21-314,2004,27,18,1499,16.7,6,2,8,6,0,0,5,1,0.36,0.12,0.48,0.36,0.48,big5_club
GHA,MF,25-029,2001,8,7,526,5.8,0,0,0,0,0,0,2,0,0.0,0.0,0.0,0.0,0.0,big5_club
CMR,"FW,MF",26-264,1999,17,16,1253,13.9,5,1,6,5,0,1,3,0,0.36,0.07,0.43,0.36,0.43,big5_club
FRA,GK,21-076,2005,33,33,2939,32.7,0,0,0,0,0,0,3,0,0.0,0.0,0.0,0.0,0.0,big5_club
FRA,FW,18-040,2008,3,0,29,0.3,0,0,0,0,0,0,0,0,0.0,0.0,0.0,0.0,0.0,big5_club
CAN,FW,23-255,2002,13,5,472,5.2,1,0,1,1,0,0,0,0,0.19,0.0,0.19,0.19,0.19,big5_club
FRA,"MF,DF",19-301,2006,2,2,180,2.0,0,0,0,0,0,0,1,0,0.0,0.0,0.0,0.0,0.0,big5_club
ARG,MF,19-170,2006,13,1,195,2.2,2,0,2,2,0,0,0,0,0.92,0.0,0.92,0.92,0.92,big5_club
NOR,GK,27-348,1998,1,0,31,0.3,0,0,0,0,0,0,0,0,0.0,0.0,0.0,0.0,0.0,big5_club
SVK,MF,22-011,2004,25,6,651,7.2,1,0,1,1,0,0,4,0,0.14,0.0,0.14,0.14,0.14,big5_club
USA,DF,27-090,1999,29,27,2404,26.7,0,2,2,0,0,0,7,1,0.0,0.07,0.07,0.0,0.07,big5_club
FRA,FW,19-248,2006,1,0,8,0.1,0,0,0,0,0,0,0,0,0.0,0.0,0.0,0.0,0.0,big5_club
FRA,FW,20-234,2005,12,2,256,2.8,0,0,0,0,0,0,0,0,0.0,0.0,0.0,0.0,0.0,big5_club
SEN,MF,22-264,2003,15,13,1181,13.1,1,2,3,1,0,0,2,0,0.08,0.15,0.23,0.08,0.23,big5_club
FRA,MF,23-028,2003,12,5,502,5.6,0,0,0,0,0,0,2,0,0.0,0.0,0.0,0.0,0.0,big5_club
DEN,DF,29-071,1997,32,30,2564,28.5,1,0,1,1,0,0,4,0,0.04,0.0,0.04,0.04,0.04,big5_club
ARG,"MF,FW",21-098,2005,28,14,1306,14.5,4,6,10,4,0,0,4,0,0.28,0.41,0.69,0.28,0.69,big5_club
FRA,DF,18-340,2007,9,4,444,4.9,1,0,1,1,0,0,0,0,0.2,0.0,0.2,0.2,0.2,big5_club
NOR,MF,25-196,2000,24,7,870,9.7,1,1,2,1,0,0,1,0,0.1,0.1,0.21,0.1,0.21,big5_club
FRA,"MF,FW",25-132,2001,31,30,2601,28.9,8,3,11,8,0,0,1,1,0.28,0.1,0.38,0.28,0.38,big5_club
LUX,MF,20,2005,3,0,34,0.4,0,0,0,0,0,0,1,0,0.0,0.0,0.0,0.0,0.0,big5_club
FRA,"MF,FW",27,1998,29,25,2097,23.3,5,4,9,4,1,2,3,0,0.21,0.17,0.39,0.17,0.34,big5_club
GER,"MF,FW",21,2004,28,18,1743,19.4,6,0,6,6,0,0,3,0,0.31,0.0,0.31,0.31,0.31,big5_club
GER,MF,26,1999,1,0,4,0.0,0,0,0,0,0,0,0,0,0.0,0.0,0.0,0.0,0.0,big5_club
BRA,DF,24,2001,11,9,829,9.2,2,0,2,2,0,0,1,0,0.22,0.0,0.22,0.22,0.22,big5_club
SUI,DF,27,1998,27,20,1816,20.2,0,0,0,0,0,0,7,0,0.0,0.0,0.0,0.0,0.0,big5_club
FRA,DF,23,2002,18,17,1489,16.5,1,1,2,1,0,0,5,0,0.06,0.06,0.12,0.06,0.12,big5_club
GRE,MF,29,1995,27,25,1888,21.0,2,5,7,2,0,0,8,0,0.1,0.24,0.33,0.1,0.33,big5_club
TUN,"MF,FW",25,1999,10,7,497,5.5,0,0,0,0,0,0,1,0,0.0,0.0,0.0,0.0,0.0,big5_club
KVX,MF,27,1997,26,10,1118,12.4,2,0,2,2,0,0,4,0,0.16,0.0,0.16,0.16,0.16,big5_club
SUI,MF,23,2002,32,28,2343,26.0,6,3,9,4,2,2,4,0,0.23,0.12,0.35,0.15,0.27,big5_club
GER,GK,27,1998,34,34,3060,34.0,0,0,0,0,0,0,1,0,0.0,0.0,0.0,0.0,0.0,big5_club
FRA,MF,24,2001,33,29,2427,27.0,2,1,3,2,0,0,5,0,0.07,0.04,0.11,0.07,0.11,big5_club
TUN,MF,21,2004,6,0,94,1.0,0,0,0,0,0,0,0,0,0.0,0.0,0.0,0.0,0.0,big5_club
NED,DF,34,1991,11,10,848,9.4,0,1,1,0,0,0,3,0,0.0,0.11,0.11,0.0,0.11,big5_club
GER,DF,28,1997,24,22,2031,22.6,0,1,1,0,0,1,7,1,0.0,0.04,0.04,0.0,0.04,big5_club
CRO,"MF,DF",28,1997,26,18,1653,18.4,2,1,3,2,0,0,5,0,0.11,0.05,0.16,0.11,0.16,big5_club
DEN,MF,28,1996,7,1,210,2.3,0,0,0,0,0,0,0,0,0.0,0.0,0.0,0.0,0.0,big5_club
GER,MF,30,1995,29,12,1019,11.3,1,1,2,1,0,0,4,0,0.09,0.09,0.18,0.09,0.18,big5_club
GER,"MF,FW",20,2005,28,17,1464,16.3,2,4,6,2,0,0,1,0,0.12,0.25,0.37,0.12,0.37,big5_club
AUT,FW,31,1994,17,11,913,10.1,6,2,8,5,1,1,2,0,0.59,0.2,0.79,0.49,0.69,big5_club
USA,DF,18,2006,23,20,1725,19.2,1,1,2,1,0,0,8,0,0.05,0.05,0.1,0.05,0.1,big5_club
GER,FW,28,1997,10,0,198,2.2,1,0,1,1,0,0,2,0,0.45,0.0,0.45,0.45,0.45,big5_club
GER,MF,27,1998,34,31,2799,31.1,3,2,5,3,0,0,2,0,0.1,0.06,0.16,0.1,0.16,big5_club
POR,FW,20,2005,14,6,636,7.1,2,0,2,2,0,0,1,0,0.28,0.0,0.28,0.28,0.28,big5_club
COD,"MF,FW",27,1998,14,2,414,4.6,1,0,1,1,0,0,2,0,0.22,0.0,0.22,0.22,0.22,big5_club
GER,MF,17,2008,1,0,6,0.1,0,0,0,0,0,0,0,0,0.0,0.0,0.0,0.0,0.0,big5_club
NGA,FW,19,2006,5,0,47,0.5,0,0,0,0,0,0,0,0,0.0,0.0,0.0,0.0,0.0,big5_club
GER,"MF,DF",25,2000,6,2,248,2.8,0,0,0,0,0,0,2,0,0.0,0.0,0.0,0.0,0.0,big5_club
GER,MF,21,2004,24,16,1462,16.2,3,1,4,3,0,0,2,0,0.18,0.06,0.25,0.18,0.25,big5_club
CAN,DF,24,2000,13,6,525,5.8,1,3,4,1,0,0,1,0,0.17,0.51,0.69,0.17,0.69,big5_club
SEN,MF,17,2007,4,2,143,1.6,0,0,0,0,0,0,0,0,0.0,0.0,0.0,0.0,0.0,big5_club
GER,DF,16,2009,1,0,1,0.0,0,0,0,0,0,0,0,0,0.0,0.0,0.0,0.0,0.0,big5_club
POR,FW,18,2007,2,0,29,0.3,0,0,0,0,0,0,0,0,0.0,0.0,0.0,0.0,0.0,big5_club
FRA,DF,26,1998,24,21,1794,19.9,1,1,2,1,0,0,4,0,0.05,0.05,0.1,0.05,0.1,big5_club
TUR,DF,18,2007,1,0,6,0.1,0,0,0,0,0,0,0,0,0.0,0.0,0.0,0.0,0.0,big5_club
GER,MF,16,2009,1,0,4,0.0,0,0,0,0,0,0,0,0,0.0,0.0,0.0,0.0,0.0,big5_club
PER,MF,18,2007,2,0,14,0.2,0,0,0,0,0,0,0,0,0.0,0.0,0.0,0.0,0.0,big5_club
ENG,"FW,MF",32,1993,31,25,2377,26.4,36,5,41,26,10,11,1,0,1.36,0.19,1.55,0.98,1.17,big5_club
JPN,DF,26,1999,16,10,920,10.2,1,2,3,1,0,0,0,0,0.1,0.2,0.29,0.1,0.29,big5_club
GER,"MF,FW",22,2003,15,7,683,7.6,3,4,7,2,1,1,1,0,0.4,0.53,0.92,0.26,0.79,big5_club
SWE,FW,18,2007,1,0,5,0.1,0,0,0,0,0,0,0,0,0.0,0.0,0.0,0.0,0.0,big5_club
GER,GK,21,2003,14,11,1111,12.3,0,0,0,0,0,0,0,0,0.0,0.0,0.0,0.0,0.0,big5_club
GER,DF,29,1996,28,23,2018,22.4,2,1,3,2,0,0,7,0,0.09,0.04,0.13,0.09,0.13,big5_club
GER,MF,30,1995,29,24,2280,25.3,2,8,10,2,0,0,4,0,0.08,0.32,0.39,0.08,0.39,big5_club
CRO,DF,25,2000,26,19,1857,20.6,2,3,5,2,0,0,1,0,0.1,0.15,0.24,0.1,0.24,big5_club
KOR,DF,28,1996,25,19,1602,17.8,1,1,2,1,0,0,1,0,0.06,0.06,0.11,0.06,0.11,big5_club
AUT,DF,28,1997,29,22,1994,22.2,3,9,12,3,0,0,9,0,0.14,0.41,0.54,0.14,0.54,big5_club
GER,MF,17,2008,26,16,1281,14.2,5,5,10,5,0,0,1,0,0.35,0.35,0.7,0.35,0.7,big5_club
GER,MF,30,1995,31,25,1947,21.6,5,3,8,5,0,0,4,0,0.23,0.14,0.37,0.23,0.37,big5_club
COL,MF,28,1997,32,27,2447,27.2,15,14,29,15,0,0,7,1,0.55,0.51,1.07,0.55,1.07,big5_club
GER,GK,39,1986,22,22,1859,20.7,0,0,0,0,0,0,0,0,0.0,0.0,0.0,0.0,0.0,big5_club
BRA,MF,16,2008,2,0,34,0.4,0,0,0,0,0,0,0,0,0.0,0.0,0.0,0.0,0.0,big5_club
FRA,MF,23,2001,32,23,2316,25.7,15,19,34,15,0,0,8,0,0.58,0.74,1.32,0.58,1.32,big5_club
SEN,FW,24,2001,23,12,1007,11.2,8,1,9,8,0,0,2,1,0.71,0.09,0.8,0.71,0.8,big5_club
POR,MF,31,1993,18,8,784,8.7,5,2,7,5,0,0,0,0,0.57,0.23,0.8,0.57,0.8,big5_club
FRA,DF,24,2000,9,5,463,5.1,0,0,0,0,0,0,1,0,0.0,0.0,0.0,0.0,0.0,big5_club
GER,MF,30,1995,21,16,1219,13.5,8,6,14,8,0,0,1,0,0.59,0.44,1.03,0.59,1.03,big5_club
GER,GK,36,1988,1,1,90,1.0,0,0,0,0,0,0,1,0,0.0,0.0,0.0,0.0,0.0,big5_club
GER,"DF,MF",20,2005,26,14,1302,14.5,3,3,6,3,0,0,2,0,0.21,0.21,0.41,0.21,0.41,big5_club
GER,FW,16,2008,4,0,30,0.3,0,0,0,0,0,0,0,0,0.0,0.0,0.0,0.0,0.0,big5_club
ARG,DF,20,2005,6,4,368,4.1,1,0,1,1,0,0,0,0,0.24,0.0,0.24,0.24,0.24,big5_club
GER,DF,19,2006,1,0,16,0.2,0,0,0,0,0,0,0,0,0.0,0.0,0.0,0.0,0.0,big5_club
AUT,"MF,FW",21,2003,28,8,919,10.2,2,0,2,2,0,0,2,0,0.2,0.0,0.2,0.2,0.2,big5_club
USA,FW,19,2006,1,0,17,0.2,0,0,0,0,0,0,0,0,0.0,0.0,0.0,0.0,0.0,big5_club
SWE,MF,23,2002,33,27,2454,27.3,2,2,4,2,0,0,0,0,0.07,0.07,0.15,0.07,0.15,big5_club
GER,DF,31,1994,9,7,621,6.9,3,0,3,0,3,3,3,0,0.43,0.0,0.43,0.0,0.0,big5_club
GER,MF,24,2000,29,25,2176,24.2,2,3,5,2,0,1,0,0,0.08,0.12,0.21,0.08,0.21,big5_club
ITA,DF,20,2005,4,2,131,1.5,0,0,0,0,0,0,0,1,0.0,0.0,0.0,0.0,0.0,big5_club
POR,"FW,MF",23,2002,28,7,817,9.1,2,6,8,2,0,0,3,0,0.22,0.66,0.88,0.22,0.88,big5_club
SUI,GK,27,1997,34,34,3060,34.0,0,0,0,0,0,0,3,0,0.0,0.0,0.0,0.0,0.0,big5_club
ENG,MF,19,2005,32,20,1786,19.8,0,1,1,0,0,0,2,1,0.0,0.05,0.05,0.0,0.05,big5_club
GER,"MF,FW",29,1996,29,17,1606,17.8,7,4,11,7,0,0,0,0,0.39,0.22,0.62,0.39,0.62,big5_club
NOR,MF,27,1997,31,26,2266,25.2,0,15,15,0,0,0,8,0,0.0,0.6,0.6,0.0,0.6,big5_club
GER,"MF,FW",23,2002,28,15,1195,13.3,7,4,11,7,0,0,5,0,0.53,0.3,0.83,0.53,0.83,big5_club
ITA,DF,17,2008,8,6,511,5.7,1,0,1,1,0,0,2,0,0.18,0.0,0.18,0.18,0.18,big5_club
AUT,MF,31,1994,26,21,1817,20.2,1,2,3,1,0,0,3,0,0.05,0.1,0.15,0.05,0.15,big5_club
USA,FW,16,2009,1,0,2,0.0,0,0,0,0,0,0,0,0,0.0,0.0,0.0,0.0,0.0,big5_club
GER,"MF,FW",22,2002,32,24,2026,22.5,9,6,15,9,0,0,3,0,0.4,0.27,0.67,0.4,0.67,big5_club
GER,DF,25,1999,28,28,2520,28.0,5,1,6,5,0,0,8,0,0.18,0.04,0.21,0.18,0.21,big5_club
GER,DF,29,1995,11,7,486,5.4,0,1,1,0,0,0,3,0,0.0,0.19,0.19,0.0,0.19,big5_club
GER,MF,34,1991,11,7,613,6.8,0,1,1,0,0,0,0,0,0.0,0.15,0.15,0.0,0.15,big5_club
ALG,DF,30,1995,21,15,1530,17.0,5,2,7,3,2,2,6,0,0.29,0.12,0.41,0.18,0.29,big5_club
TUR,MF,27,1998,11,0,81,0.9,0,0,0,0,0,0,0,0,0.0,0.0,0.0,0.0,0.0,big5_club
ITA,MF,17,2008,7,4,384,4.3,1,0,1,1,0,0,2,0,0.23,0.0,0.23,0.23,0.23,big5_club
GUI,FW,29,1996,33,27,2337,26.0,17,1,18,16,1,3,3,0,0.65,0.04,0.69,0.62,0.65,big5_club
GER,DF,29,1996,32,32,2880,32.0,2,0,2,2,0,0,3,0,0.06,0.0,0.06,0.06,0.06,big5_club
BRA,MF,23,2002,19,11,997,11.1,2,2,4,2,0,0,4,0,0.18,0.18,0.36,0.18,0.36,big5_club
GER,"MF,FW",23,2002,28,12,1326,14.7,4,1,5,4,0,0,3,0,0.27,0.07,0.34,0.27,0.34,big5_club
FRA,"FW,MF",23,2002,19,17,1417,15.7,6,1,7,6,0,0,4,0,0.38,0.06,0.44,0.38,0.44,big5_club
BEL,DF,25,2000,24,24,2141,23.8,1,0,1,1,0,0,8,0,0.04,0.0,0.04,0.04,0.04,big5_club
SUI,DF,22,2003,24,18,1678,18.6,0,0,0,0,0,0,5,0,0.0,0.0,0.0,0.0,0.0,big5_club
POR,DF,28,1997,4,1,144,1.6,0,0,0,0,0,0,1,0,0.0,0.0,0.0,0.0,0.0,big5_club
MAR,"MF,FW",20,2004,17,6,586,6.5,2,3,5,2,0,0,1,0,0.31,0.46,0.77,0.31,0.77,big5_club
TUR,MF,19,2005,21,15,1156,12.8,8,4,12,7,1,1,3,0,0.62,0.31,0.93,0.54,0.86,big5_club
GER,DF,19,2005,5,0,75,0.8,0,0,0,0,0,0,0,0,0.0,0.0,0.0,0.0,0.0,big5_club
TUN,"MF,DF",30,1995,25,16,1444,16.0,0,0,0,0,0,0,3,1,0.0,0.0,0.0,0.0,0.0,big5_club
CIV,FW,22,2003,10,3,324,3.6,0,1,1,0,0,0,1,0,0.0,0.28,0.28,0.0,0.28,big5_club
ALG,MF,22,2002,28,21,1792,19.9,2,9,11,2,0,0,2,0,0.1,0.45,0.55,0.1,0.55,big5_club
SWE,MF,21,2004,25,21,1812,20.1,2,2,4,2,0,0,0,0,0.1,0.1,0.2,0.1,0.2,big5_club
FRA,"MF,FW",20,2005,27,15,1331,14.8,3,4,7,3,0,0,2,0,0.2,0.27,0.47,0.2,0.47,big5_club
GER,FW,25,2000,3,0,62,0.7,0,0,0,0,0,0,0,0,0.0,0.0,0.0,0.0,0.0,big5_club
GER,FW,25,2000,22,15,1336,14.8,13,1,14,9,4,4,1,0,0.88,0.07,0.94,0.61,0.67,big5_club
BRA,GK,22,2003,13,13,1084,12.0,0,0,0,0,0,0,0,0,0.0,0.0,0.0,0.0,0.0,big5_club
SWE,MF,17,2008,5,1,65,0.7,0,0,0,0,0,0,1,0,0.0,0.0,0.0,0.0,0.0,big5_club
GER,"MF,FW",29,1996,15,8,716,8.0,2,3,5,2,0,0,0,0,0.25,0.38,0.63,0.25,0.63,big5_club
GER,MF,33,1992,21,8,886,9.8,0,0,0,0,0,0,1,0,0.0,0.0,0.0,0.0,0.0,big5_club
GER,GK,30,1995,22,21,1976,22.0,0,0,0,0,0,0,1,0,0.0,0.0,0.0,0.0,0.0,big5_club
BEL,FW,31,1993,6,1,139,1.5,1,0,1,0,1,1,0,0,0.65,0.0,0.65,0.0,0.0,big5_club
GER,"MF,DF",22,2003,33,29,2656,29.5,4,4,8,4,0,0,3,0,0.14,0.14,0.27,0.14,0.27,big5_club
GER,DF,21,2004,23,16,1500,16.7,1,2,3,1,0,0,4,0,0.06,0.12,0.18,0.06,0.18,big5_club
DEN,MF,20,2005,24,12,1089,12.1,1,1,2,1,0,0,4,1,0.08,0.08,0.17,0.08,0.17,big5_club
DEN,"DF,MF",28,1997,22,19,1538,17.1,2,0,2,2,0,0,6,1,0.12,0.0,0.12,0.12,0.12,big5_club
JPN,MF,27,1998,31,28,2364,26.3,5,5,10,5,0,0,5,0,0.19,0.19,0.38,0.19,0.38,big5_club
GER,DF,29,1996,32,32,2833,31.5,3,1,4,3,0,0,3,1,0.1,0.03,0.13,0.1,0.13,big5_club
USA,"DF,MF",35,1990,1,0,11,0.1,0,0,0,0,0,0,0,0,0.0,0.0,0.0,0.0,0.0,big5_club
GER,FW,21,2003,5,2,133,1.5,1,0,1,1,0,0,0,0,0.68,0.0,0.68,0.68,0.68,big5_club
GER,DF,33,1991,12,4,526,5.8,0,0,0,0,0,0,2,0,0.0,0.0,0.0,0.0,0.0,big5_club
GER,DF,32,1993,24,18,1547,17.2,0,3,3,0,0,0,3,0,0.0,0.17,0.17,0.0,0.17,big5_club
BFA,MF,20,2005,10,3,347,3.9,0,0,0,0,0,0,3,0,0.0,0.0,0.0,0.0,0.0,big5_club
GER,MF,22,2002,31,12,1301,14.5,5,1,6,5,0,0,2,0,0.35,0.07,0.42,0.35,0.42,big5_club
GER,MF,23,2001,8,3,248,2.8,0,0,0,0,0,0,1,0,0.0,0.0,0.0,0.0,0.0,big5_club
SUI,DF,19,2005,18,14,1177,13.1,0,0,0,0,0,0,1,0,0.0,0.0,0.0,0.0,0.0,big5_club
CRO,FW,22,2003,31,14,1571,17.5,11,2,13,10,1,2,0,0,0.63,0.11,0.74,0.57,0.69,big5_club
GER,MF,26,1999,28,20,1704,18.9,2,2,4,2,0,0,5,0,0.11,0.11,0.21,0.11,0.21,big5_club
SUI,MF,19,2005,27,26,2077,23.1,5,4,9,5,0,0,4,2,0.22,0.17,0.39,0.22,0.39,big5_club
FRA,DF,23,2001,20,12,1178,13.1,0,1,1,0,0,0,1,0,0.0,0.08,0.08,0.0,0.08,big5_club
AUT,FW,24,2001,9,7,446,5.0,1,1,2,1,0,0,1,0,0.2,0.2,0.4,0.2,0.4,big5_club
GER,"FW,MF",31,1994,33,25,2037,22.6,3,1,4,3,0,0,4,0,0.13,0.04,0.18,0.13,0.18,big5_club
GER,DF,32,1992,23,19,1587,17.6,2,2,4,2,0,0,3,0,0.11,0.11,0.23,0.11,0.23,big5_club
GER,DF,31,1994,32,32,2833,31.5,3,3,6,3,0,0,3,0,0.1,0.1,0.19,0.1,0.19,big5_club
GER,DF,22,2003,12,5,492,5.5,0,0,0,0,0,0,0,0,0.0,0.0,0.0,0.0,0.0,big5_club
GER,MF,28,1996,34,34,3060,34.0,3,1,4,3,0,0,4,0,0.09,0.03,0.12,0.09,0.12,big5_club
GER,"FW,MF",31,1994,2,0,29,0.3,0,0,0,0,0,0,0,0,0.0,0.0,0.0,0.0,0.0,big5_club
GER,MF,23,2002,2,0,66,0.7,0,0,0,0,0,0,0,0,0.0,0.0,0.0,0.0,0.0,big5_club
GER,MF,35,1990,13,2,291,3.2,0,0,0,0,0,0,0,0,0.0,0.0,0.0,0.0,0.0,big5_club
GER,GK,23,2002,34,34,3060,34.0,0,0,0,0,0,0,1,0,0.0,0.0,0.0,0.0,0.0,big5_club
GER,MF,25,2000,20,13,1189,13.2,1,0,1,1,0,0,4,0,0.08,0.0,0.08,0.08,0.08,big5_club
AUT,DF,29,1996,20,14,1302,14.5,1,0,1,1,0,0,4,1,0.07,0.0,0.07,0.07,0.07,big5_club
GER,"DF,MF",24,2000,28,24,2186,24.3,1,2,3,1,0,0,2,0,0.04,0.08,0.12,0.04,0.12,big5_club
SUI,FW,18,2007,1,0,7,0.1,0,0,0,0,0,0,0,0,0.0,0.0,0.0,0.0,0.0,big5_club
ITA,MF,32,1993,33,21,1710,19.0,7,4,11,3,4,4,0,0,0.37,0.21,0.58,0.16,0.37,big5_club
JPN,MF,23,2001,25,18,1632,18.1,4,2,6,4,0,0,3,0,0.22,0.11,0.33,0.22,0.33,big5_club
ARG,FW,19,2006,3,0,53,0.6,0,0,0,0,0,0,0,0,0.0,0.0,0.0,0.0,0.0,big5_club
KOR,MF,22,2003,26,20,1584,17.6,3,1,4,3,0,0,2,2,0.17,0.06,0.23,0.17,0.23,big5_club
GER,FW,19,2006,1,0,5,0.1,0,1,1,0,0,0,0,0,0.0,18.0,18.0,0.0,18.0,big5_club
ITA,DF,20,2005,15,8,674,7.5,0,0,0,0,0,0,1,0,0.0,0.0,0.0,0.0,0.0,big5_club
GER,"MF,FW",28,1997,17,11,930,10.3,0,1,1,0,0,0,0,0,0.0,0.1,0.1,0.0,0.1,big5_club
FRA,"MF,FW",28,1996,28,24,1977,22.0,2,6,8,2,0,0,0,0,0.09,0.27,0.36,0.09,0.36,big5_club
USA,MF,22,2002,19,4,520,5.8,1,0,1,1,0,0,1,0,0.17,0.0,0.17,0.17,0.17,big5_club
ARM,FW,22,2003,8,0,119,1.3,1,0,1,1,0,0,1,0,0.76,0.0,0.76,0.76,0.76,big5_club
BIH,FW,31,1994,32,28,2382,26.5,13,3,16,13,0,2,5,0,0.49,0.11,0.6,0.49,0.6,big5_club
SWE,"MF,FW",22,2003,13,5,550,6.1,1,1,2,1,0,0,0,0,0.16,0.16,0.33,0.16,0.33,big5_club
GER,DF,21,2004,3,0,39,0.4,0,0,0,0,0,0,0,0,0.0,0.0,0.0,0.0,0.0,big5_club
USA,"DF,MF",22,2002,32,29,2608,29.0,2,3,5,2,0,0,8,0,0.07,0.1,0.17,0.07,0.17,big5_club
IDN,DF,28,1996,30,28,2464,27.4,5,0,5,1,4,4,6,0,0.18,0.0,0.18,0.04,0.04,big5_club
AUT,MF,31,1993,29,15,1324,14.7,1,1,2,1,0,1,3,0,0.07,0.07,0.14,0.07,0.14,big5_club
JPN,DF,20,2004,8,3,342,3.8,0,0,0,0,0,0,1,0,0.0,0.0,0.0,0.0,0.0,big5_club
GER,"MF,DF",22,2003,15,10,940,10.4,0,2,2,0,0,0,1,0,0.0,0.19,0.19,0.0,0.19,big5_club
GER,"DF,MF",21,2004,23,14,1305,14.5,0,0,0,0,0,0,2,0,0.0,0.0,0.0,0.0,0.0,big5_club
GER,DF,29,1995,6,1,152,1.7,0,0,0,0,0,0,0,0,0.0,0.0,0.0,0.0,0.0,big5_club
GER,GK,27,1997,34,34,3060,34.0,0,0,0,0,0,0,1,0,0.0,0.0,0.0,0.0,0.0,big5_club
SUI,DF,28,1996,33,33,2966,33.0,0,2,2,0,0,0,5,0,0.0,0.06,0.06,0.0,0.06,big5_club
DEN,MF,21,2003,4,0,43,0.5,1,0,1,1,0,0,0,0,2.09,0.0,2.09,2.09,2.09,big5_club
GER,"DF,MF",27,1998,30,29,2445,27.2,2,0,2,2,0,0,4,0,0.07,0.0,0.07,0.07,0.07,big5_club
GER,MF,26,1998,8,3,320,3.6,1,0,1,1,0,0,1,0,0.28,0.0,0.28,0.28,0.28,big5_club
GER,MF,23,2002,31,31,2627,29.2,0,4,4,0,0,0,8,1,0.0,0.14,0.14,0.0,0.14,big5_club
JPN,"FW,MF",25,1999,32,9,1076,12.0,3,1,4,3,0,0,2,0,0.25,0.08,0.33,0.25,0.33,big5_club
GER,FW,29,1995,3,0,7,0.1,0,0,0,0,0,0,0,0,0.0,0.0,0.0,0.0,0.0,big5_club
GER,"MF,FW",16,2008,15,6,552,6.1,2,1,3,2,0,0,1,0,0.33,0.16,0.49,0.33,0.49,big5_club
GER,MF,24,2001,31,29,2487,27.6,2,2,4,2,0,0,7,0,0.07,0.07,0.14,0.07,0.14,big5_club
FRA,"MF,DF",20,2005,4,2,136,1.5,0,0,0,0,0,0,1,0,0.0,0.0,0.0,0.0,0.0,big5_club
DEN,MF,24,2001,7,6,492,5.5,1,2,3,1,0,0,0,0,0.18,0.37,0.55,0.18,0.55,big5_club
BEL,MF,25,1999,26,20,1710,19.0,5,0,5,5,0,0,3,0,0.26,0.0,0.26,0.26,0.26,big5_club
NOR,"FW,MF",18,2007,11,5,321,3.6,0,1,1,0,0,0,3,1,0.0,0.28,0.28,0.0,0.28,big5_club
GAM,MF,27,1998,15,12,911,10.1,1,1,2,1,0,0,1,0,0.1,0.1,0.2,0.1,0.2,big5_club
USA,FW,21,2004,12,6,536,6.0,0,0,0,0,0,0,0,0,0.0,0.0,0.0,0.0,0.0,big5_club
LBY,DF,28,1997,21,15,1253,13.9,0,0,0,0,0,0,6,1,0.0,0.0,0.0,0.0,0.0,big5_club
POR,GK,32,1992,33,33,2970,33.0,0,0,0,0,0,0,3,0,0.0,0.0,0.0,0.0,0.0,big5_club
KVX,FW,26,1998,2,2,120,1.3,0,0,0,0,0,0,0,0,0.0,0.0,0.0,0.0,0.0,big5_club
POR,"FW,MF",20,2005,16,3,448,5.0,1,1,2,1,0,0,1,0,0.2,0.2,0.4,0.2,0.4,big5_club
POR,"MF,FW",25,2000,29,25,2206,24.5,7,5,12,6,1,1,4,2,0.29,0.2,0.49,0.24,0.45,big5_club
GEO,MF,24,2001,24,9,940,10.4,0,2,2,0,0,0,3,1,0.0,0.19,0.19,0.0,0.19,big5_club
POR,DF,27,1997,8,0,48,0.5,0,0,0,0,0,0,0,0,0.0,0.0,0.0,0.0,0.0,big5_club
SUR,"FW,MF",24,2001,6,0,35,0.4,0,0,0,0,0,0,2,1,0.0,0.0,0.0,0.0,0.0,big5_club
FRA,"FW,MF",29,1995,20,12,1138,12.6,3,0,3,2,1,1,0,0,0.24,0.0,0.24,0.16,0.16,big5_club
GER,MF,30,1994,4,1,145,1.6,0,0,0,0,0,0,0,0,0.0,0.0,0.0,0.0,0.0,big5_club
GER,DF,27,1997,24,21,1962,21.8,0,0,0,0,0,0,3,0,0.0,0.0,0.0,0.0,0.0,big5_club
GER,DF,15,2009,1,0,1,0.0,0,0,0,0,0,0,0,0,0.0,0.0,0.0,0.0,0.0,big5_club
CRO,DF,18,2007,28,27,2442,27.1,6,0,6,5,1,1,6,0,0.22,0.0,0.22,0.18,0.18,big5_club
SUI,"MF,DF",27,1998,29,27,2435,27.1,0,4,4,0,0,0,7,1,0.0,0.15,0.15,0.0,0.15,big5_club
GER,MF,25,2000,32,32,2880,32.0,0,2,2,0,0,0,11,0,0.0,0.06,0.06,0.0,0.06,big5_club
ARG,"DF,MF",26,1998,26,24,2001,22.2,1,3,4,1,0,0,10,0,0.04,0.13,0.18,0.04,0.18,big5_club
GER,FW,18,2007,10,2,293,3.3,0,0,0,0,0,0,0,0,0.0,0.0,0.0,0.0,0.0,big5_club
NGA,"MF,FW",26,1999,9,7,471,5.2,1,1,2,1,0,0,3,1,0.19,0.19,0.38,0.19,0.38,big5_club
GHA,"FW,MF",23,2001,33,29,2329,25.9,5,1,6,5,0,1,2,0,0.19,0.04,0.23,0.19,0.23,big5_club
FRA,"FW,MF",24,2000,28,13,1285,14.3,5,0,5,5,0,1,2,0,0.35,0.0,0.35,0.35,0.35,big5_club
GER,FW,31,1994,19,7,612,6.8,3,2,5,2,1,1,0,0,0.44,0.29,0.74,0.29,0.59,big5_club
NOR,GK,22,2002,1,1,90,1.0,0,0,0,0,0,0,0,0,0.0,0.0,0.0,0.0,0.0,big5_club
GER,DF,18,2007,2,0,15,0.2,0,0,0,0,0,0,0,0,0.0,0.0,0.0,0.0,0.0,big5_club
COM,DF,25,2000,20,17,1605,17.8,0,1,1,0,0,0,0,0,0.0,0.06,0.06,0.0,0.06,big5_club
FRA,"MF,DF",21,2004,26,15,1372,15.2,0,4,4,0,0,0,3,0,0.0,0.26,0.26,0.0,0.26,big5_club
DEN,FW,31,1994,15,1,334,3.7,1,0,1,1,0,0,4,0,0.27,0.0,0.27,0.27,0.27,big5_club
GER,DF,19,2006,6,0,93,1.0,1,0,1,1,0,0,1,0,0.97,0.0,0.97,0.97,0.97,big5_club
GER,MF,28,1997,24,9,868,9.6,1,1,2,1,0,0,1,0,0.1,0.1,0.21,0.1,0.21,big5_club
GER,"MF,FW",19,2005,32,25,2169,24.1,2,4,6,1,1,1,2,0,0.08,0.17,0.25,0.04,0.21,big5_club
GER,DF,28,1997,21,18,1436,16.0,0,0,0,0,0,0,6,0,0.0,0.0,0.0,0.0,0.0,big5_club
GEO,FW,31,1994,20,14,1142,12.7,6,0,6,6,0,0,2,1,0.47,0.0,0.47,0.47,0.47,big5_club
GER,"MF,FW",25,1999,9,4,404,4.5,0,0,0,0,0,0,0,0,0.0,0.0,0.0,0.0,0.0,big5_club
GER,GK,23,2001,31,31,2790,31.0,0,1,1,0,0,0,2,0,0.0,0.03,0.03,0.0,0.03,big5_club
GER,"MF,FW",23,2001,14,13,1131,12.6,3,1,4,3,0,0,3,0,0.24,0.08,0.32,0.24,0.32,big5_club
GER,GK,21,2004,3,3,270,3.0,0,0,0,0,0,0,0,0,0.0,0.0,0.0,0.0,0.0,big5_club
GER,"DF,MF",20,2005,16,15,1318,14.6,1,2,3,1,0,0,0,0,0.07,0.14,0.2,0.07,0.2,big5_club
GER,MF,26,1999,31,29,2252,25.0,3,3,6,3,0,0,5,0,0.12,0.12,0.24,0.12,0.24,big5_club
GER,"DF,MF",29,1996,27,25,2325,25.8,1,1,2,1,0,0,3,0,0.04,0.04,0.08,0.04,0.08,big5_club
GER,MF,24,2001,24,17,1383,15.4,3,0,3,3,0,0,1,0,0.2,0.0,0.2,0.2,0.2,big5_club
KVX,DF,30,1994,1,1,6,0.1,0,0,0,0,0,0,0,0,0.0,0.0,0.0,0.0,0.0,big5_club
SUI,DF,23,2002,5,1,206,2.3,0,0,0,0,0,0,0,0,0.0,0.0,0.0,0.0,0.0,big5_club
GER,MF,23,2002,18,8,682,7.6,2,0,2,2,0,0,3,0,0.26,0.0,0.26,0.26,0.26,big5_club
BRA,MF,26,1998,2,2,180,2.0,1,0,1,1,0,0,0,0,0.5,0.0,0.5,0.5,0.5,big5_club
GER,"DF,MF",30,1994,29,20,1915,21.3,1,5,6,1,0,0,4,0,0.05,0.23,0.28,0.05,0.28,big5_club
GER,"FW,MF",25,1999,27,20,1650,18.3,4,1,5,3,1,1,2,0,0.22,0.05,0.27,0.16,0.22,big5_club
AUT,"MF,FW",28,1996,27,15,1249,13.9,2,1,3,2,0,0,1,0,0.14,0.07,0.22,0.14,0.22,big5_club
DEN,FW,24,2001,16,6,537,6.0,1,1,2,1,0,0,2,0,0.17,0.17,0.34,0.17,0.34,big5_club
GER,MF,27,1998,32,27,2258,25.1,0,1,1,0,0,0,2,0,0.0,0.04,0.04,0.0,0.04,big5_club
GER,"DF,MF",27,1998,26,16,1501,16.7,0,2,2,0,0,0,2,0,0.0,0.12,0.12,0.0,0.12,big5_club
GER,DF,30,1994,34,34,3060,34.0,2,2,4,2,0,0,1,0,0.06,0.06,0.12,0.06,0.12,big5_club
GER,"MF,FW",29,1996,15,3,625,6.9,2,1,3,2,0,0,1,0,0.29,0.14,0.43,0.29,0.43,big5_club
GER,FW,31,1994,27,3,820,9.1,5,1,6,5,0,0,1,0,0.55,0.11,0.66,0.55,0.66,big5_club
GER,DF,25,1999,4,3,188,2.1,0,0,0,0,0,0,1,0,0.0,0.0,0.0,0.0,0.0,big5_club
GER,DF,25,2000,15,12,1081,12.0,0,0,0,0,0,0,2,0,0.0,0.0,0.0,0.0,0.0,big5_club
GER,FW,18,2007,1,0,2,0.0,0,0,0,0,0,0,0,0,0.0,0.0,0.0,0.0,0.0,big5_club
GER,FW,18,2007,4,0,49,0.5,0,0,0,0,0,0,0,0,0.0,0.0,0.0,0.0,0.0,big5_club
CZE,"FW,MF",23,2002,5,0,41,0.5,0,0,0,0,0,0,0,0,0.0,0.0,0.0,0.0,0.0,big5_club
KVX,DF,22,2003,30,28,2434,27.0,1,2,3,1,0,0,10,0,0.04,0.07,0.11,0.04,0.11,big5_club
AUT,MF,24,2001,32,12,1308,14.5,3,2,5,3,0,0,4,0,0.21,0.14,0.34,0.21,0.34,big5_club
CRO,"MF,FW",34,1991,34,26,2207,24.5,14,6,20,9,5,5,2,0,0.57,0.24,0.82,0.37,0.61,big5_club
BRA,DF,24,2001,4,2,240,2.7,0,0,0,0,0,0,1,0,0.0,0.0,0.0,0.0,0.0,big5_club
CIV,"MF,FW",19,2006,30,29,2308,25.6,5,9,14,5,0,0,2,0,0.19,0.35,0.55,0.19,0.55,big5_club
BRA,DF,30,1995,29,26,2312,25.7,0,0,0,0,0,0,9,0,0.0,0.0,0.0,0.0,0.0,big5_club
USA,FW,19,2006,5,0,79,0.9,0,0,0,0,0,0,0,0,0.0,0.0,0.0,0.0,0.0,big5_club
KVX,"FW,MF",22,2002,33,31,2335,25.9,10,7,17,10,0,0,2,0,0.39,0.27,0.66,0.39,0.66,big5_club
GER,MF,30,1995,33,16,1758,19.5,7,2,9,7,0,0,5,0,0.36,0.1,0.46,0.36,0.46,big5_club
TOG,"FW,MF",31,1994,16,0,190,2.1,0,0,0,0,0,0,1,0,0.0,0.0,0.0,0.0,0.0,big5_club
NGA,DF,30,1995,8,1,61,0.7,0,0,0,0,0,0,0,1,0.0,0.0,0.0,0.0,0.0,big5_club
JPN,DF,27,1997,1,1,44,0.5,0,0,0,0,0,0,1,0,0.0,0.0,0.0,0.0,0.0,big5_club
KVX,MF,21,2004,33,32,2834,31.5,0,1,1,0,0,0,5,0,0.0,0.03,0.03,0.0,0.03,big5_club
SRB,MF,22,2003,1,0,10,0.1,0,0,0,0,0,0,0,0,0.0,0.0,0.0,0.0,0.0,big5_club
GER,FW,19,2006,22,1,420,4.7,2,0,2,2,0,0,2,0,0.43,0.0,0.43,0.43,0.43,big5_club
GER,"MF,FW",21,2004,15,2,277,3.1,0,0,0,0,0,0,0,0,0.0,0.0,0.0,0.0,0.0,big5_club
GER,GK,35,1990,34,34,3060,34.0,0,0,0,0,0,0,3,0,0.0,0.0,0.0,0.0,0.0,big5_club
TUR,DF,25,2000,25,18,1751,19.5,4,0,4,4,0,0,5,0,0.21,0.0,0.21,0.21,0.21,big5_club
CZE,DF,25,2000,29,26,2251,25.0,1,0,1,1,0,0,5,0,0.04,0.0,0.04,0.04,0.04,big5_club
GER,FW,23,2002,29,24,1944,21.6,8,2,10,7,1,1,3,1,0.37,0.09,0.46,0.32,0.42,big5_club
GER,MF,20,2004,5,1,136,1.5,0,0,0,0,0,0,2,0,0.0,0.0,0.0,0.0,0.0,big5_club
FRA,DF,25,2000,8,0,59,0.7,1,1,2,1,0,0,0,0,1.53,1.53,3.05,1.53,3.05,big5_club
CZE,"DF,MF",32,1992,34,34,3012,33.5,1,8,9,1,0,0,4,0,0.03,0.24,0.27,0.03,0.27,big5_club
NED,MF,24,2001,30,30,2430,27.0,4,5,9,4,0,0,7,1,0.15,0.19,0.33,0.15,0.33,big5_club
CZE,FW,19,2006,1,0,1,0.0,0,0,0,0,0,0,0,0,0.0,0.0,0.0,0.0,0.0,big5_club
BEL,"MF,DF",28,1997,14,7,672,7.5,1,3,4,1,0,0,2,0,0.13,0.4,0.54,0.13,0.54,big5_club
TUR,DF,24,2000,25,20,1791,19.9,0,0,0,0,0,0,2,0,0.0,0.0,0.0,0.0,0.0,big5_club
GER,DF,18,2007,2,1,74,0.8,0,0,0,0,0,0,0,0,0.0,0.0,0.0,0.0,0.0,big5_club
BIH,MF,24,2001,15,9,726,8.1,0,0,0,0,0,0,1,0,0.0,0.0,0.0,0.0,0.0,big5_club
GER,DF,31,1993,9,5,382,4.2,0,0,0,0,0,0,0,0,0.0,0.0,0.0,0.0,0.0,big5_club
GER,"MF,DF",23,2002,31,30,2559,28.4,2,2,4,2,0,0,12,1,0.07,0.07,0.14,0.07,0.14,big5_club
PER,MF,18,2007,7,0,102,1.1,0,0,0,0,0,0,0,0,0.0,0.0,0.0,0.0,0.0,big5_club
AUT,MF,32,1992,15,2,279,3.1,1,1,2,1,0,0,1,0,0.32,0.32,0.65,0.32,0.65,big5_club
GER,FW,17,2007,7,1,100,1.1,0,0,0,0,0,0,0,0,0.0,0.0,0.0,0.0,0.0,big5_club
ENG,DF,19,2005,11,10,863,9.6,0,0,0,0,0,0,2,1,0.0,0.0,0.0,0.0,0.0,big5_club
POL,"MF,FW",23,2002,34,34,3016,33.5,7,3,10,7,0,0,4,0,0.21,0.09,0.3,0.21,0.3,big5_club
GER,"MF,FW",23,2002,26,20,1540,17.1,3,1,4,3,0,0,4,0,0.18,0.06,0.23,0.18,0.23,big5_club
SUI,DF,26,1998,16,13,1078,12.0,0,0,0,0,0,0,5,0,0.0,0.0,0.0,0.0,0.0,big5_club
BIH,DF,25,2000,1,0,23,0.3,0,0,0,0,0,0,0,0,0.0,0.0,0.0,0.0,0.0,big5_club
USA,"DF,MF",23,2002,33,26,2276,25.3,0,2,2,0,0,0,2,0,0.0,0.08,0.08,0.0,0.08,big5_club
GER,"MF,FW",26,1999,24,9,1023,11.4,2,0,2,2,0,0,0,0,0.18,0.0,0.18,0.18,0.18,big5_club
GER,"FW,MF",29,1996,24,7,677,7.5,5,4,9,3,2,2,1,0,0.66,0.53,1.2,0.4,0.93,big5_club
GER,"FW,MF",32,1993,32,18,1597,17.7,5,4,9,5,0,0,3,0,0.28,0.23,0.51,0.28,0.51,big5_club
GER,GK,30,1995,34,34,3060,34.0,0,0,0,0,0,0,2,0,0.0,0.0,0.0,0.0,0.0,big5_club
GER,FW,27,1998,29,18,1718,19.1,7,4,11,7,0,0,3,0,0.37,0.21,0.58,0.37,0.58,big5_club
NED,DF,21,2004,14,12,1131,12.6,0,1,1,0,0,0,0,1,0.0,0.08,0.08,0.0,0.08,big5_club
GER,"FW,MF",18,2006,34,20,1956,21.7,13,4,17,12,1,1,4,0,0.6,0.18,0.78,0.55,0.74,big5_club
NOR,"DF,MF",25,2000,31,28,2498,27.8,0,0,0,0,0,0,5,0,0.0,0.0,0.0,0.0,0.0,big5_club
GER,DF,29,1996,8,8,675,7.5,0,0,0,0,0,0,0,0,0.0,0.0,0.0,0.0,0.0,big5_club
GER,"MF,DF",24,2001,26,19,1780,19.8,0,2,2,0,0,0,4,0,0.0,0.1,0.1,0.0,0.1,big5_club
GER,MF,19,2006,10,2,194,2.2,0,0,0,0,0,0,0,0,0.0,0.0,0.0,0.0,0.0,big5_club
ISL,MF,22,2003,31,21,1809,20.1,1,2,3,1,0,0,6,0,0.05,0.1,0.15,0.05,0.15,big5_club
ESP,MF,28,1997,33,31,2667,29.6,3,8,11,3,0,0,6,0,0.1,0.27,0.37,0.1,0.37,big5_club
ARG,FW,19,2006,3,0,74,0.8,0,0,0,0,0,0,0,0,0.0,0.0,0.0,0.0,0.0,big5_club
BRA,MF,22,2003,20,13,1136,12.6,1,3,4,1,0,0,3,0,0.08,0.24,0.32,0.08,0.32,big5_club
FRA,"MF,DF",17,2007,6,2,222,2.5,0,0,0,0,0,0,1,0,0.0,0.0,0.0,0.0,0.0,big5_club
CMR,FW,19,2006,29,12,1239,13.8,5,4,9,5,0,0,3,0,0.36,0.29,0.65,0.36,0.65,big5_club
ARG,MF,19,2006,6,1,134,1.5,0,0,0,0,0,0,0,0,0.0,0.0,0.0,0.0,0.0,big5_club
BFA,DF,26,1999,29,29,2575,28.6,5,3,8,5,0,0,7,0,0.17,0.1,0.28,0.17,0.28,big5_club
MAR,MF,20,2005,10,2,252,2.8,0,0,0,0,0,0,2,0,0.0,0.0,0.0,0.0,0.0,big5_club
NED,MF,21,2004,29,16,1482,16.5,5,5,10,5,0,0,0,0,0.3,0.3,0.61,0.3,0.61,big5_club
ARG,MF,26,1998,18,12,1099,12.2,0,1,1,0,0,0,3,0,0.0,0.08,0.08,0.0,0.08,big5_club
ARG,MF,23,2002,20,12,984,10.9,0,1,1,0,0,0,4,1,0.0,0.09,0.09,0.0,0.09,big5_club
ALG,MF,19,2005,28,20,1849,20.5,3,4,7,3,0,0,2,0,0.15,0.19,0.34,0.15,0.34,big5_club
GER,GK,34,1991,11,10,931,10.3,0,0,0,0,0,0,1,0,0.0,0.0,0.0,0.0,0.0,big5_club
ENG,DF,22,2003,28,25,2299,25.5,4,0,4,4,0,0,9,0,0.16,0.0,0.16,0.16,0.16,big5_club
FRA,DF,20,2005,8,3,292,3.2,0,0,0,0,0,0,0,0,0.0,0.0,0.0,0.0,0.0,big5_club
GER,MF,33,1992,23,11,1013,11.3,2,2,4,2,0,0,3,0,0.18,0.18,0.36,0.18,0.36,big5_club
FRA,DF,25,2000,23,19,1653,18.4,0,0,0,0,0,0,4,0,0.0,0.0,0.0,0.0,0.0,big5_club
ESP,MF,34,1991,12,6,481,5.3,1,2,3,1,0,0,2,0,0.19,0.37,0.56,0.19,0.56,big5_club
USA,MF,23,2002,29,18,1674,18.6,6,1,7,6,0,0,2,0,0.32,0.05,0.38,0.32,0.38,big5_club
NED,GK,32,1993,24,24,2129,23.7,0,0,0,0,0,0,2,0,0.0,0.0,0.0,0.0,0.0,big5_club
FRA,"MF,FW",28,1997,18,7,675,7.5,4,1,5,4,0,0,1,0,0.53,0.13,0.67,0.53,0.67,big5_club
GER,"MF,DF",17,2007,12,9,736,8.2,1,0,1,1,0,0,0,0,0.12,0.0,0.12,0.12,0.12,big5_club
NGA,MF,26,1999,17,10,868,9.6,1,4,5,1,0,0,2,0,0.1,0.41,0.52,0.1,0.52,big5_club
CZE,FW,29,1996,28,23,1988,22.1,16,3,19,12,4,5,2,0,0.72,0.14,0.86,0.54,0.68,big5_club
ECU,DF,23,2002,1,1,90,1.0,0,0,0,0,0,0,0,0,0.0,0.0,0.0,0.0,0.0,big5_club
GER,"DF,MF",30,1994,32,29,2546,28.3,2,0,2,2,0,0,6,1,0.07,0.0,0.07,0.07,0.07,big5_club
GER,DF,21,2003,2,0,18,0.2,0,0,0,0,0,0,0,0,0.0,0.0,0.0,0.0,0.0,big5_club
ESP,MF,29,1995,29,29,2521,28.0,8,7,15,5,3,3,5,0,0.29,0.25,0.54,0.18,0.43,big5_club
NOR,DF,28,1997,13,8,851,9.5,0,1,1,0,0,0,3,0,0.0,0.11,0.11,0.0,0.11,big5_club
FRA,MF,28,1997,10,6,519,5.8,0,0,0,0,0,0,3,0,0.0,0.0,0.0,0.0,0.0,big5_club
GER,FW,22,2003,22,3,548,6.1,2,0,2,2,0,0,1,0,0.33,0.0,0.33,0.33,0.33,big5_club
FRA,"MF,FW",27,1998,13,5,469,5.2,0,0,0,0,0,0,0,0,0.0,0.0,0.0,0.0,0.0,big5_club
GER,"FW,MF",22,2003,1,0,9,0.1,0,0,0,0,0,0,0,0,0.0,0.0,0.0,0.0,0.0,big5_club
GER,"FW,MF",24,2001,14,13,872,9.7,1,3,4,1,0,0,0,0,0.1,0.31,0.41,0.1,0.41,big5_club
GER,GK,34,1991,21,21,1890,21.0,0,0,0,0,0,0,2,0,0.0,0.0,0.0,0.0,0.0,big5_club
GER,"DF,MF",32,1993,34,30,2695,29.9,2,3,5,2,0,0,3,0,0.07,0.1,0.17,0.07,0.17,big5_club
GER,DF,31,1994,29,28,2338,26.0,2,0,2,2,0,0,11,2,0.08,0.0,0.08,0.08,0.08,big5_club
GER,FW,25,2000,2,1,77,0.9,0,0,0,0,0,0,0,0,0.0,0.0,0.0,0.0,0.0,big5_club
POL,DF,17,2007,15,9,1065,11.8,1,0,1,1,0,0,3,0,0.08,0.0,0.08,0.08,0.08,big5_club
JPN,MF,24,2000,34,34,3059,34.0,1,2,3,1,0,0,1,0,0.03,0.06,0.09,0.03,0.09,big5_club
GER,GK,24,2001,4,3,292,3.2,0,0,0,0,0,0,0,0,0.0,0.0,0.0,0.0,0.0,big5_club
KOR,"MF,FW",32,1992,28,26,2185,24.3,4,2,6,4,0,0,4,0,0.16,0.08,0.25,0.16,0.25,big5_club
USA,"DF,MF",25,1999,21,4,485,5.4,0,0,0,0,0,0,1,0,0.0,0.0,0.0,0.0,0.0,big5_club
GER,DF,27,1998,3,2,162,1.8,0,0,0,0,0,0,0,0,0.0,0.0,0.0,0.0,0.0,big5_club
GER,MF,28,1996,26,24,2083,23.1,12,2,14,4,8,8,6,0,0.52,0.09,0.6,0.17,0.26,big5_club
GER,FW,20,2005,24,3,558,6.2,0,0,0,0,0,0,1,0,0.0,0.0,0.0,0.0,0.0,big5_club
AUT,"MF,DF",22,2003,21,6,660,7.3,0,1,1,0,0,0,3,0,0.0,0.14,0.14,0.0,0.14,big5_club
GER,MF,22,2002,30,24,2073,23.0,5,2,7,5,0,0,2,2,0.22,0.09,0.3,0.22,0.3,big5_club
GER,FW,28,1997,19,19,1610,17.9,5,2,7,5,0,1,2,0,0.28,0.11,0.39,0.28,0.39,big5_club
AUT,MF,31,1994,29,24,2069,23.0,1,2,3,1,0,0,4,0,0.04,0.09,0.13,0.04,0.13,big5_club
GER,GK,30,1994,10,10,876,9.7,0,0,0,0,0,0,2,1,0.0,0.0,0.0,0.0,0.0,big5_club
SUR,FW,30,1995,14,11,946,10.5,3,3,6,3,0,0,2,0,0.29,0.29,0.57,0.29,0.57,big5_club
COD,FW,26,1998,8,4,334,3.7,1,0,1,1,0,0,1,0,0.27,0.0,0.27,0.27,0.27,big5_club
SUI,MF,32,1993,27,22,1810,20.1,2,1,3,2,0,0,5,0,0.1,0.05,0.15,0.1,0.15,big5_club
JPN,"MF,DF",24,2001,10,3,309,3.4,0,0,0,0,0,0,1,0,0.0,0.0,0.0,0.0,0.0,big5_club
GER,DF,33,1991,18,13,1039,11.5,2,1,3,2,0,0,4,0,0.17,0.09,0.26,0.17,0.26,big5_club
AUT,DF,28,1997,16,16,1395,15.5,0,0,0,0,0,0,4,0,0.0,0.0,0.0,0.0,0.0,big5_club
DEN,MF,22,2003,9,2,223,2.5,0,1,1,0,0,0,1,0,0.0,0.4,0.4,0.0,0.4,big5_club
SRB,FW,18,2007,8,0,93,1.0,0,0,0,0,0,0,0,0,0.0,0.0,0.0,0.0,0.0,big5_club
NOR,"FW,MF",20,2005,31,24,2027,22.5,4,3,7,4,0,0,0,0,0.18,0.13,0.31,0.18,0.31,big5_club
GER,MF,19,2006,19,13,948,10.5,4,3,7,4,0,0,0,0,0.38,0.28,0.66,0.38,0.66,big5_club
GER,DF,28,1997,17,3,305,3.4,1,0,1,1,0,0,0,0,0.3,0.0,0.3,0.3,0.3,big5_club
GER,"MF,FW",21,2004,13,8,753,8.4,3,3,6,3,0,0,1,0,0.36,0.36,0.72,0.36,0.72,big5_club
FRA,DF,22,2002,26,24,2176,24.2,1,0,1,1,0,0,3,0,0.04,0.0,0.04,0.04,0.04,big5_club
AUT,MF,25,1999,33,32,2780,30.9,13,8,21,13,0,1,10,0,0.42,0.26,0.68,0.42,0.68,big5_club
DEN,FW,20,2005,29,8,932,10.4,3,3,6,3,0,0,3,0,0.29,0.29,0.58,0.29,0.58,big5_club
GER,DF,27,1998,30,29,2553,28.4,3,7,10,2,1,1,6,0,0.11,0.25,0.35,0.07,0.32,big5_club
FRA,DF,20,2005,11,8,655,7.3,0,0,0,0,0,0,0,0,0.0,0.0,0.0,0.0,0.0,big5_club
NED,MF,20,2005,24,2,597,6.6,0,1,1,0,0,0,3,0,0.0,0.15,0.15,0.0,0.15,big5_club
BEL,"FW,MF",22,2003,20,8,777,8.6,2,0,2,2,0,0,1,0,0.23,0.0,0.23,0.23,0.23,big5_club
SVN,MF,34,1990,3,0,3,0.0,0,0,0,0,0,0,0,0,0.0,0.0,0.0,0.0,0.0,big5_club
SRB,DF,19,2005,5,3,251,2.8,0,0,0,0,0,0,0,0,0.0,0.0,0.0,0.0,0.0,big5_club
BEL,FW,25,2000,2,1,51,0.6,0,0,0,0,0,0,0,0,0.0,0.0,0.0,0.0,0.0,big5_club
GER,DF,29,1996,5,1,95,1.1,0,1,1,0,0,0,0,0,0.0,0.95,0.95,0.0,0.95,big5_club
BEL,GK,23,2002,12,11,1052,11.7,0,0,0,0,0,0,0,0,0.0,0.0,0.0,0.0,0.0,big5_club
GER,DF,21,2004,13,5,504,5.6,1,1,2,1,0,0,2,0,0.18,0.18,0.36,0.18,0.36,big5_club
AUT,MF,24,2001,33,31,2694,29.9,0,2,2,0,0,0,2,0,0.0,0.07,0.07,0.0,0.07,big5_club
HUN,GK,35,1990,23,23,2008,22.3,0,0,0,0,0,0,1,0,0.0,0.0,0.0,0.0,0.0,big5_club
GER,DF,27,1998,32,28,2504,27.8,2,3,5,2,0,0,4,0,0.07,0.11,0.18,0.07,0.18,big5_club
BRA,FW,23,2002,30,27,2188,24.3,9,4,13,9,0,1,3,0,0.37,0.16,0.53,0.37,0.53,big5_club
FRA,FW,16,2009,1,0,4,0.0,0,0,0,0,0,0,0,0,0.0,0.0,0.0,0.0,0.0,big5_club
FRA,FW,18,2006,18,2,348,3.9,1,0,1,1,0,0,1,0,0.26,0.0,0.26,0.26,0.26,big5_club
GER,"FW,MF",29,1996,3,0,14,0.2,0,0,0,0,0,0,0,0,0.0,0.0,0.0,0.0,0.0,big5_club
HUN,DF,32,1992,33,33,2949,32.8,2,0,2,2,0,0,4,0,0.06,0.0,0.06,0.06,0.06,big5_club
AUT,MF,27,1997,26,21,1837,20.4,3,1,4,3,0,0,6,0,0.15,0.05,0.2,0.15,0.2,big5_club
NED,MF,22,2003,1,1,90,1.0,0,0,0,0,0,0,0,0,0.0,0.0,0.0,0.0,0.0,big5_club
CIV,"FW,MF",18,2006,33,28,2472,27.5,12,8,20,12,0,0,2,0,0.44,0.29,0.73,0.44,0.73,big5_club
GAM,FW,21,2004,20,0,336,3.7,3,0,3,3,0,0,4,0,0.8,0.0,0.8,0.8,0.8,big5_club
POL,DF,29,1995,19,14,1288,14.3,1,1,2,1,0,0,5,0,0.07,0.07,0.14,0.07,0.14,big5_club
BEN,FW,23,2002,21,15,1067,11.9,4,0,4,4,0,1,2,0,0.34,0.0,0.34,0.34,0.34,big5_club
POL,MF,22,2002,31,30,2576,28.6,0,1,1,0,0,0,3,0,0.0,0.03,0.03,0.0,0.03,big5_club
AUS,"MF,FW",25,1999,25,3,592,6.6,0,2,2,0,0,0,2,0,0.0,0.3,0.3,0.0,0.3,big5_club
LUX,"MF,FW",28,1997,30,23,2069,23.0,5,3,8,2,3,3,4,0,0.22,0.13,0.35,0.09,0.22,big5_club
ENG,MF,27,1997,7,1,150,1.7,0,0,0,0,0,0,1,0,0.0,0.0,0.0,0.0,0.0,big5_club
SWE,"DF,MF",28,1997,27,26,2311,25.7,2,2,4,2,0,0,4,1,0.08,0.08,0.16,0.08,0.16,big5_club
WAL,DF,22,2003,1,0,27,0.3,0,0,0,0,0,0,0,0,0.0,0.0,0.0,0.0,0.0,big5_club
GER,DF,31,1994,30,29,2592,28.8,2,1,3,2,0,0,1,0,0.07,0.03,0.1,0.07,0.1,big5_club
AUS,MF,32,1993,24,18,1624,18.0,0,1,1,0,0,0,2,1,0.0,0.06,0.06,0.0,0.06,big5_club
USA,MF,25,2000,24,23,1934,21.5,1,0,1,1,0,0,4,0,0.05,0.0,0.05,0.05,0.05,big5_club
JPN,MF,23,2002,32,31,2665,29.6,1,3,4,1,0,0,6,0,0.03,0.1,0.14,0.03,0.14,big5_club
EST,DF,32,1993,23,22,1932,21.5,1,0,1,1,0,0,3,0,0.05,0.0,0.05,0.05,0.05,big5_club
GER,"MF,DF",27,1998,21,12,966,10.7,0,0,0,0,0,0,1,0,0.0,0.0,0.0,0.0,0.0,big5_club
GER,MF,23,2002,23,17,1620,18.0,1,0,1,1,0,0,0,0,0.06,0.0,0.06,0.06,0.06,big5_club
GRE,MF,28,1996,17,12,1106,12.3,1,3,4,1,0,0,3,0,0.08,0.24,0.33,0.08,0.33,big5_club
NED,FW,26,1999,29,14,1348,15.0,3,1,4,2,1,1,2,0,0.2,0.07,0.27,0.13,0.2,big5_club
POR,"MF,FW",28,1996,28,25,2018,22.4,2,2,4,2,0,0,3,0,0.09,0.09,0.18,0.09,0.18,big5_club
NOR,MF,27,1997,13,8,694,7.7,0,0,0,0,0,0,0,0,0.0,0.0,0.0,0.0,0.0,big5_club
BIH,GK,29,1995,34,34,3060,34.0,0,0,0,0,0,0,0,0,0.0,0.0,0.0,0.0,0.0,big5_club
ENG,FW,24,2001,9,3,351,3.9,2,0,2,2,0,0,1,0,0.51,0.0,0.51,0.51,0.51,big5_club
JPN,FW,26,1999,4,0,27,0.3,0,0,0,0,0,0,0,0,0.0,0.0,0.0,0.0,0.0,big5_club
JPN,DF,26,1999,15,14,1260,14.0,0,1,1,0,0,0,3,0,0.0,0.07,0.07,0.0,0.07,big5_club
GER,GK,28,1996,34,34,3060,34.0,0,1,1,0,0,0,0,0,0.0,0.03,0.03,0.0,0.03,big5_club
BEL,DF,23,2002,8,3,380,4.2,0,0,0,0,0,0,1,0,0.0,0.0,0.0,0.0,0.0,big5_club
GER,MF,24,2001,34,30,2743,30.5,2,5,7,2,0,1,1,0,0.07,0.16,0.23,0.07,0.23,big5_club
TUR,MF,28,1996,28,22,1884,20.9,0,1,1,0,0,0,5,1,0.0,0.05,0.05,0.0,0.05,big5_club
ALG,MF,20,2004,14,5,463,5.1,0,0,0,0,0,0,1,0,0.0,0.0,0.0,0.0,0.0,big5_club
MAR,"MF,FW",21,2004,25,19,1630,18.1,4,5,9,4,0,0,6,0,0.22,0.28,0.5,0.22,0.5,big5_club
ESP,MF,20,2005,25,14,1310,14.6,3,0,3,3,0,0,5,0,0.21,0.0,0.21,0.21,0.21,big5_club
GER,MF,27,1998,33,20,1698,18.9,7,7,14,7,0,0,2,0,0.37,0.37,0.74,0.37,0.74,big5_club
FRA,DF,26,1999,3,3,209,2.3,0,0,0,0,0,0,0,0,0.0,0.0,0.0,0.0,0.0,big5_club
GER,"FW,MF",29,1996,29,25,2241,24.9,19,7,26,19,0,1,5,0,0.76,0.28,1.04,0.76,1.04,big5_club
BIH,FW,27,1998,25,17,1497,16.6,12,3,15,11,1,1,5,0,0.72,0.18,0.9,0.66,0.84,big5_club
GER,DF,19,2006,23,17,1511,16.8,0,1,1,0,0,0,3,0,0.0,0.06,0.06,0.0,0.06,big5_club
GER,MF,24,2001,32,26,2367,26.3,7,9,16,7,0,0,4,0,0.27,0.34,0.61,0.27,0.61,big5_club
ECU,FW,20,2005,7,0,38,0.4,0,0,0,0,0,0,0,0,0.0,0.0,0.0,0.0,0.0,big5_club
GER,"DF,MF",24,2000,27,18,1587,17.6,1,3,4,1,0,0,3,0,0.06,0.17,0.23,0.06,0.23,big5_club
GER,DF,27,1998,27,26,2294,25.5,0,0,0,0,0,0,3,0,0.0,0.0,0.0,0.0,0.0,big5_club
SRB,FW,18,2006,3,0,40,0.4,0,0,0,0,0,0,0,0,0.0,0.0,0.0,0.0,0.0,big5_club
SUI,DF,23,2002,1,0,1,0.0,0,0,0,0,0,0,0,0,0.0,0.0,0.0,0.0,0.0,big5_club
TOG,"DF,MF",25,2000,24,12,1094,12.2,0,0,0,0,0,0,3,1,0.0,0.0,0.0,0.0,0.0,big5_club
SUI,DF,22,2003,14,10,898,10.0,0,1,1,0,0,0,1,0,0.0,0.1,0.1,0.0,0.1,big5_club
GER,"DF,MF",28,1997,32,24,2186,24.3,6,4,10,2,4,4,4,0,0.25,0.16,0.41,0.08,0.25,big5_club
GER,MF,23,2002,1,1,90,1.0,0,0,0,0,0,0,0,0,0.0,0.0,0.0,0.0,0.0,big5_club
DEN,MF,25,2000,28,14,1256,14.0,4,3,7,4,0,0,2,0,0.29,0.21,0.5,0.29,0.5,big5_club
GER,MF,29,1996,2,2,106,1.2,0,0,0,0,0,0,2,0,0.0,0.0,0.0,0.0,0.0,big5_club
NED,DF,24,2001,31,22,2025,22.5,0,3,3,0,0,0,3,0,0.0,0.13,0.13,0.0,0.13,big5_club
POR,"MF,FW",23,2002,27,10,1020,11.3,5,3,8,5,0,0,4,0,0.44,0.26,0.71,0.44,0.71,big5_club
CZE,MF,27,1998,20,2,459,5.1,0,0,0,0,0,0,1,0,0.0,0.0,0.0,0.0,0.0,big5_club
GER,MF,20,2004,30,23,1959,21.8,0,2,2,0,0,0,4,0,0.0,0.09,0.09,0.0,0.09,big5_club
SRB,FW,25,2000,32,24,2257,25.1,5,10,15,5,0,1,5,0,0.2,0.4,0.6,0.2,0.6,big5_club
HUN,MF,26,1999,28,16,1421,15.8,2,1,3,2,0,0,2,1,0.13,0.06,0.19,0.13,0.19,big5_club
GER,GK,31,1994,4,3,330,3.7,0,0,0,0,0,0,0,0,0.0,0.0,0.0,0.0,0.0,big5_club
AUT,"MF,DF",38,1987,29,22,1861,20.7,0,3,3,0,0,0,8,0,0.0,0.15,0.15,0.0,0.15,big5_club
NED,DF,27,1998,34,34,3060,34.0,5,0,5,5,0,0,4,0,0.15,0.0,0.15,0.15,0.15,big5_club
GHA,"MF,DF",26,1999,29,21,1899,21.1,1,2,3,0,1,1,5,1,0.05,0.09,0.14,0.0,0.09,big5_club
POR,DF,26,1999,23,23,1963,21.8,0,0,0,0,0,0,4,0,0.0,0.0,0.0,0.0,0.0,big5_club
UKR,MF,18,2007,2,0,6,0.1,0,0,0,0,0,0,0,0,0.0,0.0,0.0,0.0,0.0,big5_club
DEN,GK,32,1992,30,30,2640,29.3,0,0,0,0,0,0,2,0,0.0,0.0,0.0,0.0,0.0,big5_club
GER,"MF,FW",20,2004,33,23,1892,21.0,5,1,6,5,0,0,1,0,0.24,0.05,0.29,0.24,0.29,big5_club
GER,MF,31,1994,28,20,1646,18.3,0,1,1,0,0,0,8,0,0.0,0.05,0.05,0.0,0.05,big5_club
KOR,"MF,FW",25,1999,28,13,1197,13.3,4,1,5,4,0,0,0,0,0.3,0.08,0.38,0.3,0.38,big5_club
CRO,MF,29,1995,11,3,330,3.7,1,1,2,1,0,0,1,0,0.27,0.27,0.55,0.27,0.55,big5_club
AUT,DF,21,2003,31,30,2705,30.1,3,0,3,1,2,3,7,0,0.1,0.0,0.1,0.03,0.03,big5_club
GER,MF,15,2010,1,0,7,0.1,0,0,0,0,0,0,1,0,0.0,0.0,0.0,0.0,0.0,big5_club
TUR,"MF,FW",20,2004,18,6,651,7.2,1,1,2,1,0,0,4,0,0.14,0.14,0.28,0.14,0.28,big5_club
CRO,FW,23,2002,2,0,22,0.2,2,0,2,2,0,0,0,0,8.18,0.0,8.18,8.18,8.18,big5_club
GER,GK,26,1998,1,1,90,1.0,0,0,0,0,0,0,0,0,0.0,0.0,0.0,0.0,0.0,big5_club
SCO,"FW,MF",28,1997,29,21,1664,18.5,6,2,8,6,0,0,4,0,0.32,0.11,0.43,0.32,0.43,big5_club
TUN,MF,31,1994,32,32,2830,31.4,5,1,6,5,0,0,7,0,0.16,0.03,0.19,0.16,0.19,big5_club
DEN,"DF,MF",29,1996,3,3,220,2.4,0,0,0,0,0,0,0,0,0.0,0.0,0.0,0.0,0.0,big5_club
FRA,"DF,MF",26,1999,13,10,816,9.1,1,2,3,1,0,0,2,0,0.11,0.22,0.33,0.11,0.33,big5_club
GER,"MF,FW",28,1996,22,4,623,6.9,1,1,2,1,0,0,0,0,0.14,0.14,0.29,0.14,0.29,big5_club
GER,"MF,DF",20,2004,21,10,1029,11.4,2,0,2,2,0,0,1,1,0.17,0.0,0.17,0.17,0.17,big5_club
GER,DF,18,2007,27,24,2120,23.6,1,0,1,1,0,0,5,1,0.04,0.0,0.04,0.04,0.04,big5_club
GER,DF,27,1998,19,19,1502,16.7,0,0,0,0,0,0,4,0,0.0,0.0,0.0,0.0,0.0,big5_club
SUI,MF,26,1998,28,22,1846,20.5,1,2,3,1,0,0,6,0,0.05,0.1,0.15,0.05,0.15,big5_club
NGA,"DF,MF",25,1999,11,9,744,8.3,0,0,0,0,0,0,1,0,0.0,0.0,0.0,0.0,0.0,big5_club
SUI,"MF,DF",25,1999,19,6,682,7.6,1,0,1,1,0,0,2,0,0.13,0.0,0.13,0.13,0.13,big5_club
NOR,MF,20,2004,1,0,2,0.0,0,0,0,0,0,0,0,0,0.0,0.0,0.0,0.0,0.0,big5_club
DEN,MF,28,1996,29,29,2460,27.3,10,2,12,10,0,0,5,0,0.37,0.07,0.44,0.37,0.44,big5_club
SRB,FW,20,2005,13,5,488,5.4,3,1,4,3,0,0,2,0,0.55,0.18,0.74,0.55,0.74,big5_club
ARG,DF,24,2001,11,5,516,5.7,0,0,0,0,0,0,3,0,0.0,0.0,0.0,0.0,0.0,big5_club
GER,"FW,MF",24,2000,33,22,1947,21.6,5,0,5,5,0,0,2,0,0.23,0.0,0.23,0.23,0.23,big5_club
EST,GK,23,2002,2,2,180,2.0,0,0,0,0,0,0,0,0,0.0,0.0,0.0,0.0,0.0,big5_club
GER,FW,21,2004,20,7,638,7.1,1,1,2,1,0,0,4,0,0.14,0.14,0.28,0.14,0.28,big5_club
GER,MF,31,1993,17,5,615,6.8,0,1,1,0,0,0,5,0,0.0,0.15,0.15,0.0,0.15,big5_club
AUT,DF,27,1998,30,29,2546,28.3,1,0,1,1,0,0,9,1,0.04,0.0,0.04,0.04,0.04,big5_club
AUT,"MF,FW",27,1998,33,23,2006,22.3,3,1,4,3,0,0,5,0,0.13,0.04,0.18,0.13,0.18,big5_club
AUT,DF,27,1998,2,0,37,0.4,0,0,0,0,0,0,0,0,0.0,0.0,0.0,0.0,0.0,big5_club
GER,MF,17,2007,2,0,37,0.4,0,0,0,0,0,0,0,0,0.0,0.0,0.0,0.0,0.0,big5_club
GER,GK,21,2004,32,32,2880,32.0,0,0,0,0,0,0,1,0,0.0,0.0,0.0,0.0,0.0,big5_club
GER,DF,30,1995,14,9,697,7.7,0,0,0,0,0,0,8,2,0.0,0.0,0.0,0.0,0.0,big5_club
BEL,"DF,MF",25,2000,16,14,1254,13.9,1,2,3,1,0,0,3,0,0.07,0.14,0.22,0.07,0.22,big5_club
CRO,MF,18,2007,15,2,351,3.9,1,0,1,1,0,0,1,0,0.26,0.0,0.26,0.26,0.26,big5_club
AUT,"MF,FW",25,2000,34,34,2982,33.1,4,8,12,1,3,4,4,0,0.12,0.24,0.36,0.03,0.27,big5_club
GER,FW,19,2006,8,2,198,2.2,1,0,1,1,0,0,0,0,0.45,0.0,0.45,0.45,0.45,big5_club
BEL,"MF,FW",21,2004,26,12,1171,13.0,3,2,5,3,0,0,0,0,0.23,0.15,0.38,0.23,0.38,big5_club
BEL,MF,26,1999,31,31,2752,30.6,0,0,0,0,0,0,4,0,0.0,0.0,0.0,0.0,0.0,big5_club
FRA,MF,23,2002,2,0,34,0.4,0,0,0,0,0,0,0,0,0.0,0.0,0.0,0.0,0.0,big5_club
NGA,FW,24,2000,11,2,333,3.7,0,2,2,0,0,0,1,0,0.0,0.54,0.54,0.0,0.54,big5_club
JPN,"DF,MF",25,2000,31,29,2428,27.0,0,6,6,0,0,0,2,1,0.0,0.22,0.22,0.0,0.22,big5_club
GER,"DF,MF",20,2004,20,17,1456,16.2,2,0,2,2,0,0,0,0,0.12,0.0,0.12,0.12,0.12,big5_club
DEN,"MF,FW",19,2005,27,12,1364,15.2,2,3,5,2,0,0,3,0,0.13,0.2,0.33,0.13,0.33,big5_club
DEN,MF,25,1999,8,4,362,4.0,1,0,1,1,0,0,1,0,0.25,0.0,0.25,0.25,0.25,big5_club
HUN,MF,19,2006,1,0,35,0.4,0,0,0,0,0,0,0,0,0.0,0.0,0.0,0.0,0.0,big5_club
DEN,MF,33,1992,31,27,2410,26.8,3,9,12,0,3,4,4,0,0.11,0.34,0.45,0.0,0.34,big5_club
SVK,DF,29,1996,17,13,1176,13.1,1,0,1,1,0,0,2,0,0.08,0.0,0.08,0.08,0.08,big5_club
GER,FW,20,2005,30,16,1460,16.2,8,0,8,8,0,0,1,0,0.49,0.0,0.49,0.49,0.49,big5_club
GER,"MF,DF",18,2007,7,2,247,2.7,0,0,0,0,0,0,0,0,0.0,0.0,0.0,0.0,0.0,big5_club
FRA,DF,20,2005,14,14,1254,13.9,0,1,1,0,0,0,3,0,0.0,0.07,0.07,0.0,0.07,big5_club
NED,DF,22,2003,9,8,681,7.6,0,0,0,0,0,0,0,0,0.0,0.0,0.0,0.0,0.0,big5_club
DEN,MF,25,2000,13,4,379,4.2,0,0,0,0,0,0,2,0,0.0,0.0,0.0,0.0,0.0,big5_club
DEN,"MF,DF",28,1997,16,14,1222,13.6,1,2,3,1,0,0,1,0,0.07,0.15,0.22,0.07,0.22,big5_club
GHA,DF,21,2003,4,1,137,1.5,0,0,0,0,0,0,1,0,0.0,0.0,0.0,0.0,0.0,big5_club
DEN,FW,26,1999,11,5,481,5.3,1,0,1,1,0,0,1,0,0.19,0.0,0.19,0.19,0.19,big5_club
POL,GK,26,1999,34,34,3060,34.0,0,0,0,0,0,0,1,0,0.0,0.0,0.0,0.0,0.0,big5_club
JPN,MF,20,2005,12,2,318,3.5,1,0,1,1,0,0,3,0,0.28,0.0,0.28,0.28,0.28,big5_club
USA,MF,22,2003,6,1,164,1.8,0,0,0,0,0,0,1,0,0.0,0.0,0.0,0.0,0.0,big5_club
GER,DF,24,2000,11,10,800,8.9,0,0,0,0,0,0,0,0,0.0,0.0,0.0,0.0,0.0,big5_club
GRE,DF,21,2003,29,27,2482,27.6,4,1,5,4,0,0,5,0,0.15,0.04,0.18,0.15,0.18,big5_club
CRO,MF,27,1998,28,16,1371,15.2,2,3,5,2,0,0,5,0,0.13,0.2,0.33,0.13,0.33,big5_club
SWE,MF,26,1999,24,8,861,9.6,3,1,4,3,0,0,6,1,0.31,0.1,0.42,0.31,0.42,big5_club
GER,MF,31,1994,25,20,1859,20.7,1,4,5,1,0,0,5,0,0.05,0.19,0.24,0.05,0.24,big5_club
ALG,"FW,MF",25,2000,30,23,1919,21.3,8,3,11,7,1,1,2,0,0.38,0.14,0.52,0.33,0.47,big5_club
GER,DF,26,1999,22,20,1787,19.9,1,0,1,1,0,0,8,1,0.05,0.0,0.05,0.05,0.05,big5_club
AUT,MF,24,2001,25,21,1621,18.0,4,3,7,4,0,0,4,0,0.22,0.17,0.39,0.22,0.39,big5_club
GER,MF,18,2007,5,1,69,0.8,0,0,0,0,0,0,0,0,0.0,0.0,0.0,0.0,0.0,big5_club
FRA,"DF,MF",20,2005,24,20,1804,20.0,0,5,5,0,0,0,2,0,0.0,0.25,0.25,0.0,0.25,big5_club
BRA,MF,26,1999,24,22,1764,19.6,0,0,0,0,0,0,5,0,0.0,0.0,0.0,0.0,0.0,big5_club
CZE,"FW,MF",27,1997,2,0,47,0.5,0,0,0,0,0,0,0,0,0.0,0.0,0.0,0.0,0.0,big5_club
GER,MF,31,1994,19,12,1068,11.9,1,0,1,1,0,0,1,0,0.08,0.0,0.08,0.08,0.08,big5_club
NGA,"FW,MF",27,1997,12,9,795,8.8,2,0,2,2,0,0,0,0,0.23,0.0,0.23,0.23,0.23,big5_club
ALB,DF,32,1993,34,29,2525,28.1,0,0,0,0,0,0,4,0,0.0,0.0,0.0,0.0,0.0,big5_club
BEL,"MF,FW",24,2001,31,26,2177,24.2,3,5,8,3,0,0,4,0,0.12,0.21,0.33,0.12,0.33,big5_club
ITA,MF,23,2001,9,3,264,2.9,0,0,0,0,0,0,1,0,0.0,0.0,0.0,0.0,0.0,big5_club
ITA,MF,33,1992,35,30,2569,28.5,3,3,6,3,0,0,3,0,0.11,0.11,0.21,0.11,0.21,big5_club
ITA,FW,19,2005,1,0,10,0.1,0,0,0,0,0,0,0,0,0.0,0.0,0.0,0.0,0.0,big5_club
ITA,"MF,FW",25,2000,13,7,796,8.8,3,1,4,3,0,0,0,0,0.34,0.11,0.45,0.34,0.45,big5_club
ITA,FW,26,1999,24,16,1315,14.6,10,1,11,8,2,2,2,0,0.68,0.07,0.75,0.55,0.62,big5_club
ITA,DF,21,2003,24,23,1808,20.1,3,1,4,3,0,0,2,0,0.15,0.05,0.2,0.15,0.2,big5_club
ITA,DF,17,2008,22,15,1377,15.3,0,0,0,0,0,0,2,1,0.0,0.0,0.0,0.0,0.0,big5_club
SWE,DF,26,1999,28,20,1970,21.9,1,0,1,1,0,0,5,0,0.05,0.0,0.05,0.05,0.05,big5_club
GHA,MF,23,2002,25,9,1011,11.2,2,1,3,2,0,0,4,0,0.18,0.09,0.27,0.18,0.27,big5_club
SRB,MF,23,2002,26,11,1030,11.4,2,1,3,2,0,0,1,0,0.17,0.09,0.26,0.17,0.26,big5_club
ITA,MF,21,2003,23,17,1572,17.5,0,3,3,0,0,0,3,0,0.0,0.17,0.17,0.0,0.17,big5_club
ITA,MF,25,2000,9,0,182,2.0,1,0,1,1,0,0,1,0,0.49,0.0,0.49,0.49,0.49,big5_club
ITA,GK,25,2000,37,37,3330,37.0,0,0,0,0,0,0,0,0,0.0,0.0,0.0,0.0,0.0,big5_club
ITA,GK,33,1992,1,1,90,1.0,0,0,0,0,0,0,0,0,0.0,0.0,0.0,0.0,0.0,big5_club
CRO,MF,30,1995,33,21,1936,21.5,3,4,7,3,0,0,3,0,0.14,0.19,0.33,0.14,0.33,big5_club
NED,MF,34,1991,34,32,2691,29.9,1,2,3,1,0,0,8,1,0.03,0.07,0.1,0.03,0.1,big5_club
NED,"DF,MF",25,2000,1,0,9,0.1,0,0,0,0,0,0,0,0,0.0,0.0,0.0,0.0,0.0,big5_club
POL,MF,23,2002,33,24,1897,21.1,2,4,6,2,0,0,3,0,0.09,0.19,0.28,0.09,0.28,big5_club
MNE,FW,25,2000,33,18,1791,19.9,10,5,15,10,0,0,4,0,0.5,0.25,0.75,0.5,0.75,big5_club
CIV,DF,24,2001,19,10,988,11.0,1,0,1,1,0,0,1,0,0.09,0.0,0.09,0.09,0.09,big5_club
ITA,MF,25,2000,24,15,1377,15.3,0,1,1,0,0,0,2,0,0.0,0.07,0.07,0.0,0.07,big5_club
BIH,DF,32,1993,19,15,1212,13.5,0,0,0,0,0,0,3,0,0.0,0.0,0.0,0.0,0.0,big5_club
USA,MF,22,2002,19,4,574,6.4,1,0,1,1,0,0,1,0,0.16,0.0,0.16,0.16,0.16,big5_club
BRA,MF,26,1999,30,26,2230,24.8,2,1,3,1,1,1,3,0,0.08,0.04,0.12,0.04,0.08,big5_club
GRE,DF,31,1993,10,7,627,7.0,0,1,1,0,0,0,3,0,0.0,0.14,0.14,0.0,0.14,big5_club
ARG,MF,21,2003,15,6,547,6.1,0,3,3,0,0,0,1,0,0.0,0.49,0.49,0.0,0.49,big5_club
ITA,FW,35,1990,6,2,193,2.1,0,0,0,0,0,0,1,0,0.0,0.0,0.0,0.0,0.0,big5_club
NOR,DF,20,2005,6,6,484,5.4,0,0,0,0,0,0,2,0,0.0,0.0,0.0,0.0,0.0,big5_club
SWE,DF,25,2000,11,8,655,7.3,1,4,5,1,0,0,3,1,0.14,0.55,0.69,0.14,0.69,big5_club
ITA,"MF,FW",31,1994,29,12,1217,13.5,4,2,6,3,1,1,3,0,0.3,0.15,0.44,0.22,0.37,big5_club
ITA,GK,25,1999,17,16,1470,16.3,0,0,0,0,0,0,4,0,0.0,0.0,0.0,0.0,0.0,big5_club
ITA,MF,22,2003,14,8,705,7.8,2,0,2,2,0,0,0,0,0.26,0.0,0.26,0.26,0.26,big5_club
GHA,MF,22,2003,3,0,45,0.5,0,0,0,0,0,0,1,0,0.0,0.0,0.0,0.0,0.0,big5_club
DEN,MF,26,1999,26,16,1378,15.3,5,1,6,5,0,0,1,0,0.33,0.07,0.39,0.33,0.39,big5_club
COL,DF,27,1998,29,26,2287,25.4,1,0,1,1,0,0,5,0,0.04,0.0,0.04,0.04,0.04,big5_club
ENG,"MF,FW",22,2003,28,17,1605,17.8,3,2,5,3,0,0,2,0,0.17,0.11,0.28,0.17,0.28,big5_club
POR,"DF,MF",25,2000,10,10,735,8.2,1,0,1,1,0,0,1,0,0.12,0.0,0.12,0.12,0.12,big5_club
ESP,DF,25,2000,32,29,2573,28.6,1,3,4,1,0,0,6,0,0.03,0.1,0.14,0.03,0.14,big5_club
SCO,MF,25,1999,27,17,1601,17.8,1,0,1,1,0,0,7,1,0.06,0.0,0.06,0.06,0.06,big5_club
ITA,DF,37,1988,12,6,491,5.5,0,0,0,0,0,0,2,0,0.0,0.0,0.0,0.0,0.0,big5_club
CZE,DF,22,2003,19,14,1325,14.7,0,0,0,0,0,0,3,0,0.0,0.0,0.0,0.0,0.0,big5_club
ITA,GK,17,2007,4,3,353,3.9,0,0,0,0,0,0,0,0,0.0,0.0,0.0,0.0,0.0,big5_club
ITA,DF,26,1999,32,16,1819,20.2,0,2,2,0,0,0,2,0,0.0,0.1,0.1,0.0,0.1,big5_club
ITA,"MF,FW",24,2000,28,17,1518,16.9,3,4,7,3,0,0,3,1,0.18,0.24,0.42,0.18,0.42,big5_club
ITA,DF,27,1998,12,8,678,7.5,0,0,0,0,0,0,0,0,0.0,0.0,0.0,0.0,0.0,big5_club
CRO,MF,27,1998,30,19,1799,20.0,2,0,2,2,0,0,1,0,0.1,0.0,0.1,0.1,0.1,big5_club
SUI,MF,33,1992,29,26,2213,24.6,1,2,3,1,0,0,5,0,0.04,0.08,0.12,0.04,0.12,big5_club
ITA,"MF,FW",28,1997,35,26,2111,23.5,10,1,11,6,4,6,2,0,0.43,0.04,0.47,0.26,0.3,big5_club
ARG,FW,20,2004,35,26,2359,26.2,7,2,9,7,0,0,3,0,0.27,0.08,0.34,0.27,0.34,big5_club
SUI,MF,24,2001,12,9,717,8.0,0,0,0,0,0,0,1,0,0.0,0.0,0.0,0.0,0.0,big5_club
NED,FW,24,2000,23,9,811,9.0,2,2,4,2,0,0,2,0,0.22,0.22,0.44,0.22,0.44,big5_club
ITA,MF,26,1999,26,17,1434,15.9,3,1,4,3,0,0,2,1,0.19,0.06,0.25,0.19,0.25,big5_club
NOR,DF,26,1999,27,23,2113,23.5,0,0,0,0,0,0,0,1,0.0,0.0,0.0,0.0,0.0,big5_club
POL,GK,34,1991,19,19,1592,17.7,0,0,0,0,0,0,1,1,0.0,0.0,0.0,0.0,0.0,big5_club
SVK,"DF,MF",22,2002,35,33,2771,30.8,0,3,3,0,0,0,10,1,0.0,0.1,0.1,0.0,0.1,big5_club
URU,FW,19,2005,2,0,33,0.4,0,0,0,0,0,0,0,0,0.0,0.0,0.0,0.0,0.0,big5_club
ITA,DF,26,1998,12,9,859,9.5,0,1,1,0,0,0,5,0,0.0,0.1,0.1,0.0,0.1,big5_club
ITA,"MF,DF",29,1995,20,17,1430,15.9,0,2,2,0,0,0,3,0,0.0,0.13,0.13,0.0,0.13,big5_club
ITA,"DF,MF",26,1999,3,0,54,0.6,0,0,0,0,0,0,0,0,0.0,0.0,0.0,0.0,0.0,big5_club
ITA,FW,31,1993,8,3,221,2.5,2,0,2,1,1,1,0,0,0.81,0.0,0.81,0.41,0.41,big5_club
ITA,GK,23,2001,38,38,3420,38.0,0,0,0,0,0,0,2,0,0.0,0.0,0.0,0.0,0.0,big5_club
ITA,"DF,MF",25,1999,31,18,1597,17.7,0,3,3,0,0,0,2,0,0.0,0.17,0.17,0.0,0.17,big5_club
ITA,FW,25,2000,27,13,1275,14.2,5,1,6,5,0,0,4,0,0.35,0.07,0.42,0.35,0.42,big5_club
ITA,"MF,FW",25,2000,33,21,1912,21.2,2,4,6,2,0,0,4,0,0.09,0.19,0.28,0.09,0.28,big5_club
GHA,MF,22,2003,16,7,860,9.6,1,0,1,1,0,0,2,0,0.1,0.0,0.1,0.1,0.1,big5_club
ZAM,MF,19,2006,4,4,264,2.9,0,0,0,0,0,0,0,0,0.0,0.0,0.0,0.0,0.0,big5_club
URU,DF,20,2005,17,16,1310,14.6,1,0,1,1,0,0,3,0,0.07,0.0,0.07,0.07,0.07,big5_club
ITA,FW,36,1988,13,1,227,2.5,1,1,2,1,0,0,1,0,0.4,0.4,0.79,0.4,0.79,big5_club
ITA,MF,29,1995,18,9,767,8.5,2,2,4,2,0,0,3,0,0.23,0.23,0.47,0.23,0.47,big5_club
ITA,"MF,DF",20,2005,37,34,3081,34.2,1,4,5,1,0,0,3,0,0.03,0.12,0.15,0.03,0.15,big5_club
ITA,MF,21,2003,20,15,1268,14.1,1,0,1,1,0,0,4,0,0.07,0.0,0.07,0.07,0.07,big5_club
ITA,MF,24,2001,12,4,412,4.6,2,1,3,2,0,0,3,0,0.44,0.22,0.66,0.44,0.66,big5_club
ITA,"MF,FW",27,1998,27,24,1999,22.2,2,0,2,2,0,0,3,0,0.09,0.0,0.09,0.09,0.09,big5_club
FRA,MF,25,2000,38,33,3050,33.9,1,2,3,1,0,0,4,0,0.03,0.06,0.09,0.03,0.09,big5_club
ITA,MF,22,2003,4,0,44,0.5,0,0,0,0,0,0,0,0,0.0,0.0,0.0,0.0,0.0,big5_club
NED,DF,19,2006,1,0,7,0.1,0,0,0,0,0,0,0,0,0.0,0.0,0.0,0.0,0.0,big5_club
SEN,FW,18,2007,9,3,335,3.7,2,0,2,2,0,0,1,0,0.54,0.0,0.54,0.54,0.54,big5_club
ITA,"MF,DF",20,2005,23,4,783,8.7,2,0,2,2,0,0,3,0,0.23,0.0,0.23,0.23,0.23,big5_club
ITA,"FW,MF",23,2002,36,34,2675,29.7,7,5,12,6,1,1,6,0,0.24,0.17,0.4,0.2,0.37,big5_club
ITA,DF,28,1996,19,19,1706,19.0,1,0,1,1,0,0,3,0,0.05,0.0,0.05,0.05,0.05,big5_club
TUR,FW,19,2005,22,11,975,10.8,4,0,4,4,0,0,1,0,0.37,0.0,0.37,0.37,0.37,big5_club
,FW,,,8,0,91,1.0,1,0,1,1,0,0,0,0,0.99,0.0,0.99,0.99,0.99,big5_club
COL,DF,30,1994,26,26,2150,23.9,2,0,2,2,0,0,5,1,0.08,0.0,0.08,0.08,0.08,big5_club
ANG,"MF,FW",23,2002,12,2,329,3.7,0,0,0,0,0,0,0,0,0.0,0.0,0.0,0.0,0.0,big5_club
POR,DF,28,1997,23,20,1699,18.9,0,1,1,0,0,0,6,0,0.0,0.05,0.05,0.0,0.05,big5_club
ESP,DF,33,1992,19,13,1233,13.7,2,1,3,2,0,0,4,0,0.15,0.07,0.22,0.15,0.22,big5_club
GRE,FW,25,1999,38,25,2273,25.3,14,1,15,13,1,1,0,0,0.55,0.04,0.59,0.51,0.55,big5_club
FRA,MF,19,2006,1,0,1,0.0,0,0,0,0,0,0,0,0,0.0,0.0,0.0,0.0,0.0,big5_club
SEN,MF,19,2005,17,13,1075,11.9,2,1,3,2,0,0,2,0,0.17,0.08,0.25,0.17,0.25,big5_club
BRA,DF,32,1993,27,21,1949,21.7,1,0,1,1,0,0,8,0,0.05,0.0,0.05,0.05,0.05,big5_club
ITA,DF,31,1993,2,0,15,0.2,0,0,0,0,0,0,0,0,0.0,0.0,0.0,0.0,0.0,big5_club
BEL,DF,23,2002,20,11,931,10.3,0,1,1,0,0,0,2,0,0.0,0.1,0.1,0.0,0.1,big5_club
CRO,DF,24,2000,28,19,1662,18.5,0,1,1,0,0,0,8,0,0.0,0.05,0.05,0.0,0.05,big5_club
ESP,DF,20,2005,32,30,2742,30.5,2,0,2,2,0,0,11,1,0.07,0.0,0.07,0.07,0.07,big5_club
NED,MF,19,2005,12,7,686,7.6,3,0,3,3,0,0,4,0,0.39,0.0,0.39,0.39,0.39,big5_club
FRA,GK,30,1995,38,38,3420,38.0,0,1,1,0,0,0,3,0,0.0,0.03,0.03,0.0,0.03,big5_club
ESP,MF,19,2005,31,18,1731,19.2,2,9,11,2,0,0,3,1,0.1,0.47,0.57,0.1,0.57,big5_club
FRA,MF,24,2001,36,31,2739,30.4,6,4,10,2,4,4,4,0,0.2,0.13,0.33,0.07,0.2,big5_club
GER,DF,30,1995,34,27,2326,25.8,4,1,5,4,0,0,3,0,0.15,0.04,0.19,0.15,0.19,big5_club
CRO,"MF,FW",22,2003,29,17,1569,17.4,6,3,9,6,0,0,0,0,0.34,0.17,0.52,0.34,0.52,big5_club
FRA,MF,25,2000,30,17,1485,16.5,2,6,8,2,0,0,3,0,0.12,0.36,0.48,0.12,0.48,big5_club
ARG,MF,22,2003,36,33,2742,30.5,3,4,7,3,0,0,8,0,0.1,0.13,0.23,0.1,0.23,big5_club
KVX,"MF,DF",30,1995,30,19,1591,17.7,2,2,4,2,0,0,2,0,0.11,0.11,0.23,0.11,0.23,big5_club
GER,MF,25,2000,23,6,665,7.4,1,1,2,1,0,0,0,0,0.14,0.14,0.27,0.14,0.27,big5_club
ARG,MF,20,2004,35,33,2878,32.0,12,6,18,12,0,2,5,0,0.38,0.19,0.56,0.38,0.56,big5_club
ESP,MF,33,1992,20,5,544,6.0,0,0,0,0,0,0,3,0,0.0,0.0,0.0,0.0,0.0,big5_club
AUT,DF,28,1997,14,3,393,4.4,1,0,1,1,0,0,1,0,0.23,0.0,0.23,0.23,0.23,big5_club
ESP,DF,21,2004,28,23,2026,22.5,1,4,5,1,0,0,3,0,0.04,0.18,0.22,0.04,0.22,big5_club
ESP,FW,32,1992,26,9,930,10.3,0,1,1,0,0,1,4,1,0.0,0.1,0.1,0.0,0.1,big5_club
ITA,MF,30,1995,30,18,1753,19.5,0,0,0,0,0,0,4,1,0.0,0.0,0.0,0.0,0.0,big5_club
ITA,MF,26,1999,32,17,1646,18.3,0,3,3,0,0,0,1,0,0.0,0.16,0.16,0.0,0.16,big5_club
PAR,FW,29,1996,25,10,945,10.5,1,1,2,1,0,0,2,0,0.1,0.1,0.19,0.1,0.19,big5_club
GEO,MF,20,2005,1,0,29,0.3,0,0,0,0,0,0,0,0,0.0,0.0,0.0,0.0,0.0,big5_club
NGA,"FW,MF",27,1997,10,3,403,4.5,2,0,2,2,0,0,0,1,0.45,0.0,0.45,0.45,0.45,big5_club
NOR,"MF,FW",27,1998,11,5,390,4.3,1,1,2,1,0,0,0,0,0.23,0.23,0.46,0.23,0.46,big5_club
IDN,GK,28,1997,34,34,3060,34.0,0,0,0,0,0,0,0,0,0.0,0.0,0.0,0.0,0.0,big5_club
CMR,FW,25,2000,5,0,93,1.0,0,0,0,0,0,0,0,0,0.0,0.0,0.0,0.0,0.0,big5_club
ITA,DF,28,1996,29,29,2540,28.2,2,0,2,2,0,0,2,0,0.07,0.0,0.07,0.07,0.07,big5_club
ITA,FW,28,1997,35,31,2510,27.9,10,1,11,7,3,3,4,0,0.36,0.04,0.39,0.25,0.29,big5_club
ITA,DF,33,1992,9,6,476,5.3,0,1,1,0,0,0,1,1,0.0,0.19,0.19,0.0,0.19,big5_club
ITA,DF,22,2003,36,33,3011,33.5,2,0,2,2,0,0,6,0,0.06,0.0,0.06,0.06,0.06,big5_club
ITA,DF,23,2002,18,7,722,8.0,1,0,1,1,0,0,1,0,0.12,0.0,0.12,0.12,0.12,big5_club
ARG,"FW,MF",36,1989,15,4,524,5.8,1,1,2,1,0,0,1,0,0.17,0.17,0.34,0.17,0.34,big5_club
ITA,"MF,DF",27,1997,31,30,2585,28.7,0,1,1,0,0,0,8,1,0.0,0.03,0.03,0.0,0.03,big5_club
ENG,FW,38,1987,29,24,2105,23.4,7,2,9,7,0,0,5,0,0.3,0.09,0.38,0.3,0.38,big5_club
BEL,MF,29,1996,32,23,1944,21.6,1,5,6,1,0,0,3,0,0.05,0.23,0.28,0.05,0.28,big5_club
ECU,MF,23,2002,7,0,142,1.6,0,0,0,0,0,0,0,0,0.0,0.0,0.0,0.0,0.0,big5_club
ITA,FW,27,1998,2,0,16,0.2,1,0,1,0,1,1,0,0,5.63,0.0,5.63,0.0,0.0,big5_club
ITA,GK,34,1991,4,4,360,4.0,0,0,0,0,0,0,0,0,0.0,0.0,0.0,0.0,0.0,big5_club
ARG,MF,26,1998,25,16,1457,16.2,1,0,1,1,0,0,8,0,0.06,0.0,0.06,0.06,0.06,big5_club
ITA,DF,32,1993,27,25,2192,24.4,0,2,2,0,0,0,4,0,0.0,0.08,0.08,0.0,0.08,big5_club
ITA,MF,25,1999,8,5,362,4.0,0,0,0,0,0,0,1,0,0.0,0.0,0.0,0.0,0.0,big5_club
SEN,"MF,DF",21,2004,8,2,254,2.8,0,0,0,0,0,0,1,0,0.0,0.0,0.0,0.0,0.0,big5_club
BIH,FW,35,1990,11,3,386,4.3,0,1,1,0,0,0,1,1,0.0,0.23,0.23,0.0,0.23,big5_club
NOR,MF,29,1996,11,8,643,7.1,1,0,1,1,0,0,2,0,0.14,0.0,0.14,0.14,0.14,big5_club
ITA,MF,22,2003,28,12,1168,13.0,0,1,1,0,0,0,2,0,0.0,0.08,0.08,0.0,0.08,big5_club
ITA,DF,28,1996,15,15,1307,14.5,0,1,1,0,0,0,1,0,0.0,0.07,0.07,0.0,0.07,big5_club
ITA,MF,19,2006,1,0,6,0.1,0,0,0,0,0,0,0,0,0.0,0.0,0.0,0.0,0.0,big5_club
ITA,MF,22,2002,29,18,1707,19.0,0,1,1,0,0,0,8,0,0.0,0.05,0.05,0.0,0.05,big5_club
FRA,MF,21,2003,27,22,1762,19.6,0,0,0,0,0,0,5,0,0.0,0.0,0.0,0.0,0.0,big5_club
MAR,MF,26,1998,14,14,1100,12.2,1,0,1,1,0,0,2,1,0.08,0.0,0.08,0.08,0.08,big5_club
MAR,MF,28,1996,1,0,27,0.3,0,0,0,0,0,0,0,0,0.0,0.0,0.0,0.0,0.0,big5_club
ISL,"FW,MF",28,1997,33,27,2250,25.0,5,4,9,2,3,3,4,1,0.2,0.16,0.36,0.08,0.24,big5_club
MAR,MF,23,2002,2,0,42,0.5,0,0,0,0,0,0,0,0,0.0,0.0,0.0,0.0,0.0,big5_club
ITA,MF,21,2004,33,20,1876,20.8,3,0,3,3,0,0,2,0,0.14,0.0,0.14,0.14,0.14,big5_club
CIV,"FW,MF",27,1997,2,0,27,0.3,0,0,0,0,0,0,0,0,0.0,0.0,0.0,0.0,0.0,big5_club
ITA,DF,31,1994,6,4,327,3.6,0,0,0,0,0,0,2,0,0.0,0.0,0.0,0.0,0.0,big5_club
ESP,GK,34,1990,37,37,3330,37.0,0,0,0,0,0,0,0,0,0.0,0.0,0.0,0.0,0.0,big5_club
BRA,"DF,MF",26,1998,36,36,3134,34.8,1,2,3,1,0,0,7,0,0.03,0.06,0.09,0.03,0.09,big5_club
CIV,DF,19,2006,3,0,72,0.8,0,0,0,0,0,0,0,0,0.0,0.0,0.0,0.0,0.0,big5_club
BIH,FW,39,1986,11,2,244,2.7,0,0,0,0,0,0,1,0,0.0,0.0,0.0,0.0,0.0,big5_club
ITA,"MF,FW",24,2000,23,18,1520,16.9,1,1,2,1,0,0,6,0,0.06,0.06,0.12,0.06,0.12,big5_club
ITA,MF,22,2003,15,4,468,5.2,0,0,0,0,0,0,2,0,0.0,0.0,0.0,0.0,0.0,big5_club
ITA,MF,25,2000,11,7,585,6.5,0,1,1,0,0,0,4,0,0.0,0.15,0.15,0.0,0.15,big5_club
ENG,"FW,MF",28,1996,15,10,981,10.9,1,3,4,1,0,0,1,0,0.09,0.28,0.37,0.09,0.37,big5_club
ITA,"MF,FW",22,2003,20,5,584,6.5,0,0,0,0,0,0,2,0,0.0,0.0,0.0,0.0,0.0,big5_club
ITA,GK,30,1995,1,0,4,0.0,0,0,0,0,0,0,0,0,0.0,0.0,0.0,0.0,0.0,big5_club
ITA,DF,26,1999,34,29,2458,27.3,1,0,1,1,0,0,8,1,0.04,0.0,0.04,0.04,0.04,big5_club
VEN,DF,19,2006,6,1,212,2.4,0,0,0,0,0,0,0,0,0.0,0.0,0.0,0.0,0.0,big5_club
ISR,"FW,MF",26,1999,16,9,890,9.9,2,1,3,2,0,0,1,0,0.2,0.1,0.3,0.2,0.3,big5_club
ITA,MF,25,2000,17,10,862,9.6,1,1,2,1,0,0,1,0,0.1,0.1,0.21,0.1,0.21,big5_club
CRO,DF,27,1997,35,33,2918,32.4,0,0,0,0,0,0,12,0,0.0,0.0,0.0,0.0,0.0,big5_club
ITA,"MF,DF",23,2002,10,2,265,2.9,0,0,0,0,0,0,3,1,0.0,0.0,0.0,0.0,0.0,big5_club
ITA,FW,25,2000,26,23,2036,22.6,8,1,9,6,2,2,4,0,0.35,0.04,0.4,0.27,0.31,big5_club
ITA,MF,19,2006,16,2,541,6.0,0,0,0,0,0,0,0,0,0.0,0.0,0.0,0.0,0.0,big5_club
ITA,MF,24,2001,33,30,2554,28.4,2,3,5,2,0,0,5,0,0.07,0.11,0.18,0.07,0.18,big5_club
DEN,GK,26,1999,1,1,86,1.0,0,0,0,0,0,0,0,0,0.0,0.0,0.0,0.0,0.0,big5_club
ESP,DF,31,1993,11,9,808,9.0,0,0,0,0,0,0,3,0,0.0,0.0,0.0,0.0,0.0,big5_club
ITA,DF,20,2005,27,18,1696,18.8,1,0,1,1,0,0,2,0,0.05,0.0,0.05,0.05,0.05,big5_club
ITA,FW,18,2006,2,1,105,1.2,0,0,0,0,0,0,0,0,0.0,0.0,0.0,0.0,0.0,big5_club
ITA,FW,24,2001,32,16,1672,18.6,4,1,5,4,0,0,1,0,0.22,0.05,0.27,0.22,0.27,big5_club
GER,"DF,MF",31,1994,26,24,1881,20.9,3,1,4,3,0,0,2,0,0.14,0.05,0.19,0.14,0.19,big5_club
ITA,MF,28,1997,34,30,2421,26.9,7,3,10,6,1,1,7,0,0.26,0.11,0.37,0.22,0.33,big5_club
SUI,MF,24,2001,16,9,708,7.9,0,1,1,0,0,0,2,0,0.0,0.13,0.13,0.0,0.13,big5_club
GHA,MF,24,2000,2,1,25,0.3,0,0,0,0,0,0,0,0,0.0,0.0,0.0,0.0,0.0,big5_club
ESP,"MF,DF",28,1997,33,26,2156,24.0,1,5,6,1,0,1,2,0,0.04,0.21,0.25,0.04,0.25,big5_club
DEN,MF,24,2001,4,1,103,1.1,0,0,0,0,0,0,1,0,0.0,0.0,0.0,0.0,0.0,big5_club
ITA,DF,22,2002,32,29,2597,28.9,0,2,2,0,0,0,4,0,0.0,0.07,0.07,0.0,0.07,big5_club
BRA,MF,20,2005,11,6,552,6.1,0,0,0,0,0,0,1,0,0.0,0.0,0.0,0.0,0.0,big5_club
ENG,"MF,DF",21,2004,27,25,2212,24.6,2,1,3,2,0,0,5,1,0.08,0.04,0.12,0.08,0.12,big5_club
GHA,"FW,MF",31,1994,31,6,994,11.0,4,1,5,4,0,0,0,0,0.36,0.09,0.45,0.36,0.45,big5_club
ITA,GK,28,1997,2,1,176,2.0,0,0,0,0,0,0,0,0,0.0,0.0,0.0,0.0,0.0,big5_club
ITA,MF,18,2006,1,0,8,0.1,0,0,0,0,0,0,0,0,0.0,0.0,0.0,0.0,0.0,big5_club
FRA,FW,19,2006,1,0,8,0.1,0,0,0,0,0,0,0,0,0.0,0.0,0.0,0.0,0.0,big5_club
ITA,MF,18,2006,1,0,22,0.2,0,0,0,0,0,0,0,0,0.0,0.0,0.0,0.0,0.0,big5_club
CMR,MF,25,2000,3,0,45,0.5,0,0,0,0,0,0,0,0,0.0,0.0,0.0,0.0,0.0,big5_club
ITA,"FW,MF",18,2006,30,9,956,10.6,3,0,3,3,0,0,3,0,0.28,0.0,0.28,0.28,0.28,big5_club
MEX,DF,26,1998,36,36,3215,35.7,1,0,1,1,0,0,2,0,0.03,0.0,0.03,0.03,0.03,big5_club
ALB,FW,17,2007,1,0,2,0.0,0,0,0,0,0,0,0,0,0.0,0.0,0.0,0.0,0.0,big5_club
BRA,MF,34,1991,20,5,685,7.6,3,1,4,2,1,1,1,0,0.39,0.13,0.53,0.26,0.39,big5_club
NED,GK,27,1998,16,16,1395,15.5,0,0,0,0,0,0,1,0,0.0,0.0,0.0,0.0,0.0,big5_club
BFA,DF,17,2007,2,0,51,0.6,0,0,0,0,0,0,0,0,0.0,0.0,0.0,0.0,0.0,big5_club
NOR,DF,25,1999,30,30,2622,29.1,5,1,6,5,0,0,7,0,0.17,0.03,0.21,0.17,0.21,big5_club
ITA,FW,23,2002,38,30,2326,25.8,7,1,8,6,1,2,2,0,0.27,0.04,0.31,0.23,0.27,big5_club
ITA,FW,19,2006,2,0,40,0.4,0,0,0,0,0,0,0,0,0.0,0.0,0.0,0.0,0.0,big5_club
FRA,DF,18,2007,1,0,9,0.1,0,0,0,0,0,0,0,0,0.0,0.0,0.0,0.0,0.0,big5_club
CIV,MF,28,1996,8,1,118,1.3,0,0,0,0,0,1,0,0,0.0,0.0,0.0,0.0,0.0,big5_club
ISL,MF,23,2002,36,31,2767,30.7,1,1,2,1,0,0,1,1,0.03,0.03,0.07,0.03,0.07,big5_club
DEN,MF,24,2001,36,35,3081,34.2,1,0,1,1,0,0,5,0,0.03,0.0,0.03,0.03,0.03,big5_club
NOR,MF,29,1996,13,8,731,8.1,2,1,3,2,0,0,2,0,0.25,0.12,0.37,0.25,0.37,big5_club
ITA,GK,32,1993,22,21,1847,20.5,0,0,0,0,0,0,2,1,0.0,0.0,0.0,0.0,0.0,big5_club
ROU,MF,32,1993,4,2,180,2.0,0,0,0,0,0,1,0,0,0.0,0.0,0.0,0.0,0.0,big5_club
SWE,DF,20,2005,3,2,181,2.0,0,0,0,0,0,0,0,0,0.0,0.0,0.0,0.0,0.0,big5_club
ITA,MF,24,2001,28,13,1413,15.7,0,1,1,0,0,0,5,0,0.0,0.06,0.06,0.0,0.06,big5_club
UKR,MF,32,1993,34,28,2235,24.8,6,3,9,3,3,3,10,0,0.24,0.12,0.36,0.12,0.24,big5_club
DEN,DF,21,2004,13,9,829,9.2,0,0,0,0,0,0,1,0,0.0,0.0,0.0,0.0,0.0,big5_club
ITA,FW,19,2006,1,0,32,0.4,0,0,0,0,0,0,0,0,0.0,0.0,0.0,0.0,0.0,big5_club
ITA,"MF,DF",32,1993,16,12,913,10.1,0,0,0,0,0,0,0,0,0.0,0.0,0.0,0.0,0.0,big5_club
ITA,MF,22,2003,8,5,399,4.4,0,2,2,0,0,0,0,0,0.0,0.45,0.45,0.0,0.45,big5_club
ARG,MF,20,2005,12,3,359,4.0,0,0,0,0,0,0,2,0,0.0,0.0,0.0,0.0,0.0,big5_club
POR,"FW,MF",25,2000,35,28,2226,24.7,5,1,6,5,0,0,5,0,0.2,0.04,0.24,0.2,0.24,big5_club
NED,MF,27,1998,23,11,907,10.1,1,0,1,0,1,1,3,0,0.1,0.0,0.1,0.0,0.0,big5_club
LBY,MF,29,1996,18,8,844,9.4,0,1,1,0,0,0,6,1,0.0,0.11,0.11,0.0,0.11,big5_club
SWE,"FW,MF",24,2001,34,9,1102,12.2,0,1,1,0,0,0,2,1,0.0,0.08,0.08,0.0,0.08,big5_club
FRO,DF,24,2000,15,15,1319,14.7,0,0,0,0,0,0,3,0,0.0,0.0,0.0,0.0,0.0,big5_club
FRA,MF,26,1999,32,29,2301,25.6,1,2,3,1,0,0,2,0,0.04,0.08,0.12,0.04,0.12,big5_club
GER,DF,23,2001,19,14,1347,15.0,0,0,0,0,0,0,3,0,0.0,0.0,0.0,0.0,0.0,big5_club
SEN,MF,25,2000,19,11,970,10.8,0,1,1,0,0,0,1,0,0.0,0.09,0.09,0.0,0.09,big5_club
COL,FW,25,1999,22,5,597,6.6,0,2,2,0,0,0,1,0,0.0,0.3,0.3,0.0,0.3,big5_club
ENG,"MF,DF",22,2003,15,8,594,6.6,0,0,0,0,0,0,2,0,0.0,0.0,0.0,0.0,0.0,big5_club
CRO,MF,25,1999,29,23,1966,21.8,0,1,1,0,0,0,2,0,0.0,0.05,0.05,0.0,0.05,big5_club
CMR,DF,26,1999,4,3,214,2.4,0,0,0,0,0,0,1,0,0.0,0.0,0.0,0.0,0.0,big5_club
GAM,MF,19,2006,6,3,228,2.5,0,0,0,0,0,0,0,0,0.0,0.0,0.0,0.0,0.0,big5_club
NGA,FW,23,2002,28,23,2027,22.5,7,2,9,5,2,2,4,1,0.31,0.09,0.4,0.22,0.31,big5_club
BRA,"FW,MF",21,2003,21,19,1533,17.0,3,4,7,3,0,0,2,0,0.18,0.23,0.41,0.18,0.41,big5_club
CYP,MF,27,1998,6,0,44,0.5,0,0,0,0,0,0,0,0,0.0,0.0,0.0,0.0,0.0,big5_club
ROU,FW,18,2006,6,0,80,0.9,0,0,0,0,0,0,0,0,0.0,0.0,0.0,0.0,0.0,big5_club
BRA,FW,21,2004,3,0,40,0.4,0,0,0,0,0,0,0,0,0.0,0.0,0.0,0.0,0.0,big5_club
CIV,MF,32,1992,22,17,1504,16.7,1,0,1,1,0,0,9,0,0.06,0.0,0.06,0.06,0.06,big5_club
CIV,FW,20,2004,1,0,1,0.0,0,0,0,0,0,0,0,0,0.0,0.0,0.0,0.0,0.0,big5_club
SCO,FW,22,2002,14,14,1200,13.3,4,0,4,4,0,0,1,0,0.3,0.0,0.3,0.3,0.3,big5_club
ITA,GK,29,1996,35,35,3150,35.0,0,1,1,0,0,0,0,0,0.0,0.03,0.03,0.0,0.03,big5_club
DEN,"MF,DF",27,1998,31,27,2408,26.8,2,0,2,2,0,0,8,0,0.07,0.0,0.07,0.07,0.07,big5_club
ARG,DF,24,2001,21,15,1409,15.7,0,0,0,0,0,0,8,1,0.0,0.0,0.0,0.0,0.0,big5_club
ESP,MF,27,1997,6,3,305,3.4,0,0,0,0,0,0,1,0,0.0,0.0,0.0,0.0,0.0,big5_club
ALG,MF,23,2002,26,22,1920,21.3,2,0,2,2,0,0,6,0,0.09,0.0,0.09,0.09,0.09,big5_club
ITA,MF,31,1994,29,25,2272,25.2,1,0,1,1,0,0,9,0,0.04,0.0,0.04,0.04,0.04,big5_club
SVN,MF,27,1998,7,3,309,3.4,0,0,0,0,0,0,1,0,0.0,0.0,0.0,0.0,0.0,big5_club
ITA,GK,30,1995,3,3,270,3.0,0,0,0,0,0,0,0,0,0.0,0.0,0.0,0.0,0.0,big5_club
GER,MF,28,1997,20,12,1108,12.3,2,0,2,2,0,0,3,0,0.16,0.0,0.16,0.16,0.16,big5_club
DEN,DF,19,2006,8,4,446,5.0,0,0,0,0,0,0,0,0,0.0,0.0,0.0,0.0,0.0,big5_club
SVK,FW,23,2002,11,5,446,5.0,0,0,0,0,0,0,1,1,0.0,0.0,0.0,0.0,0.0,big5_club
ESP,DF,28,1997,17,15,1265,14.1,0,0,0,0,0,0,6,0,0.0,0.0,0.0,0.0,0.0,big5_club
DEN,DF,26,1998,38,37,3315,36.8,0,0,0,0,0,0,4,0,0.0,0.0,0.0,0.0,0.0,big5_club
ESP,MF,21,2004,2,0,6,0.1,0,0,0,0,0,0,0,0,0.0,0.0,0.0,0.0,0.0,big5_club
ITA,DF,26,1999,28,28,2239,24.9,1,4,5,1,0,0,6,0,0.04,0.16,0.2,0.04,0.2,big5_club
FRA,MF,22,2003,19,4,493,5.5,1,0,1,1,0,0,1,0,0.18,0.0,0.18,0.18,0.18,big5_club
FRA,FW,21,2003,33,10,1142,12.7,5,4,9,5,0,0,1,0,0.39,0.32,0.71,0.39,0.71,big5_club
FRA,DF,29,1996,1,1,90,1.0,0,0,0,0,0,0,0,0,0.0,0.0,0.0,0.0,0.0,big5_club
BRA,"MF,DF",26,1999,34,18,1763,19.6,1,1,2,1,0,0,6,0,0.05,0.05,0.1,0.05,0.1,big5_club
ITA,MF,25,1999,22,3,569,6.3,0,0,0,0,0,0,0,0,0.0,0.0,0.0,0.0,0.0,big5_club
NED,MF,29,1996,20,15,1325,14.7,3,1,4,3,0,0,2,0,0.2,0.07,0.27,0.2,0.27,big5_club
ITA,MF,27,1997,35,30,2698,30.0,7,16,23,7,0,0,3,0,0.23,0.53,0.77,0.23,0.77,big5_club
ITA,DF,37,1988,18,15,1378,15.3,0,1,1,0,0,0,3,0,0.0,0.07,0.07,0.0,0.07,big5_club
ITA,FW,20,2005,35,15,1571,17.5,7,3,10,7,0,0,1,0,0.4,0.17,0.57,0.4,0.57,big5_club
TUR,MF,31,1994,22,20,1639,18.2,9,4,13,5,4,5,7,0,0.49,0.22,0.71,0.27,0.49,big5_club
ARM,MF,36,1989,30,16,1560,17.3,4,1,5,4,0,0,5,0,0.23,0.06,0.29,0.23,0.29,big5_club
ESP,GK,27,1998,5,5,450,5.0,0,0,0,0,0,0,0,0,0.0,0.0,0.0,0.0,0.0,big5_club
ARG,FW,27,1997,30,27,2159,24.0,17,6,23,17,0,0,4,0,0.71,0.25,0.96,0.71,0.96,big5_club
BRA,MF,23,2001,30,18,1624,18.0,1,2,3,1,0,0,1,0,0.06,0.11,0.17,0.06,0.17,big5_club
SVN,MF,19,2006,1,0,10,0.1,0,1,1,0,0,0,0,0,0.0,9.0,9.0,0.0,9.0,big5_club
SUI,DF,30,1995,33,31,2821,31.3,2,0,2,2,0,0,4,0,0.06,0.0,0.06,0.06,0.06,big5_club
FRA,FW,27,1997,29,24,1900,21.1,13,6,19,13,0,0,2,0,0.62,0.28,0.9,0.62,0.9,big5_club
ITA,DF,18,2007,1,0,17,0.2,0,0,0,0,0,0,0,0,0.0,0.0,0.0,0.0,0.0,big5_club
ITA,"MF,DF",35,1989,6,2,248,2.8,0,0,0,0,0,0,0,0,0.0,0.0,0.0,0.0,0.0,big5_club
ITA,FW,18,2006,1,0,8,0.1,0,0,0,0,0,0,0,0,0.0,0.0,0.0,0.0,0.0,big5_club
ITA,FW,18,2007,2,0,27,0.3,0,0,0,0,0,0,0,0,0.0,0.0,0.0,0.0,0.0,big5_club
ITA,MF,28,1997,34,31,2517,28.0,3,8,11,3,0,0,7,0,0.11,0.29,0.39,0.11,0.39,big5_club
CRO,MF,21,2003,34,21,1765,19.6,2,2,4,2,0,0,5,0,0.1,0.1,0.2,0.1,0.2,big5_club
POL,MF,31,1994,34,22,2045,22.7,6,3,9,5,1,1,3,0,0.26,0.13,0.4,0.22,0.35,big5_club
ITA,GK,31,1993,1,0,10,0.1,0,0,0,0,0,0,0,0,0.0,0.0,0.0,0.0,0.0,big5_club
NED,DF,33,1992,11,8,670,7.4,0,0,0,0,0,0,1,0,0.0,0.0,0.0,0.0,0.0,big5_club
GER,DF,24,2000,23,21,1922,21.4,3,1,4,3,0,0,2,0,0.14,0.05,0.19,0.14,0.19,big5_club
SUI,GK,36,1988,33,33,2960,32.9,0,0,0,0,0,0,0,0,0.0,0.0,0.0,0.0,0.0,big5_club
ITA,"MF,DF",25,2000,36,35,2769,30.8,3,4,7,3,0,0,3,1,0.1,0.13,0.23,0.1,0.23,big5_club
POL,FW,31,1994,2,0,36,0.4,0,0,0,0,0,0,0,0,0.0,0.0,0.0,0.0,0.0,big5_club
ITA,DF,31,1994,6,3,250,2.8,0,0,0,0,0,0,0,0,0.0,0.0,0.0,0.0,0.0,big5_club
SRB,FW,25,2000,19,11,968,10.8,7,1,8,6,1,1,0,0,0.65,0.09,0.74,0.56,0.65,big5_club
KVX,MF,26,1999,19,0,382,4.2,0,0,0,0,0,0,1,0,0.0,0.0,0.0,0.0,0.0,big5_club
SWE,MF,25,2000,7,2,230,2.6,0,0,0,0,0,0,0,0,0.0,0.0,0.0,0.0,0.0,big5_club
ITA,MF,21,2003,23,5,617,6.9,1,2,3,1,0,0,1,0,0.15,0.29,0.44,0.15,0.44,big5_club
ITA,DF,27,1998,21,12,1093,12.1,2,0,2,2,0,0,3,0,0.16,0.0,0.16,0.16,0.16,big5_club
SRB,MF,32,1992,18,4,479,5.3,3,1,4,3,0,0,1,0,0.56,0.19,0.75,0.56,0.75,big5_club
POR,"MF,FW",22,2002,31,27,2078,23.1,3,5,8,3,0,0,3,0,0.13,0.22,0.35,0.13,0.35,big5_club
BRA,DF,28,1997,26,25,2171,24.1,4,3,7,4,0,0,5,0,0.17,0.12,0.29,0.17,0.29,big5_club
CIV,"MF,FW",28,1997,15,6,679,7.5,4,0,4,4,0,0,1,0,0.53,0.0,0.53,0.53,0.53,big5_club
CAN,FW,25,2000,35,20,1781,19.8,6,4,10,6,0,1,0,0,0.3,0.2,0.51,0.3,0.51,big5_club
POR,MF,25,2000,10,2,258,2.9,0,0,0,0,0,0,1,0,0.0,0.0,0.0,0.0,0.0,big5_club
COL,MF,24,2001,12,2,296,3.3,2,0,2,2,0,0,1,0,0.61,0.0,0.61,0.61,0.61,big5_club
TUR,"MF,FW",20,2005,36,33,2825,31.4,10,6,16,9,1,2,2,0,0.32,0.19,0.51,0.29,0.48,big5_club
FRA,MF,24,2001,35,30,2442,27.1,3,3,6,3,0,0,2,0,0.11,0.11,0.22,0.11,0.22,big5_club
ENG,DF,26,1998,35,33,2996,33.3,1,1,2,1,0,0,4,0,0.03,0.03,0.06,0.03,0.06,big5_club
BEL,"FW,MF",25,2000,24,6,666,7.4,1,0,1,1,0,0,0,0,0.14,0.0,0.14,0.14,0.14,big5_club
ITA,MF,27,1998,36,36,2994,33.3,1,2,3,1,0,1,9,0,0.03,0.06,0.09,0.03,0.09,big5_club
ITA,GK,32,1992,9,9,765,8.5,0,0,0,0,0,0,0,0,0.0,0.0,0.0,0.0,0.0,big5_club
ITA,GK,28,1997,30,29,2655,29.5,0,0,0,0,0,0,1,0,0.0,0.0,0.0,0.0,0.0,big5_club
ARG,"FW,MF",27,1998,2,0,19,0.2,0,0,0,0,0,0,0,0,0.0,0.0,0.0,0.0,0.0,big5_club
FRA,"DF,MF",25,2000,37,37,3281,36.5,2,4,6,2,0,0,4,1,0.05,0.11,0.16,0.05,0.16,big5_club
NED,"MF,DF",27,1998,33,18,1827,20.3,0,0,0,0,0,0,5,0,0.0,0.0,0.0,0.0,0.0,big5_club
MNE,MF,19,2006,10,1,171,1.9,1,0,1,1,0,0,0,0,0.53,0.0,0.53,0.53,0.53,big5_club
USA,MF,26,1998,36,32,2835,31.5,5,5,10,5,0,0,5,0,0.16,0.16,0.32,0.16,0.32,big5_club
MNE,DF,32,1992,33,32,2778,30.9,1,2,3,1,0,0,1,1,0.03,0.06,0.1,0.03,0.1,big5_club
POL,MF,18,2007,1,0,9,0.1,0,0,0,0,0,0,0,0,0.0,0.0,0.0,0.0,0.0,big5_club
ITA,GK,23,2002,2,2,180,2.0,0,0,0,0,0,0,0,0,0.0,0.0,0.0,0.0,0.0,big5_club
ITA,DF,30,1995,32,31,2666,29.6,0,0,0,0,0,0,6,1,0.0,0.0,0.0,0.0,0.0,big5_club
SEN,"FW,MF",28,1996,27,14,1253,13.9,1,2,3,1,0,0,1,0,0.07,0.14,0.22,0.07,0.22,big5_club
ITA,FW,23,2001,12,9,687,7.6,2,1,3,2,0,0,0,0,0.26,0.13,0.39,0.26,0.39,big5_club
ITA,MF,30,1994,27,24,1985,22.1,3,3,6,1,2,2,6,0,0.14,0.14,0.27,0.05,0.18,big5_club
ITA,GK,20,2005,9,9,810,9.0,0,0,0,0,0,0,1,0,0.0,0.0,0.0,0.0,0.0,big5_club
ALB,DF,31,1994,5,1,174,1.9,0,0,0,0,0,0,0,0,0.0,0.0,0.0,0.0,0.0,big5_club
NGA,MF,24,2001,24,11,1187,13.2,1,0,1,1,0,0,0,0,0.08,0.0,0.08,0.08,0.08,big5_club
DEN,FW,24,2001,30,18,1593,17.7,5,1,6,5,0,0,0,0,0.28,0.06,0.34,0.28,0.34,big5_club
ITA,GK,31,1994,27,27,2430,27.0,0,0,0,0,0,0,1,0,0.0,0.0,0.0,0.0,0.0,big5_club
NED,MF,23,2002,17,17,1394,15.5,3,2,5,3,0,0,5,0,0.19,0.13,0.32,0.19,0.32,big5_club
ITA,DF,26,1999,24,17,1469,16.3,1,0,1,1,0,0,8,0,0.06,0.0,0.06,0.06,0.06,big5_club
ITA,DF,31,1993,23,9,938,10.4,0,0,0,0,0,0,2,0,0.0,0.0,0.0,0.0,0.0,big5_club
ESP,DF,24,2000,31,31,2472,27.5,0,0,0,0,0,0,4,1,0.0,0.0,0.0,0.0,0.0,big5_club
ITA,FW,23,2002,30,21,1725,19.2,4,2,6,4,0,0,6,0,0.21,0.1,0.31,0.21,0.31,big5_club
ITA,FW,30,1995,26,26,2104,23.4,3,0,3,3,0,1,6,1,0.13,0.0,0.13,0.13,0.13,big5_club
FRA,MF,26,1999,16,16,1428,15.9,2,1,3,2,0,0,5,1,0.13,0.06,0.19,0.13,0.19,big5_club
URU,MF,33,1991,13,5,603,6.7,0,1,1,0,0,0,1,0,0.0,0.15,0.15,0.0,0.15,big5_club
ITA,MF,23,2001,11,6,512,5.7,0,1,1,0,0,0,2,1,0.0,0.18,0.18,0.0,0.18,big5_club
POR,DF,25,2000,23,17,1473,16.4,0,0,0,0,0,0,5,0,0.0,0.0,0.0,0.0,0.0,big5_club
DEN,DF,22,2003,26,13,1536,17.1,0,0,0,0,0,0,3,0,0.0,0.0,0.0,0.0,0.0,big5_club
ESP,"MF,DF",32,1993,14,6,667,7.4,0,0,0,0,0,0,2,0,0.0,0.0,0.0,0.0,0.0,big5_club
ESP,"FW,MF",38,1987,29,9,982,10.9,5,2,7,3,2,2,4,0,0.46,0.18,0.64,0.27,0.46,big5_club
SRB,FW,21,2003,8,2,233,2.6,0,0,0,0,0,0,0,0,0.0,0.0,0.0,0.0,0.0,big5_club
MAR,MF,21,2004,13,5,609,6.8,0,2,2,0,0,0,1,1,0.0,0.3,0.3,0.0,0.3,big5_club
NED,FW,26,1999,29,9,1148,12.8,4,2,6,4,0,0,6,1,0.31,0.16,0.47,0.31,0.47,big5_club
CRO,MF,28,1996,23,23,1735,19.3,2,3,5,2,0,0,0,1,0.1,0.16,0.26,0.1,0.26,big5_club
ARG,FW,26,1998,11,8,692,7.7,2,3,5,2,0,0,2,0,0.26,0.39,0.65,0.26,0.65,big5_club
ITA,DF,25,2000,37,34,3056,34.0,0,4,4,0,0,0,3,0,0.0,0.12,0.12,0.0,0.12,big5_club
FRA,MF,25,2000,3,0,27,0.3,0,0,0,0,0,0,0,0,0.0,0.0,0.0,0.0,0.0,big5_club
FRA,DF,22,2003,4,3,228,2.5,0,0,0,0,0,0,0,0,0.0,0.0,0.0,0.0,0.0,big5_club
IRL,DF,25,1999,14,6,543,6.0,0,0,0,0,0,0,0,0,0.0,0.0,0.0,0.0,0.0,big5_club
POR,DF,22,2002,36,33,3020,33.6,0,1,1,0,0,0,9,0,0.0,0.03,0.03,0.0,0.03,big5_club
ITA,FW,17,2008,21,7,687,7.6,1,0,1,1,0,1,1,0,0.13,0.0,0.13,0.13,0.13,big5_club
FRA,DF,25,2000,7,1,197,2.2,0,0,0,0,0,0,1,0,0.0,0.0,0.0,0.0,0.0,big5_club
GER,DF,23,2002,21,18,1701,18.9,1,0,1,1,0,0,3,0,0.05,0.0,0.05,0.05,0.05,big5_club
ANG,DF,27,1997,23,21,1830,20.3,0,0,0,0,0,0,6,1,0.0,0.0,0.0,0.0,0.0,big5_club
CIV,MF,24,2000,27,1,544,6.0,2,0,2,2,0,0,3,0,0.33,0.0,0.33,0.33,0.33,big5_club
ZAM,"MF,FW",24,2001,32,21,1752,19.5,5,4,9,5,0,0,6,1,0.26,0.21,0.46,0.26,0.46,big5_club
MLI,MF,29,1996,33,31,2689,29.9,3,1,4,3,0,0,4,0,0.1,0.03,0.13,0.1,0.13,big5_club
CHI,DF,20,2005,1,1,31,0.3,0,0,0,0,0,0,0,0,0.0,0.0,0.0,0.0,0.0,big5_club
ALB,MF,21,2003,13,12,871,9.7,2,3,5,2,0,0,0,0,0.21,0.31,0.52,0.21,0.52,big5_club
GUI,MF,23,2001,15,5,633,7.0,0,0,0,0,0,0,1,0,0.0,0.0,0.0,0.0,0.0,big5_club
SRB,FW,23,2001,34,20,1709,19.0,4,0,4,3,1,1,1,0,0.21,0.0,0.21,0.16,0.16,big5_club
NED,MF,20,2005,2,0,28,0.3,0,0,0,0,0,0,0,0,0.0,0.0,0.0,0.0,0.0,big5_club
ISR,"MF,FW",25,2000,19,10,975,10.8,2,1,3,2,0,0,0,0,0.18,0.09,0.28,0.18,0.28,big5_club
MTN,MF,21,2004,15,10,842,9.4,0,0,0,0,0,0,1,0,0.0,0.0,0.0,0.0,0.0,big5_club
ITA,"FW,MF",26,1999,21,13,1066,11.8,1,2,3,1,0,0,1,0,0.08,0.17,0.25,0.08,0.25,big5_club
TOG,MF,22,2003,5,1,84,0.9,0,0,0,0,0,0,0,0,0.0,0.0,0.0,0.0,0.0,big5_club
ARG,"MF,FW",24,2001,37,31,2597,28.9,1,2,3,1,0,0,4,0,0.03,0.07,0.1,0.03,0.1,big5_club
ESP,"FW,MF",28,1996,16,9,859,9.5,0,0,0,0,0,0,2,0,0.0,0.0,0.0,0.0,0.0,big5_club
POR,DF,20,2004,37,36,3219,35.8,2,0,2,2,0,0,7,0,0.06,0.0,0.06,0.06,0.06,big5_club
MAR,FW,27,1998,17,11,1000,11.1,3,1,4,3,0,0,2,0,0.27,0.09,0.36,0.27,0.36,big5_club
ITA,GK,30,1995,38,38,3420,38.0,0,0,0,0,0,0,2,0,0.0,0.0,0.0,0.0,0.0,big5_club
ALB,MF,29,1996,37,37,3203,35.6,1,0,1,1,0,0,10,0,0.03,0.0,0.03,0.03,0.03,big5_club
MAR,MF,26,1998,9,5,460,5.1,0,0,0,0,0,0,2,0,0.0,0.0,0.0,0.0,0.0,big5_club
ESP,MF,24,2001,9,2,167,1.9,0,1,1,0,0,0,0,0,0.0,0.54,0.54,0.0,0.54,big5_club
ISL,MF,24,2000,8,1,147,1.6,0,0,0,0,0,0,0,0,0.0,0.0,0.0,0.0,0.0,big5_club
FRA,MF,30,1995,29,28,2550,28.3,6,4,10,6,0,0,6,1,0.21,0.14,0.35,0.21,0.35,big5_club
BEL,MF,26,1999,35,33,2788,31.0,3,3,6,3,0,0,5,0,0.1,0.1,0.19,0.1,0.19,big5_club
SUI,MF,23,2002,14,7,701,7.8,0,1,1,0,0,0,0,0,0.0,0.13,0.13,0.0,0.13,big5_club
NED,FW,18,2006,2,0,5,0.1,0,0,0,0,0,0,0,0,0.0,0.0,0.0,0.0,0.0,big5_club
USA,FW,26,1998,30,18,1609,17.9,8,4,12,8,0,1,0,0,0.45,0.22,0.67,0.45,0.67,big5_club
FRA,FW,27,1997,32,15,1356,15.1,7,3,10,2,5,5,0,0,0.46,0.2,0.66,0.13,0.33,big5_club
GER,DF,19,2006,2,0,6,0.1,0,0,0,0,0,0,0,0,0.0,0.0,0.0,0.0,0.0,big5_club
ITA,"MF,DF",19,2005,31,27,2441,27.1,2,0,2,2,0,0,3,0,0.07,0.0,0.07,0.07,0.07,big5_club
ENG,DF,27,1997,33,31,2554,28.4,0,2,2,0,0,0,8,1,0.0,0.07,0.07,0.0,0.07,big5_club
BEL,DF,23,2002,26,19,1800,20.0,1,1,2,1,0,0,1,0,0.05,0.05,0.1,0.05,0.1,big5_club
CRO,MF,39,1985,34,32,2811,31.2,2,3,5,2,0,0,4,0,0.06,0.1,0.16,0.06,0.16,big5_club
ITA,DF,25,1999,30,28,2530,28.1,0,0,0,0,0,0,4,0,0.0,0.0,0.0,0.0,0.0,big5_club
FRA,GK,30,1995,37,37,3295,36.6,0,0,0,0,0,0,4,0,0.0,0.0,0.0,0.0,0.0,big5_club
GER,FW,32,1993,20,3,659,7.3,1,0,1,1,0,1,0,0,0.14,0.0,0.14,0.14,0.14,big5_club
ECU,MF,27,1998,19,13,1034,11.5,1,1,2,1,0,0,5,1,0.09,0.09,0.17,0.09,0.17,big5_club
ITA,GK,35,1990,2,1,125,1.4,0,0,0,0,0,0,0,0,0.0,0.0,0.0,0.0,0.0,big5_club
POR,FW,26,1999,29,23,1851,20.6,9,3,12,7,2,2,5,0,0.44,0.15,0.58,0.34,0.49,big5_club
ENG,"MF,FW",29,1996,28,12,1133,12.6,3,1,4,3,0,0,2,0,0.24,0.08,0.32,0.24,0.32,big5_club
NGA,"FW,MF",26,1999,1,0,26,0.3,0,0,0,0,0,0,0,0,0.0,0.0,0.0,0.0,0.0,big5_club
ITA,MF,23,2001,31,11,1312,14.6,1,4,5,1,0,0,3,0,0.07,0.27,0.34,0.07,0.34,big5_club
MEX,FW,24,2001,16,11,892,9.9,0,1,1,0,0,0,2,0,0.0,0.1,0.1,0.0,0.1,big5_club
SRB,DF,24,2001,34,33,2869,31.9,5,1,6,5,0,0,4,0,0.16,0.03,0.19,0.16,0.19,big5_club
FRA,MF,26,1999,33,28,2203,24.5,2,3,5,2,0,0,4,0,0.08,0.12,0.2,0.08,0.2,big5_club
USA,MF,22,2002,1,1,90,1.0,0,0,0,0,0,0,0,0,0.0,0.0,0.0,0.0,0.0,big5_club
SUI,"MF,DF",20,2004,27,7,833,9.3,2,2,4,2,0,0,3,0,0.22,0.22,0.43,0.22,0.43,big5_club
ESP,DF,20,2005,1,0,45,0.5,0,0,0,0,0,0,1,0,0.0,0.0,0.0,0.0,0.0,big5_club
ITA,DF,26,1999,33,28,2521,28.0,0,1,1,0,0,0,3,0,0.0,0.04,0.04,0.0,0.04,big5_club
ITA,GK,28,1997,11,11,979,10.9,0,1,1,0,0,0,1,0,0.0,0.09,0.09,0.0,0.09,big5_club
BRA,"MF,FW",22,2002,14,9,834,9.3,4,0,4,4,0,0,1,0,0.43,0.0,0.43,0.43,0.43,big5_club
KVX,DF,31,1994,21,21,1795,19.9,2,1,3,2,0,0,2,0,0.1,0.05,0.15,0.1,0.15,big5_club
CMR,MF,29,1995,18,14,1258,14.0,4,1,5,4,0,0,1,0,0.29,0.07,0.36,0.29,0.36,big5_club
ITA,MF,22,2003,12,8,612,6.8,1,2,3,1,0,0,2,0,0.15,0.29,0.44,0.15,0.44,big5_club
SCO,MF,24,2001,17,8,805,8.9,1,0,1,1,0,0,1,0,0.11,0.0,0.11,0.11,0.11,big5_club
BRA,"FW,MF",28,1997,16,10,922,10.2,3,3,6,3,0,0,3,0,0.29,0.29,0.59,0.29,0.59,big5_club
MKD,"MF,FW",25,1999,33,20,1783,19.8,1,3,4,1,0,0,3,0,0.05,0.15,0.2,0.05,0.2,big5_club
BRA,"MF,FW",21,2003,12,2,338,3.8,0,1,1,0,0,0,0,0,0.0,0.27,0.27,0.0,0.27,big5_club
ITA,"DF,MF",31,1993,26,26,2276,25.3,2,1,3,2,0,0,1,0,0.08,0.04,0.12,0.08,0.12,big5_club
ITA,FW,21,2003,3,0,38,0.4,0,0,0,0,0,0,0,0,0.0,0.0,0.0,0.0,0.0,big5_club
BRA,DF,34,1991,24,19,1675,18.6,0,0,0,0,0,0,10,1,0.0,0.0,0.0,0.0,0.0,big5_club
BEL,MF,34,1991,18,13,1165,12.9,5,2,7,2,3,3,1,0,0.39,0.15,0.54,0.15,0.31,big5_club
ITA,"MF,DF",32,1993,32,22,1901,21.1,3,3,6,3,0,0,2,0,0.14,0.14,0.28,0.14,0.28,big5_club
ITA,FW,24,2000,16,4,408,4.5,1,0,1,1,0,0,1,0,0.22,0.0,0.22,0.22,0.22,big5_club
ITA,DF,21,2004,2,1,119,1.3,0,1,1,0,0,0,0,0,0.0,0.76,0.76,0.0,0.76,big5_club
URU,"DF,MF",27,1997,25,15,1370,15.2,0,0,0,0,0,0,3,0,0.0,0.0,0.0,0.0,0.0,big5_club
ITA,"MF,FW",31,1993,34,26,2200,24.4,2,5,7,2,0,0,4,0,0.08,0.2,0.29,0.08,0.29,big5_club
ESP,"MF,DF",24,2001,28,15,1488,16.5,1,1,2,1,0,0,0,0,0.06,0.06,0.12,0.06,0.12,big5_club
ITA,GK,29,1996,1,0,11,0.1,0,0,0,0,0,0,0,0,0.0,0.0,0.0,0.0,0.0,big5_club
NED,"FW,MF",26,1999,18,7,666,7.4,1,2,3,1,0,0,2,0,0.14,0.27,0.41,0.14,0.41,big5_club
ITA,MF,30,1995,16,2,310,3.4,0,1,1,0,0,0,0,1,0.0,0.29,0.29,0.0,0.29,big5_club
DEN,FW,22,2003,33,32,2750,30.6,12,5,17,11,1,1,1,0,0.39,0.16,0.56,0.36,0.52,big5_club
BEL,FW,32,1993,5,0,44,0.5,1,0,1,1,0,0,1,0,2.05,0.0,2.05,2.05,2.05,big5_club
NED,DF,26,1998,24,18,1681,18.7,2,0,2,2,0,0,2,0,0.11,0.0,0.11,0.11,0.11,big5_club
SCO,MF,28,1996,33,31,2791,31.0,10,3,13,10,0,1,1,0,0.32,0.1,0.42,0.32,0.42,big5_club
SVK,MF,30,1994,32,29,2431,27.0,1,1,2,1,0,0,3,0,0.04,0.04,0.07,0.04,0.07,big5_club
SRB,GK,28,1997,27,27,2430,27.0,0,1,1,0,0,0,0,0,0.0,0.04,0.04,0.0,0.04,big5_club
SEN,DF,23,2002,11,9,780,8.7,0,0,0,0,0,0,5,1,0.0,0.0,0.0,0.0,0.0,big5_club
POL,FW,24,2000,14,5,490,5.4,1,1,2,0,1,1,1,0,0.18,0.18,0.37,0.0,0.18,big5_club
ESP,MF,24,2001,32,31,2470,27.4,3,1,4,3,0,0,0,0,0.11,0.04,0.15,0.11,0.15,big5_club
ITA,FW,19,2006,1,0,45,0.5,0,0,0,0,0,0,0,0,0.0,0.0,0.0,0.0,0.0,big5_club
AUS,DF,21,2003,31,31,2664,29.6,1,0,1,1,0,0,6,0,0.03,0.0,0.03,0.03,0.03,big5_club
USA,MF,20,2005,8,2,132,1.5,0,0,0,0,0,0,0,0,0.0,0.0,0.0,0.0,0.0,big5_club
ARG,MF,21,2004,28,12,1091,12.1,1,0,1,1,0,0,5,1,0.08,0.0,0.08,0.08,0.08,big5_club
POL,FW,19,2006,3,1,70,0.8,0,0,0,0,0,0,0,0,0.0,0.0,0.0,0.0,0.0,big5_club
ITA,GK,24,2001,17,17,1530,17.0,0,0,0,0,0,0,1,0,0.0,0.0,0.0,0.0,0.0,big5_club
ITA,"MF,DF",26,1998,34,29,2643,29.4,0,2,2,0,0,0,2,0,0.0,0.07,0.07,0.0,0.07,big5_club
ITA,"DF,MF",25,1999,35,34,2951,32.8,2,0,2,2,0,0,5,0,0.06,0.0,0.06,0.06,0.06,big5_club
ITA,GK,22,2002,1,1,90,1.0,0,0,0,0,0,0,1,0,0.0,0.0,0.0,0.0,0.0,big5_club
ITA,MF,22,2003,7,1,114,1.3,0,0,0,0,0,0,0,0,0.0,0.0,0.0,0.0,0.0,big5_club
BRA,FW,28,1997,14,13,1007,11.2,2,2,4,2,0,0,3,0,0.18,0.18,0.36,0.18,0.36,big5_club
ITA,"FW,MF",22,2002,20,8,859,9.5,1,0,1,1,0,0,1,0,0.1,0.0,0.1,0.1,0.1,big5_club
ITA,MF,25,2000,15,10,869,9.7,0,3,3,0,0,0,0,0,0.0,0.31,0.31,0.0,0.31,big5_club
BRA,MF,31,1994,4,0,73,0.8,0,0,0,0,0,0,0,0,0.0,0.0,0.0,0.0,0.0,big5_club
SWE,"FW,MF",22,2002,16,9,773,8.6,0,0,0,0,0,0,2,0,0.0,0.0,0.0,0.0,0.0,big5_club
ARG,DF,26,1999,27,25,2252,25.0,0,0,0,0,0,0,7,0,0.0,0.0,0.0,0.0,0.0,big5_club
BEL,MF,23,2002,37,36,2979,33.1,1,1,2,1,0,0,1,0,0.03,0.03,0.06,0.03,0.06,big5_club
ARG,DF,22,2003,21,18,1625,18.1,1,0,1,1,0,0,8,2,0.06,0.0,0.06,0.06,0.06,big5_club
ARG,FW,24,2001,37,34,2984,33.2,9,1,10,8,1,1,5,0,0.27,0.03,0.3,0.24,0.27,big5_club
NOR,MF,21,2003,9,5,471,5.2,0,0,0,0,0,0,0,0,0.0,0.0,0.0,0.0,0.0,big5_club
BIH,FW,35,1990,12,0,74,0.8,0,0,0,0,0,0,0,0,0.0,0.0,0.0,0.0,0.0,big5_club
ARG,MF,29,1995,32,9,1049,11.7,0,1,1,0,0,0,2,0,0.0,0.09,0.09,0.0,0.09,big5_club
FRA,FW,24,2001,9,2,309,3.4,2,1,3,2,0,0,0,0,0.58,0.29,0.87,0.58,0.87,big5_club
DEN,MF,23,2002,34,19,1840,20.4,1,1,2,1,0,0,2,0,0.05,0.05,0.1,0.05,0.1,big5_club
ITA,FW,27,1998,15,11,888,9.9,1,0,1,1,0,0,0,0,0.1,0.0,0.1,0.1,0.1,big5_club
SWE,MF,26,1999,13,4,457,5.1,0,1,1,0,0,0,0,0,0.0,0.2,0.2,0.0,0.2,big5_club
SUI,"MF,DF",18,2006,29,22,2095,23.3,0,2,2,0,0,0,7,1,0.0,0.09,0.09,0.0,0.09,big5_club
SVN,MF,22,2003,1,0,1,0.0,0,0,0,0,0,0,0,0,0.0,0.0,0.0,0.0,0.0,big5_club
JPN,GK,22,2002,20,20,1800,20.0,0,0,0,0,0,0,1,0,0.0,0.0,0.0,0.0,0.0,big5_club
CRO,GK,27,1998,25,25,2250,25.0,0,0,0,0,0,0,0,0,0.0,0.0,0.0,0.0,0.0,big5_club
ITA,DF,35,1990,35,34,3073,34.1,2,0,2,2,0,0,10,0,0.06,0.0,0.06,0.06,0.06,big5_club
ITA,DF,29,1996,26,17,1514,16.8,0,0,0,0,0,0,8,0,0.0,0.0,0.0,0.0,0.0,big5_club
ITA,MF,17,2007,1,0,14,0.2,0,0,0,0,0,0,0,0,0.0,0.0,0.0,0.0,0.0,big5_club
NED,"FW,MF",26,1998,4,0,46,0.5,0,0,0,0,0,0,0,0,0.0,0.0,0.0,0.0,0.0,big5_club
SUI,DF,21,2004,2,2,122,1.4,0,0,0,0,0,0,1,0,0.0,0.0,0.0,0.0,0.0,big5_club
NGA,MF,20,2004,24,16,1444,16.0,0,1,1,0,0,0,2,0,0.0,0.06,0.06,0.0,0.06,big5_club
CHI,MF,24,2000,11,6,538,6.0,1,0,1,1,0,0,0,1,0.17,0.0,0.17,0.17,0.17,big5_club
SUI,"FW,MF",25,2000,13,8,658,7.3,0,0,0,0,0,0,0,0,0.0,0.0,0.0,0.0,0.0,big5_club
ITA,DF,20,2005,7,5,458,5.1,0,0,0,0,0,0,3,0,0.0,0.0,0.0,0.0,0.0,big5_club
ITA,MF,24,2001,25,5,875,9.7,0,0,0,0,0,0,3,0,0.0,0.0,0.0,0.0,0.0,big5_club
ITA,"DF,MF",22,2003,9,6,494,5.5,0,0,0,0,0,0,1,0,0.0,0.0,0.0,0.0,0.0,big5_club
DEN,FW,21,2003,28,15,1515,16.8,2,0,2,2,0,0,2,0,0.12,0.0,0.12,0.12,0.12,big5_club
GER,MF,27,1998,32,26,2279,25.3,1,0,1,1,0,0,4,1,0.04,0.0,0.04,0.04,0.04,big5_club
COL,MF,37,1988,19,2,506,5.6,1,0,1,0,1,1,3,0,0.18,0.0,0.18,0.0,0.0,big5_club
BRA,FW,19,2006,9,0,122,1.4,1,0,1,1,0,0,0,0,0.74,0.0,0.74,0.74,0.74,big5_club
CZE,FW,17,2007,4,0,32,0.4,0,0,0,0,0,0,0,0,0.0,0.0,0.0,0.0,0.0,big5_club
ANG,FW,28,1996,16,11,1052,11.7,3,0,3,1,2,3,1,1,0.26,0.0,0.26,0.09,0.09,big5_club
DEN,MF,24,2001,17,9,850,9.4,0,0,0,0,0,0,2,0,0.0,0.0,0.0,0.0,0.0,big5_club
ROU,MF,26,1998,23,18,1281,14.2,0,0,0,0,0,0,7,0,0.0,0.0,0.0,0.0,0.0,big5_club
BRA,DF,21,2004,3,3,198,2.2,0,0,0,0,0,0,1,0,0.0,0.0,0.0,0.0,0.0,big5_club
FRA,"MF,FW",25,2000,27,21,1600,17.8,2,2,4,1,1,1,3,0,0.11,0.11,0.23,0.06,0.17,big5_club
ALG,MF,27,1998,34,21,1900,21.1,2,3,5,2,0,0,2,0,0.09,0.14,0.24,0.09,0.24,big5_club
SUI,MF,28,1997,35,33,2892,32.1,1,2,3,1,0,0,8,0,0.03,0.06,0.09,0.03,0.09,big5_club
BRA,GK,37,1988,6,6,540,6.0,0,0,0,0,0,0,0,0,0.0,0.0,0.0,0.0,0.0,big5_club
NGA,FW,22,2003,12,4,432,4.8,1,1,2,1,0,0,1,1,0.21,0.21,0.42,0.21,0.42,big5_club
ESP,DF,39,1985,8,5,500,5.6,0,1,1,0,0,0,1,0,0.0,0.18,0.18,0.0,0.18,big5_club
BUL,DF,20,2005,9,8,610,6.8,0,0,0,0,0,0,3,1,0.0,0.0,0.0,0.0,0.0,big5_club
ENG,MF,21,2003,5,1,110,1.2,0,0,0,0,0,0,0,0,0.0,0.0,0.0,0.0,0.0,big5_club
ITA,MF,21,2003,35,30,2599,28.9,0,2,2,0,0,0,2,0,0.0,0.07,0.07,0.0,0.07,big5_club
ITA,DF,24,2000,37,36,3201,35.6,1,0,1,1,0,0,4,0,0.03,0.0,0.03,0.03,0.03,big5_club
ITA,GK,29,1996,7,7,630,7.0,0,0,0,0,0,0,0,0,0.0,0.0,0.0,0.0,0.0,big5_club
ITA,"FW,MF",32,1993,37,29,2307,25.6,7,1,8,5,2,2,2,0,0.27,0.04,0.31,0.2,0.23,big5_club
POR,"DF,MF",23,2002,1,0,14,0.2,0,0,0,0,0,0,0,0,0.0,0.0,0.0,0.0,0.0,big5_club
TUR,MF,19,2006,15,9,752,8.4,0,0,0,0,0,0,4,0,0.0,0.0,0.0,0.0,0.0,big5_club
SUI,MF,19,2006,2,0,8,0.1,0,0,0,0,0,0,0,0,0.0,0.0,0.0,0.0,0.0,big5_club
ESP,MF,28,1997,7,5,416,4.6,0,0,0,0,0,0,2,0,0.0,0.0,0.0,0.0,0.0,big5_club
ITA,FW,16,2009,2,0,23,0.3,0,0,0,0,0,0,0,0,0.0,0.0,0.0,0.0,0.0,big5_club
UKR,FW,28,1997,14,3,393,4.4,3,1,4,3,0,0,0,0,0.69,0.23,0.92,0.69,0.92,big5_club
ITA,MF,30,1995,37,36,3094,34.4,2,1,3,2,0,0,6,0,0.06,0.03,0.09,0.06,0.09,big5_club
ESP,MF,23,2001,4,2,135,1.5,0,1,1,0,0,0,1,0,0.0,0.67,0.67,0.0,0.67,big5_club
ITA,DF,22,2003,23,9,1097,12.2,0,0,0,0,0,0,1,0,0.0,0.0,0.0,0.0,0.0,big5_club
NED,MF,22,2003,24,12,1184,13.2,1,4,5,1,0,0,1,0,0.08,0.3,0.38,0.08,0.38,big5_club
NED,FW,26,1999,18,18,1467,16.3,14,2,16,11,3,4,1,0,0.86,0.12,0.98,0.67,0.8,big5_club
IRL,FW,20,2004,16,10,773,8.6,3,2,5,3,0,0,1,0,0.35,0.23,0.58,0.35,0.58,big5_club
ITA,DF,29,1996,36,36,3059,34.0,4,2,6,4,0,0,9,0,0.12,0.06,0.18,0.12,0.18,big5_club
POL,DF,20,2005,18,5,517,5.7,0,0,0,0,0,0,3,0,0.0,0.0,0.0,0.0,0.0,big5_club
GRE,MF,29,1996,18,6,644,7.2,0,0,0,0,0,0,1,0,0.0,0.0,0.0,0.0,0.0,big5_club
JAM,FW,27,1997,7,1,186,2.1,0,0,0,0,0,0,0,0,0.0,0.0,0.0,0.0,0.0,big5_club
ITA,MF,29,1996,24,20,1463,16.3,4,2,6,2,2,2,2,0,0.25,0.12,0.37,0.12,0.25,big5_club
ITA,MF,19,2006,10,1,207,2.3,0,0,0,0,0,0,0,0,0.0,0.0,0.0,0.0,0.0,big5_club
FRA,MF,24,2001,29,28,2456,27.3,2,3,5,2,0,0,2,0,0.07,0.11,0.18,0.07,0.18,big5_club
ESP,DF,30,1995,27,25,2085,23.2,3,2,5,3,0,0,9,0,0.13,0.09,0.22,0.13,0.22,big5_club
ARG,"MF,FW",22,2003,33,28,2139,23.8,6,5,11,6,0,0,1,0,0.25,0.21,0.46,0.25,0.46,big5_club
SRB,GK,25,1999,38,38,3420,38.0,0,0,0,0,0,0,0,0,0.0,0.0,0.0,0.0,0.0,big5_club
MAR,MF,24,2001,25,8,999,11.1,1,2,3,1,0,0,5,0,0.09,0.18,0.27,0.09,0.27,big5_club
ITA,MF,20,2004,25,13,1295,14.4,2,4,6,2,0,0,3,0,0.14,0.28,0.42,0.14,0.42,big5_club
CIV,DF,25,1999,31,31,2680,29.8,3,0,3,3,0,0,5,0,0.1,0.0,0.1,0.1,0.1,big5_club
ARG,"MF,FW",31,1993,22,15,1354,15.0,2,6,8,2,0,1,0,0,0.13,0.4,0.53,0.13,0.53,big5_club
FRA,FW,18,2007,12,0,216,2.4,1,0,1,1,0,0,0,0,0.42,0.0,0.42,0.42,0.42,big5_club
ITA,"MF,FW",32,1992,20,5,666,7.4,1,2,3,1,0,0,4,0,0.14,0.27,0.41,0.14,0.41,big5_club
ITA,"FW,MF",22,2003,10,3,386,4.3,1,0,1,1,0,0,2,0,0.23,0.0,0.23,0.23,0.23,big5_club
BRA,MF,21,2003,30,28,2448,27.2,5,0,5,5,0,0,7,2,0.18,0.0,0.18,0.18,0.18,big5_club
TUR,"MF,DF",28,1997,34,32,2723,30.3,1,2,3,1,0,0,2,1,0.03,0.07,0.1,0.03,0.1,big5_club
GAM,FW,23,2001,28,8,987,11.0,2,1,3,2,0,0,5,0,0.18,0.09,0.27,0.18,0.27,big5_club
ITA,MF,25,2000,1,0,10,0.1,0,0,0,0,0,0,0,0,0.0,0.0,0.0,0.0,0.0,big5_club
ITA,FW,26,1999,36,32,2552,28.4,9,3,12,9,0,1,2,1,0.32,0.11,0.42,0.32,0.42,big5_club
KVX,GK,26,1998,32,32,2880,32.0,0,0,0,0,0,0,4,0,0.0,0.0,0.0,0.0,0.0,big5_club
FRA,FW,26,1998,38,33,2592,28.8,7,9,16,7,0,0,4,0,0.24,0.31,0.56,0.24,0.56,big5_club
BEL,MF,22,2002,16,9,690,7.7,0,0,0,0,0,0,2,0,0.0,0.0,0.0,0.0,0.0,big5_club
NED,DF,24,2000,1,0,1,0.0,0,0,0,0,0,0,0,0,0.0,0.0,0.0,0.0,0.0,big5_club
ITA,MF,18,2006,1,0,3,0.0,0,0,0,0,0,0,0,0,0.0,0.0,0.0,0.0,0.0,big5_club
ITA,FW,21,2003,24,11,1064,11.8,2,4,6,2,0,0,4,0,0.17,0.34,0.51,0.17,0.51,big5_club
ROU,MF,26,1998,2,2,135,1.5,0,0,0,0,0,0,0,0,0.0,0.0,0.0,0.0,0.0,big5_club
FRA,MF,17,2007,6,1,128,1.4,0,1,1,0,0,0,0,0,0.0,0.7,0.7,0.0,0.7,big5_club
ITA,FW,30,1994,26,24,1958,21.8,8,4,12,6,2,3,2,1,0.37,0.18,0.55,0.28,0.46,big5_club
ITA,MF,24,2001,15,1,260,2.9,1,0,1,1,0,0,3,0,0.35,0.0,0.35,0.35,0.35,big5_club
GNB,DF,27,1998,12,5,509,5.7,0,0,0,0,0,0,2,0,0.0,0.0,0.0,0.0,0.0,big5_club
ITA,DF,28,1997,5,4,313,3.5,0,0,0,0,0,0,0,0,0.0,0.0,0.0,0.0,0.0,big5_club
ITA,GK,22,2003,1,0,8,0.1,0,0,0,0,0,0,0,0,0.0,0.0,0.0,0.0,0.0,big5_club
CAN,MF,23,2002,35,33,2737,30.4,6,0,6,6,0,0,5,1,0.2,0.0,0.2,0.2,0.2,big5_club
IDN,DF,25,2000,35,35,3061,34.0,0,0,0,0,0,0,2,0,0.0,0.0,0.0,0.0,0.0,big5_club
SCO,DF,23,2002,30,22,1917,21.3,0,0,0,0,0,0,5,0,0.0,0.0,0.0,0.0,0.0,big5_club
NOR,MF,26,1999,32,27,2460,27.3,4,4,8,4,0,0,9,0,0.15,0.15,0.29,0.15,0.29,big5_club
DEN,FW,22,2002,1,0,10,0.1,0,0,0,0,0,0,0,0,0.0,0.0,0.0,0.0,0.0,big5_club
ITA,MF,20,2005,24,10,1034,11.5,0,1,1,0,0,0,3,0,0.0,0.09,0.09,0.0,0.09,big5_club
ITA,FW,24,2001,14,1,211,2.3,0,0,0,0,0,0,1,0,0.0,0.0,0.0,0.0,0.0,big5_club
ANG,FW,28,1996,14,4,473,5.3,1,1,2,1,0,0,1,0,0.19,0.19,0.38,0.19,0.38,big5_club
SRB,MF,36,1988,34,31,2660,29.6,1,1,2,1,0,0,7,1,0.03,0.03,0.07,0.03,0.07,big5_club
ITA,"FW,MF",26,1998,11,0,142,1.6,0,0,0,0,0,0,1,0,0.0,0.0,0.0,0.0,0.0,big5_club
BRA,DF,21,2004,3,1,129,1.4,0,1,1,0,0,0,0,0,0.0,0.7,0.7,0.0,0.7,big5_club
POL,DF,25,2000,34,33,2852,31.7,0,1,1,0,0,0,7,0,0.0,0.03,0.03,0.0,0.03,big5_club
ITA,GK,23,2001,6,6,532,5.9,0,0,0,0,0,0,0,0,0.0,0.0,0.0,0.0,0.0,big5_club
BIH,DF,22,2003,32,32,2835,31.5,2,2,4,2,0,0,7,0,0.06,0.06,0.13,0.06,0.13,big5_club
ITA,DF,19,2006,1,1,90,1.0,0,0,0,0,0,0,1,0,0.0,0.0,0.0,0.0,0.0,big5_club
SUI,DF,29,1996,13,10,943,10.5,1,2,3,1,0,0,3,0,0.1,0.19,0.29,0.1,0.29,big5_club
MAR,FW,27,1998,16,1,221,2.5,1,0,1,1,0,0,1,0,0.41,0.0,0.41,0.41,0.41,big5_club
MLI,DF,26,1999,20,9,1054,11.7,0,0,0,0,0,0,2,0,0.0,0.0,0.0,0.0,0.0,big5_club
MAR,DF,31,1994,5,2,235,2.6,0,1,1,0,0,0,0,0,0.0,0.38,0.38,0.0,0.38,big5_club
CMR,DF,31,1994,24,12,1120,12.4,0,0,0,0,0,0,3,0,0.0,0.0,0.0,0.0,0.0,big5_club
ITA,GK,32,1992,29,29,2610,29.0,0,0,0,0,0,0,1,0,0.0,0.0,0.0,0.0,0.0,big5_club
FRA,DF,21,2004,2,0,21,0.2,0,0,0,0,0,0,0,0,0.0,0.0,0.0,0.0,0.0,big5_club
SWE,"MF,FW",20,2005,15,2,299,3.3,1,1,2,1,0,0,2,0,0.3,0.3,0.6,0.3,0.6,big5_club
ALB,DF,28,1996,25,21,1906,21.2,0,1,1,0,0,0,5,0,0.0,0.05,0.05,0.0,0.05,big5_club
ITA,MF,22,2003,33,19,1997,22.2,6,0,6,6,0,0,5,0,0.27,0.0,0.27,0.27,0.27,big5_club
SCO,FW,29,1996,33,19,1893,21.0,6,2,8,6,0,0,0,0,0.29,0.1,0.38,0.29,0.38,big5_club
ITA,"MF,DF",32,1992,14,5,517,5.7,0,0,0,0,0,0,0,0,0.0,0.0,0.0,0.0,0.0,big5_club
BEL,FW,25,2000,20,11,994,11.0,1,1,2,1,0,0,2,0,0.09,0.09,0.18,0.09,0.18,big5_club
COL,FW,34,1991,28,11,1103,12.3,3,1,4,3,0,1,0,0,0.24,0.08,0.33,0.24,0.33,big5_club
TUR,MF,21,2004,19,13,1001,11.1,1,2,3,1,0,0,2,1,0.09,0.18,0.27,0.09,0.27,big5_club
CMR,DF,26,1999,13,13,1115,12.4,0,1,1,0,0,0,3,0,0.0,0.08,0.08,0.0,0.08,big5_club
ENG,MF,23,2001,15,1,289,3.2,0,0,0,0,0,0,1,0,0.0,0.0,0.0,0.0,0.0,big5_club
URU,GK,25,2000,9,9,810,9.0,0,0,0,0,0,0,1,0,0.0,0.0,0.0,0.0,0.0,big5_club
ARG,FW,30,1995,32,27,2230,24.8,11,0,11,11,0,0,1,0,0.44,0.0,0.44,0.44,0.44,big5_club
CHI,DF,31,1994,27,24,2145,23.8,2,0,2,2,0,0,4,0,0.08,0.0,0.08,0.08,0.08,big5_club
LTU,MF,21,2004,29,23,1756,19.5,0,1,1,0,0,0,5,0,0.0,0.05,0.05,0.0,0.05,big5_club
SRB,MF,24,2001,8,5,416,4.6,0,0,0,0,0,0,2,0,0.0,0.0,0.0,0.0,0.0,big5_club
ALB,MF,23,2002,15,13,1129,12.5,0,0,0,0,0,1,3,0,0.0,0.0,0.0,0.0,0.0,big5_club
ITA,DF,21,2004,10,6,575,6.4,0,0,0,0,0,0,2,0,0.0,0.0,0.0,0.0,0.0,big5_club
NOR,"MF,DF",25,2000,29,23,2134,23.7,1,2,3,1,0,0,3,0,0.04,0.08,0.13,0.04,0.13,big5_club
ITA,MF,21,2003,13,7,614,6.8,0,1,1,0,0,0,2,0,0.0,0.15,0.15,0.0,0.15,big5_club
FRA,"MF,DF",24,2000,11,3,355,3.9,0,1,1,0,0,0,3,0,0.0,0.25,0.25,0.0,0.25,big5_club
CRO,"MF,FW",27,1997,37,36,3043,33.8,8,3,11,3,5,5,7,0,0.24,0.09,0.33,0.09,0.18,big5_club
ESP,MF,21,2004,16,14,1116,12.4,1,3,4,1,0,0,1,0,0.08,0.24,0.32,0.08,0.32,big5_club
CRO,FW,25,1999,13,3,300,3.3,0,1,1,0,0,0,2,0,0.0,0.3,0.3,0.0,0.3,big5_club
EQG,DF,26,1999,35,35,3088,34.3,1,1,2,1,0,0,3,0,0.03,0.03,0.06,0.03,0.06,big5_club
AUT,MF,29,1996,31,26,2252,25.0,0,2,2,0,0,0,4,0,0.0,0.08,0.08,0.0,0.08,big5_club
MAR,MF,25,2000,15,6,511,5.7,0,0,0,0,0,0,4,0,0.0,0.0,0.0,0.0,0.0,big5_club
FRA,MF,16,2008,1,0,12,0.1,0,0,0,0,0,0,0,0,0.0,0.0,0.0,0.0,0.0,big5_club
POL,FW,29,1996,25,6,922,10.2,3,0,3,3,0,0,3,0,0.29,0.0,0.29,0.29,0.29,big5_club
ITA,MF,24,2000,19,16,1280,14.2,1,2,3,1,0,0,1,0,0.07,0.14,0.21,0.07,0.21,big5_club
FRA,MF,22,2003,32,29,2557,28.4,5,3,8,5,0,0,3,0,0.18,0.11,0.28,0.18,0.28,big5_club
CRO,DF,18,2007,7,2,166,1.8,0,0,0,0,0,0,2,0,0.0,0.0,0.0,0.0,0.0,big5_club
BEL,DF,34,1991,30,28,2247,25.0,3,0,3,3,0,0,5,1,0.12,0.0,0.12,0.12,0.12,big5_club
ITA,GK,39,1985,2,2,180,2.0,0,0,0,0,0,0,0,0,0.0,0.0,0.0,0.0,0.0,big5_club
CIV,"MF,DF",31,1994,26,22,1861,20.7,0,2,2,0,0,0,5,0,0.0,0.1,0.1,0.0,0.1,big5_club
SEN,FW,18,2006,19,1,421,4.7,1,0,1,1,0,0,2,0,0.21,0.0,0.21,0.21,0.21,big5_club
ESP,FW,20,2005,8,3,206,2.3,1,0,1,1,0,0,1,0,0.44,0.0,0.44,0.44,0.44,big5_club
POL,MF,27,1997,33,20,1696,18.8,1,1,2,1,0,0,2,0,0.05,0.05,0.11,0.05,0.11,big5_club
SWE,MF,30,1995,36,36,3146,35.0,1,0,1,1,0,0,6,0,0.03,0.0,0.03,0.03,0.03,big5_club
ZIM,"MF,DF",25,1999,17,13,1127,12.5,0,1,1,0,0,0,3,0,0.0,0.08,0.08,0.0,0.08,big5_club
COL,MF,19,2005,10,1,191,2.1,0,0,0,0,0,0,0,0,0.0,0.0,0.0,0.0,0.0,big5_club
NED,MF,25,2000,31,27,2186,24.3,5,3,8,5,0,0,1,0,0.21,0.12,0.33,0.21,0.33,big5_club
ENG,FW,27,1998,30,27,2065,22.9,10,4,14,6,4,4,5,0,0.44,0.17,0.61,0.26,0.44,big5_club
NED,"MF,DF",30,1995,32,20,1811,20.1,2,0,2,2,0,0,5,0,0.1,0.0,0.1,0.1,0.1,big5_club
SCO,MF,18,2006,24,9,996,11.1,0,2,2,0,0,0,4,0,0.0,0.18,0.18,0.0,0.18,big5_club
NGA,GK,25,1999,30,30,2616,29.1,0,0,0,0,0,0,1,1,0.0,0.0,0.0,0.0,0.0,big5_club
GER,DF,17,2008,5,1,120,1.3,0,0,0,0,0,0,0,0,0.0,0.0,0.0,0.0,0.0,big5_club
ITA,"DF,MF",22,2003,28,18,1763,19.6,0,1,1,0,0,0,3,0,0.0,0.05,0.05,0.0,0.05,big5_club
ITA,"FW,MF",26,1999,32,28,2257,25.1,5,6,11,5,0,0,8,0,0.2,0.24,0.44,0.2,0.44,big5_club
ESP,MF,26,1999,24,2,475,5.3,0,0,0,0,0,0,2,0,0.0,0.0,0.0,0.0,0.0,big5_club
FRA,DF,25,2000,35,34,2959,32.9,3,1,4,2,1,1,1,0,0.09,0.03,0.12,0.06,0.09,big5_club
ROU,GK,23,2002,7,6,620,6.9,0,0,0,0,0,0,1,0,0.0,0.0,0.0,0.0,0.0,big5_club
ANG,MF,25,1999,3,0,119,1.3,0,1,1,0,0,0,0,0,0.0,0.76,0.76,0.0,0.76,big5_club
GEO,DF,21,2004,8,4,424,4.7,0,0,0,0,0,0,2,0,0.0,0.0,0.0,0.0,0.0,big5_club
SVN,MF,27,1998,6,1,161,1.8,0,1,1,0,0,0,1,0,0.0,0.56,0.56,0.0,0.56,big5_club
DEN,DF,23,2002,28,28,2472,27.5,3,0,3,3,0,0,4,0,0.11,0.0,0.11,0.11,0.11,big5_club
CIV,FW,28,1997,15,4,453,5.0,0,2,2,0,0,0,0,0,0.0,0.4,0.4,0.0,0.4,big5_club
